Data,Ticker,Abertura,Maximo,Minimo,Fechamento,Fechamento_Ajustado,Volume
2023-09-11,PETR4,33.470001220703125,33.689998626708984,33.33000183105469,33.369998931884766,22.124805450439453,30276200
2023-09-12,PETR4,33.54999923706055,33.779998779296875,33.4900016784668,33.529998779296875,22.23088836669922,31963000
2023-09-13,PETR4,33.650001525878906,33.70000076293945,33.029998779296875,33.029998779296875,21.899381637573242,47685700
2023-09-14,PETR4,33.099998474121094,34.0,33.099998474121094,33.869998931884766,22.45631217956543,46502100
2023-09-15,PETR4,33.869998931884766,33.9900016784668,33.61000061035156,33.88999938964844,22.469573974609375,54801500
2023-09-18,PETR4,34.0,34.709999084472656,33.849998474121094,34.130001068115234,22.628700256347656,52363400
2023-09-19,PETR4,34.209999084472656,34.619998931884766,34.06999969482422,34.209999084472656,22.681743621826172,43247200
2023-09-20,PETR4,34.150001525878906,34.61000061035156,34.0099983215332,34.290000915527344,22.734785079956055,39102300
2023-09-21,PETR4,34.0,34.290000915527344,33.630001068115234,33.7599983215332,22.383380889892578,60109400
2023-09-22,PETR4,34.02000045776367,34.189998626708984,33.810001373291016,34.029998779296875,22.562397003173828,31020500
2023-09-25,PETR4,33.95000076293945,34.33000183105469,33.93000030517578,34.25,22.70825958251953,26767200
2023-09-26,PETR4,34.0,34.09000015258789,33.459999084472656,33.459999084472656,22.184478759765625,60687500
2023-09-27,PETR4,33.86000061035156,34.52000045776367,33.779998779296875,34.52000045776367,22.887271881103516,53708700
2023-09-28,PETR4,34.45000076293945,34.540000915527344,34.209999084472656,34.45000076293945,22.840866088867188,30765000
2023-09-29,PETR4,34.5,34.689998626708984,34.25,34.63999938964844,22.966838836669922,40227600
2023-10-02,PETR4,34.54999923706055,34.77000045776367,33.93000030517578,34.119998931884766,22.622068405151367,34403400
2023-10-03,PETR4,33.970001220703125,34.22999954223633,33.630001068115234,33.970001220703125,22.522619247436523,37947300
2023-10-04,PETR4,33.599998474121094,33.709999084472656,32.38999938964844,32.619998931884766,21.627546310424805,88895900
2023-10-05,PETR4,32.5099983215332,32.939998626708984,32.290000915527344,32.72999954223633,21.700481414794922,35342000
2023-10-06,PETR4,32.599998474121094,33.81999969482422,32.33000183105469,33.5099983215332,22.217628479003906,48132800
2023-10-09,PETR4,34.150001525878906,35.08000183105469,34.099998474121094,34.95000076293945,23.1723690032959,77528400
2023-10-10,PETR4,34.900001525878906,35.34000015258789,34.7400016784668,35.209999084472656,23.344755172729492,48326500
2023-10-11,PETR4,35.13999938964844,35.25,34.4900016784668,35.119998931884766,23.28508186340332,41578500
2023-10-13,PETR4,35.790000915527344,36.36000061035156,35.779998779296875,36.279998779296875,24.054180145263672,66943700
2023-10-16,PETR4,36.400001525878906,36.79999923706055,35.959999084472656,36.68000030517578,24.319387435913086,49626600
2023-10-17,PETR4,36.70000076293945,37.66999816894531,36.630001068115234,37.66999816894531,24.975767135620117,68814800
2023-10-18,PETR4,37.9900016784668,38.61000061035156,37.90999984741211,38.52000045776367,25.53933334350586,85931700
2023-10-19,PETR4,38.36000061035156,38.470001220703125,37.91999816894531,38.34000015258789,25.41998863220215,56016600
2023-10-20,PETR4,38.689998626708984,38.86000061035156,37.38999938964844,37.849998474121094,25.095109939575195,66242400
2023-10-23,PETR4,36.59000015258789,36.79999923706055,35.2599983215332,35.349998474121094,23.43757438659668,104499100
2023-10-24,PETR4,35.650001525878906,36.189998626708984,35.16999816894531,35.880001068115234,23.788976669311523,78634900
2023-10-25,PETR4,36.08000183105469,36.279998779296875,35.75,36.06999969482422,23.914949417114258,32846500
2023-10-26,PETR4,35.849998474121094,35.93000030517578,35.150001525878906,35.70000076293945,23.66963005065918,47858600
2023-10-27,PETR4,36.209999084472656,36.459999084472656,35.16999816894531,35.439998626708984,23.49724578857422,45843100
2023-10-30,PETR4,35.58000183105469,35.720001220703125,34.86000061035156,35.08000183105469,23.258567810058594,31346900
2023-10-31,PETR4,35.0099983215332,35.18000030517578,34.4900016784668,34.7400016784668,23.03313446044922,36965200
2023-11-01,PETR4,35.02000045776367,35.540000915527344,34.900001525878906,35.119998931884766,23.28508186340332,46335300
2023-11-03,PETR4,35.790000915527344,35.88999938964844,35.04999923706055,35.540000915527344,23.563549041748047,30959700
2023-11-06,PETR4,35.7400016784668,36.130001068115234,35.5099983215332,35.5099983215332,23.543659210205078,33583600
2023-11-07,PETR4,35.06999969482422,35.41999816894531,34.65999984741211,34.91999816894531,23.15247917175293,48919900
2023-11-08,PETR4,34.599998474121094,34.79999923706055,33.90999984741211,34.16999816894531,22.65521812438965,59742900
2023-11-09,PETR4,34.5,35.150001525878906,34.36000061035156,34.880001068115234,23.12596321105957,56231100
2023-11-10,PETR4,34.65999984741211,35.060001373291016,34.5099983215332,34.720001220703125,23.019878387451172,40004800
2023-11-13,PETR4,34.68000030517578,35.75,34.66999816894531,35.689998626708984,23.663005828857422,44120000
2023-11-14,PETR4,35.689998626708984,36.2400016784668,35.4900016784668,36.18000030517578,23.987882614135742,50888600
2023-11-16,PETR4,35.97999954223633,36.4900016784668,35.5,35.54999923706055,23.57018280029297,72361200
2023-11-17,PETR4,35.83000183105469,36.91999816894531,35.81999969482422,36.709999084472656,24.339277267456055,87666300
2023-11-20,PETR4,36.77000045776367,37.220001220703125,36.27000045776367,36.7400016784668,24.359167098999023,67796900
2023-11-21,PETR4,36.540000915527344,36.540000915527344,35.90999984741211,36.36000061035156,24.10722541809082,49597800
2023-11-22,PETR4,34.900001525878906,35.15999984741211,34.25,35.15999984741211,24.22521209716797,58578300
2023-11-23,PETR4,35.130001068115234,35.25,34.810001373291016,35.16999816894531,24.232099533081055,24068100
2023-11-24,PETR4,34.97999954223633,35.81999969482422,34.709999084472656,35.27000045776367,24.301002502441406,53456200
2023-11-27,PETR4,35.0,35.400001525878906,34.75,35.06999969482422,24.16320037841797,36996000
2023-11-28,PETR4,35.16999816894531,35.619998931884766,35.150001525878906,35.599998474121094,24.528369903564453,36875900
2023-11-29,PETR4,35.900001525878906,36.029998779296875,34.939998626708984,35.22999954223633,24.273439407348633,37528600
2023-11-30,PETR4,35.459999084472656,35.91999816894531,35.2400016784668,35.90999984741211,24.74196434020996,58808800
2023-12-01,PETR4,35.720001220703125,36.0,35.529998779296875,35.66999816894531,24.576601028442383,36388100
2023-12-04,PETR4,35.439998626708984,35.54999923706055,34.849998474121094,34.90999984741211,24.052961349487305,35601900
2023-12-05,PETR4,34.91999816894531,35.16999816894531,34.68000030517578,34.75,23.942724227905273,43234200
2023-12-06,PETR4,34.54999923706055,34.79999923706055,33.5,33.5,23.08147621154785,64179200
2023-12-07,PETR4,33.650001525878906,34.18000030517578,33.040000915527344,33.41999816894531,23.02635383605957,64723900
2023-12-08,PETR4,33.709999084472656,34.540000915527344,33.47999954223633,34.4900016784668,23.763586044311523,53290700
2023-12-11,PETR4,34.459999084472656,34.689998626708984,34.2400016784668,34.36000061035156,23.67401123046875,30613300
2023-12-12,PETR4,34.54999923706055,34.599998474121094,33.79999923706055,34.08000183105469,23.481094360351562,30371500
2023-12-13,PETR4,34.209999084472656,34.619998931884766,34.13999938964844,34.56999969482422,23.818702697753906,38992900
2023-12-14,PETR4,35.0,35.7400016784668,34.84000015258789,35.31999969482422,24.335451126098633,57950000
2023-12-15,PETR4,35.279998779296875,35.790000915527344,35.0,35.400001525878906,24.39057731628418,56570100
2023-12-18,PETR4,35.75,36.29999923706055,35.58000183105469,35.84000015258789,24.69373321533203,44474300
2023-12-19,PETR4,35.959999084472656,36.25,35.810001373291016,36.25,24.976221084594727,32183000
2023-12-20,PETR4,36.369998931884766,36.7400016784668,36.290000915527344,36.380001068115234,25.06578826904297,38947900
2023-12-21,PETR4,36.66999816894531,36.68000030517578,36.06999969482422,36.38999938964844,25.072681427001953,30511900
2023-12-22,PETR4,36.5,36.79999923706055,36.369998931884766,36.7400016784668,25.313827514648438,31234700
2023-12-26,PETR4,36.86000061035156,37.369998931884766,36.83000183105469,37.33000183105469,25.720340728759766,23466800
2023-12-27,PETR4,37.31999969482422,37.43000030517578,37.130001068115234,37.36000061035156,25.741010665893555,19588500
2023-12-28,PETR4,37.22999954223633,37.36000061035156,37.040000915527344,37.2400016784668,25.65833282470703,21421900
2024-01-02,PETR4,37.439998626708984,37.88999938964844,37.400001525878906,37.779998779296875,26.030391693115234,24043800
2024-01-03,PETR4,37.79999923706055,39.119998931884766,37.66999816894531,38.959999084472656,26.84341049194336,52300200
2024-01-04,PETR4,39.119998931884766,39.349998474121094,38.5099983215332,38.630001068115234,26.616039276123047,45344900
2024-01-05,PETR4,38.869998931884766,39.13999938964844,38.40999984741211,38.720001220703125,26.67805290222168,35783700
2024-01-08,PETR4,38.380001068115234,38.43000030517578,37.61000061035156,38.43000030517578,26.478246688842773,35158100
2024-01-09,PETR4,38.66999816894531,38.75,38.029998779296875,38.099998474121094,26.250869750976562,27279000
2024-01-10,PETR4,38.099998474121094,38.27000045776367,37.5099983215332,37.75,26.009719848632812,27382000
2024-01-11,PETR4,37.97999954223633,38.150001525878906,37.70000076293945,38.06999969482422,26.230199813842773,26564400
2024-01-12,PETR4,38.5,38.72999954223633,38.16999816894531,38.16999816894531,26.299102783203125,24479500
2024-01-15,PETR4,37.9900016784668,38.619998931884766,37.86000061035156,38.58000183105469,26.581588745117188,13818300
2024-01-16,PETR4,38.61000061035156,38.790000915527344,38.08000183105469,38.099998474121094,26.250869750976562,31277700
2024-01-17,PETR4,37.970001220703125,38.150001525878906,37.81999969482422,37.880001068115234,26.099294662475586,27577300
2024-01-18,PETR4,38.13999938964844,38.13999938964844,37.560001373291016,37.72999954223633,25.99593734741211,22987200
2024-01-19,PETR4,37.810001373291016,37.900001525878906,37.22999954223633,37.529998779296875,25.858139038085938,31745200
2024-01-22,PETR4,37.5,37.810001373291016,37.22999954223633,37.70000076293945,25.975271224975586,22753700
2024-01-23,PETR4,37.84000015258789,38.369998931884766,37.43000030517578,38.16999816894531,26.299102783203125,32498500
2024-01-24,PETR4,38.290000915527344,38.540000915527344,37.77000045776367,37.880001068115234,26.099294662475586,25415300
2024-01-25,PETR4,38.2599983215332,39.279998779296875,38.130001068115234,39.279998779296875,27.063888549804688,48655300
2024-01-26,PETR4,39.099998474121094,40.09000015258789,38.90999984741211,39.959999084472656,27.53240966796875,41378200
2024-01-29,PETR4,40.0,40.59000015258789,39.83000183105469,40.56999969482422,27.95269775390625,30547500
2024-01-30,PETR4,40.16999816894531,40.7400016784668,40.04999923706055,40.31999969482422,27.78044319152832,34829000
2024-01-31,PETR4,40.22999954223633,41.2400016784668,40.18000030517578,40.7599983215332,28.083608627319336,57978900
2024-02-01,PETR4,40.779998779296875,41.880001068115234,40.66999816894531,41.56999969482422,28.64169692993164,61629200
2024-02-02,PETR4,41.58000183105469,41.779998779296875,41.02000045776367,41.029998779296875,28.269638061523438,36485600
2024-02-05,PETR4,41.0099983215332,41.68000030517578,40.93000030517578,41.209999084472656,28.393657684326172,27703000
2024-02-06,PETR4,41.45000076293945,42.349998474121094,41.27000045776367,41.59000015258789,28.65547752380371,35474600
2024-02-07,PETR4,41.52000045776367,42.20000076293945,41.41999816894531,42.20000076293945,29.075769424438477,30648100
2024-02-08,PETR4,42.29999923706055,42.45000076293945,41.86000061035156,41.86000061035156,28.841508865356445,25589100
2024-02-09,PETR4,42.13999938964844,42.33000183105469,41.29999923706055,41.29999923706055,28.455669403076172,30388000
2024-02-14,PETR4,41.099998474121094,41.400001525878906,40.86000061035156,40.9900016784668,28.242074966430664,18315300
2024-02-15,PETR4,41.0099983215332,42.29999923706055,40.849998474121094,42.29999923706055,29.14466667175293,33246400
2024-02-16,PETR4,42.09000015258789,42.88999938964844,42.060001373291016,42.689998626708984,29.413372039794922,37268900
2024-02-19,PETR4,42.7599983215332,42.939998626708984,42.560001373291016,42.900001525878906,29.558063507080078,12826700
2024-02-20,PETR4,42.77000045776367,42.81999969482422,42.099998474121094,42.45000076293945,29.248018264770508,42375400
2024-02-21,PETR4,42.45000076293945,42.720001220703125,42.130001068115234,42.5099983215332,29.289356231689453,20873800
2024-02-22,PETR4,42.66999816894531,42.68000030517578,41.79999923706055,42.189998626708984,29.068876266479492,32162800
2024-02-23,PETR4,42.13999938964844,42.2400016784668,41.61000061035156,41.900001525878906,28.869068145751953,43924500
2024-02-26,PETR4,41.900001525878906,42.72999954223633,41.83000183105469,42.689998626708984,29.413372039794922,25885700
2024-02-27,PETR4,42.70000076293945,42.81999969482422,42.380001068115234,42.630001068115234,29.372037887573242,27678100
2024-02-28,PETR4,42.52000045776367,42.939998626708984,39.83000183105469,40.43000030517578,27.85624122619629,112322000
2024-02-29,PETR4,40.59000015258789,41.2400016784668,39.849998474121094,40.13999938964844,27.656423568725586,61899800
2024-03-01,PETR4,40.349998474121094,40.849998474121094,40.13999938964844,40.18000030517578,27.683988571166992,31248500
2024-03-04,PETR4,40.27000045776367,40.75,40.02000045776367,40.08000183105469,27.615093231201172,21988000
2024-03-05,PETR4,40.099998474121094,40.369998931884766,39.61000061035156,39.959999084472656,27.53240966796875,30293300
2024-03-06,PETR4,40.20000076293945,40.84000015258789,40.11000061035156,40.84000015258789,28.138729095458984,45481000
2024-03-07,PETR4,40.63999938964844,40.939998626708984,40.279998779296875,40.38999938964844,27.828676223754883,50199800
2024-03-08,PETR4,35.900001525878906,37.060001373291016,35.099998474121094,36.70000076293945,25.286272048950195,230369800
2024-03-11,PETR4,35.66999816894531,37.7400016784668,35.29999923706055,35.650001525878906,24.562824249267578,127528700
2024-03-12,PETR4,36.349998474121094,37.22999954223633,36.15999984741211,36.81999969482422,25.36895179748535,76139100
2024-03-13,PETR4,36.900001525878906,37.33000183105469,36.310001373291016,36.380001068115234,25.06578826904297,45140600
2024-03-14,PETR4,36.7400016784668,36.91999816894531,36.150001525878906,36.220001220703125,24.95555305480957,39983400
2024-03-15,PETR4,36.29999923706055,36.45000076293945,35.939998626708984,36.31999969482422,25.024450302124023,59362500
2024-03-18,PETR4,36.40999984741211,36.720001220703125,35.5,36.34000015258789,25.03823471069336,35326100
2024-03-19,PETR4,36.38999938964844,36.849998474121094,35.560001373291016,36.06999969482422,24.852203369140625,48540800
2024-03-20,PETR4,36.22999954223633,36.7400016784668,35.810001373291016,36.70000076293945,25.286272048950195,39017900
2024-03-21,PETR4,36.849998474121094,37.060001373291016,35.68000030517578,35.70000076293945,24.597270965576172,47220200
2024-03-22,PETR4,35.900001525878906,36.220001220703125,35.43000030517578,36.04999923706055,24.838420867919922,34426800
2024-03-25,PETR4,36.18000030517578,36.83000183105469,36.15999984741211,36.599998474121094,25.217370986938477,26951500
2024-03-26,PETR4,36.66999816894531,36.66999816894531,36.16999816894531,36.2599983215332,24.983108520507812,24837800
2024-03-27,PETR4,36.279998779296875,36.65999984741211,36.119998931884766,36.54999923706055,25.182918548583984,19995700
2024-03-28,PETR4,36.5,37.52000045776367,36.470001220703125,37.36000061035156,25.741010665893555,31958200
2024-04-01,PETR4,37.5,37.709999084472656,37.209999084472656,37.650001525878906,25.94082260131836,23697800
2024-04-02,PETR4,37.81999969482422,38.650001525878906,37.77000045776367,38.619998931884766,26.609146118164062,45930700
2024-04-03,PETR4,38.70000076293945,39.0099983215332,38.220001220703125,38.41999816894531,26.471349716186523,31437200
2024-04-04,PETR4,38.470001220703125,39.47999954223633,37.43000030517578,37.97999954223633,26.168190002441406,165566800
2024-04-05,PETR4,37.900001525878906,38.56999969482422,37.16999816894531,38.099998474121094,26.250869750976562,65469200
2024-04-08,PETR4,38.029998779296875,39.060001373291016,37.72999954223633,38.630001068115234,26.616039276123047,36384400
2024-04-09,PETR4,38.900001525878906,39.13999938964844,38.060001373291016,38.72999954223633,26.6849365234375,36989300
2024-04-10,PETR4,38.72999954223633,39.72999954223633,38.65999984741211,39.59000015258789,27.277475357055664,55821500
2024-04-11,PETR4,39.599998474121094,39.7599983215332,39.20000076293945,39.29999923706055,27.077674865722656,33195300
2024-04-12,PETR4,39.720001220703125,40.04999923706055,38.70000076293945,38.939998626708984,26.829627990722656,39613500
2024-04-15,PETR4,38.939998626708984,39.45000076293945,38.630001068115234,39.310001373291016,27.08456039428711,28692000
2024-04-16,PETR4,39.0099983215332,39.709999084472656,38.95000076293945,39.4900016784668,27.20858383178711,37303000
2024-04-17,PETR4,39.4900016784668,39.95000076293945,39.34000015258789,39.779998779296875,27.408388137817383,39221700
2024-04-18,PETR4,40.0,40.59000015258789,39.650001525878906,39.849998474121094,27.456619262695312,45078800
2024-04-19,PETR4,40.04999923706055,41.06999969482422,39.84000015258789,40.529998779296875,27.925134658813477,80546900
2024-04-22,PETR4,40.7599983215332,41.59000015258789,40.52000045776367,41.5,28.593467712402344,51775500
2024-04-23,PETR4,41.400001525878906,41.630001068115234,40.959999084472656,41.41999816894531,28.53835105895996,35456900
2024-04-24,PETR4,41.54999923706055,41.9900016784668,41.209999084472656,41.22999954223633,28.40743637084961,45388300
2024-04-25,PETR4,41.400001525878906,42.47999954223633,41.08000183105469,42.220001220703125,29.08954429626465,66372400
2024-04-26,PETR4,41.290000915527344,41.779998779296875,41.06999969482422,41.650001525878906,29.500375747680664,31899100
2024-04-29,PETR4,41.47999954223633,42.150001525878906,41.31999969482422,42.150001525878906,29.854522705078125,27886000
2024-04-30,PETR4,42.0,42.209999084472656,41.619998931884766,42.02000045776367,29.76244354248047,36635400
2024-05-02,PETR4,42.25,42.380001068115234,41.84000015258789,42.18000030517578,29.875774383544922,33244700
2024-05-03,PETR4,40.689998626708984,40.689998626708984,39.45000076293945,39.88999938964844,29.495723724365234,45114200
2024-05-06,PETR4,39.869998931884766,40.36000061035156,39.720001220703125,40.15999984741211,29.69536590576172,22977200
2024-05-07,PETR4,40.150001525878906,40.650001525878906,40.0,40.650001525878906,30.05768585205078,23808600
2024-05-08,PETR4,40.349998474121094,41.33000183105469,40.310001373291016,41.27000045776367,30.51612663269043,25352000
2024-05-09,PETR4,41.060001373291016,41.84000015258789,40.939998626708984,41.66999816894531,30.811901092529297,27206400
2024-05-10,PETR4,41.84000015258789,42.09000015258789,41.5,41.58000183105469,30.74534797668457,27968700
2024-05-13,PETR4,41.7400016784668,41.970001220703125,41.5099983215332,41.619998931884766,30.774925231933594,18394300
2024-05-14,PETR4,40.7599983215332,41.29999923706055,40.15999984741211,40.869998931884766,30.220354080200195,53613200
2024-05-15,PETR4,37.599998474121094,38.810001373291016,37.5,38.400001525878906,28.393972396850586,131281100
2024-05-16,PETR4,38.29999923706055,38.650001525878906,37.2400016784668,37.279998779296875,27.56581687927246,83168500
2024-05-17,PETR4,37.349998474121094,37.41999816894531,36.5099983215332,36.689998626708984,27.129552841186523,67207900
2024-05-20,PETR4,36.72999954223633,37.2400016784668,36.630001068115234,36.75,27.173925399780273,40400400
2024-05-21,PETR4,36.790000915527344,37.09000015258789,36.56999969482422,36.68000030517578,27.122159957885742,27967400
2024-05-22,PETR4,36.5,37.459999084472656,36.40999984741211,37.18000030517578,27.49187469482422,36528800
2024-05-23,PETR4,37.439998626708984,37.709999084472656,36.56999969482422,36.810001373291016,27.218286514282227,47987800
2024-05-24,PETR4,37.06999969482422,37.189998626708984,36.56999969482422,36.61000061035156,27.07040023803711,23684700
2024-05-27,PETR4,36.720001220703125,37.08000183105469,36.689998626708984,37.0099983215332,27.366172790527344,13623300
2024-05-28,PETR4,37.439998626708984,38.290000915527344,37.40999984741211,37.79999923706055,27.950315475463867,46437700
2024-05-29,PETR4,37.709999084472656,37.91999816894531,37.439998626708984,37.75,27.913349151611328,29246800
2024-05-31,PETR4,37.93000030517578,38.88999938964844,37.900001525878906,38.790000915527344,28.682350158691406,53929400
2024-06-03,PETR4,38.83000183105469,38.93000030517578,38.439998626708984,38.58000183105469,28.527067184448242,43454500
2024-06-04,PETR4,38.400001525878906,38.43000030517578,37.70000076293945,38.150001525878906,28.209117889404297,34090200
2024-06-05,PETR4,38.2599983215332,38.43000030517578,38.06999969482422,38.20000076293945,28.2460880279541,18627100
2024-06-06,PETR4,38.279998779296875,38.720001220703125,38.27000045776367,38.380001068115234,28.379186630249023,25944100
2024-06-07,PETR4,38.220001220703125,38.470001220703125,36.86000061035156,36.939998626708984,27.314411163330078,46003600
2024-06-10,PETR4,37.189998626708984,38.060001373291016,37.119998931884766,37.5,27.728487014770508,32560900
2024-06-11,PETR4,37.810001373291016,38.0,37.5,37.65999984741211,27.846799850463867,31131300
2024-06-12,PETR4,36.95000076293945,37.04999923706055,35.61000061035156,35.81999969482422,27.240869522094727,52182400
2024-06-13,PETR4,35.900001525878906,36.189998626708984,34.849998474121094,35.459999084472656,26.967090606689453,46233500
2024-06-14,PETR4,35.4900016784668,35.5,34.150001525878906,34.68000030517578,26.3739070892334,53534900
2024-06-17,PETR4,34.40999984741211,35.130001068115234,34.27000045776367,34.810001373291016,26.472774505615234,40941800
2024-06-18,PETR4,34.88999938964844,36.13999938964844,34.81999969482422,35.900001525878906,27.301712036132812,36180700
2024-06-19,PETR4,35.900001525878906,36.119998931884766,35.56999969482422,35.93000030517578,27.324527740478516,20776200
2024-06-20,PETR4,36.220001220703125,36.88999938964844,36.20000076293945,36.5,27.75800323486328,39442900
2024-06-21,PETR4,36.54999923706055,36.959999084472656,36.380001068115234,36.689998626708984,27.902496337890625,43340200
2024-06-24,PETR4,36.84000015258789,37.060001373291016,36.47999954223633,37.060001373291016,28.183887481689453,24599400
2024-06-25,PETR4,37.04999923706055,37.119998931884766,36.7599983215332,37.029998779296875,28.161060333251953,18572600
2024-06-26,PETR4,36.79999923706055,37.119998931884766,36.709999084472656,37.09000015258789,28.206693649291992,25553200
2024-06-27,PETR4,37.5099983215332,37.959999084472656,37.31999969482422,37.709999084472656,28.678207397460938,37731000
2024-06-28,PETR4,37.79999923706055,38.16999816894531,37.709999084472656,38.04999923706055,28.936767578125,22019700
2024-07-01,PETR4,38.310001373291016,38.7599983215332,38.18000030517578,38.630001068115234,29.377859115600586,24963500
2024-07-02,PETR4,38.83000183105469,39.099998474121094,38.439998626708984,38.5099983215332,29.286592483520508,33346200
2024-07-03,PETR4,38.70000076293945,38.790000915527344,37.7599983215332,37.84000015258789,28.777070999145508,38509400
2024-07-04,PETR4,37.900001525878906,37.959999084472656,37.119998931884766,37.31999969482422,28.381607055664062,32698800
2024-07-05,PETR4,37.45000076293945,37.650001525878906,37.11000061035156,37.52000045776367,28.533708572387695,32758800
2024-07-08,PETR4,37.47999954223633,38.52000045776367,37.290000915527344,38.439998626708984,29.233356475830078,48845900
2024-07-09,PETR4,38.45000076293945,38.70000076293945,38.27000045776367,38.43000030517578,29.22576332092285,34832500
2024-07-10,PETR4,38.4900016784668,38.560001373291016,37.97999954223633,38.06999969482422,28.951984405517578,32899700
2024-07-11,PETR4,38.15999984741211,38.45000076293945,38.11000061035156,38.33000183105469,29.149709701538086,17229400
2024-07-12,PETR4,38.43000030517578,38.5099983215332,38.13999938964844,38.150001525878906,29.012821197509766,15779100
2024-07-15,PETR4,38.29999923706055,38.72999954223633,38.20000076293945,38.5,29.27899169921875,22969200
2024-07-16,PETR4,38.349998474121094,38.5,38.11000061035156,38.400001525878906,29.202943801879883,19637000
2024-07-17,PETR4,38.43000030517578,38.689998626708984,38.34000015258789,38.599998474121094,29.35504150390625,24606100
2024-07-18,PETR4,38.5,38.65999984741211,38.349998474121094,38.529998779296875,29.301809310913086,21315500
2024-07-19,PETR4,38.5,38.77000045776367,38.38999938964844,38.689998626708984,29.423480987548828,30593100
2024-07-22,PETR4,38.59000015258789,38.59000015258789,37.880001068115234,37.91999816894531,28.83790397644043,25807800
2024-07-23,PETR4,37.91999816894531,38.0,37.43000030517578,37.43000030517578,28.465259552001953,25284700
2024-07-24,PETR4,37.65999984741211,38.0,37.5,37.72999954223633,28.693410873413086,23863800
2024-07-25,PETR4,37.560001373291016,37.75,37.27000045776367,37.68000030517578,28.65538215637207,19562600
2024-07-26,PETR4,37.66999816894531,38.130001068115234,37.41999816894531,37.63999938964844,28.624967575073242,32043200
2024-07-29,PETR4,37.5099983215332,37.720001220703125,36.41999816894531,36.880001068115234,28.046995162963867,39790000
2024-07-30,PETR4,36.5099983215332,36.77000045776367,36.38999938964844,36.650001525878906,27.872079849243164,16040700
2024-07-31,PETR4,37.04999923706055,37.40999984741211,36.959999084472656,37.40999984741211,28.450056076049805,28561100
2024-08-01,PETR4,37.75,37.83000183105469,36.790000915527344,36.84000015258789,28.016571044921875,29756300
2024-08-02,PETR4,36.720001220703125,36.79999923706055,35.72999954223633,35.72999954223633,27.172426223754883,36483900
2024-08-05,PETR4,34.79999923706055,35.70000076293945,34.599998474121094,35.70000076293945,27.14961051940918,44765900
2024-08-06,PETR4,35.599998474121094,36.65999984741211,35.34000015258789,36.31999969482422,27.621116638183594,36009000
2024-08-07,PETR4,36.70000076293945,36.75,36.0,36.27000045776367,27.583093643188477,25020500
2024-08-08,PETR4,36.349998474121094,36.95000076293945,36.15999984741211,36.849998474121094,28.0241756439209,29870300
2024-08-09,PETR4,36.130001068115234,36.95000076293945,35.58000183105469,36.5099983215332,27.76561164855957,66082100
2024-08-12,PETR4,36.79999923706055,37.810001373291016,36.79999923706055,37.34000015258789,28.396820068359375,39655100
2024-08-13,PETR4,37.529998779296875,37.630001068115234,36.970001220703125,37.11000061035156,28.221904754638672,28557200
2024-08-14,PETR4,37.189998626708984,38.0,37.15999984741211,37.7599983215332,28.716222763061523,37955500
2024-08-15,PETR4,38.04999923706055,38.560001373291016,38.0,38.34000015258789,29.15731430053711,33409000
2024-08-16,PETR4,38.16999816894531,38.77000045776367,38.029998779296875,38.5,29.27899169921875,35472700
2024-08-19,PETR4,38.599998474121094,38.790000915527344,38.400001525878906,38.439998626708984,29.233356475830078,28138200
2024-08-20,PETR4,38.5,38.68000030517578,37.88999938964844,38.290000915527344,29.119285583496094,27322600
2024-08-21,PETR4,38.68000030517578,38.790000915527344,37.939998626708984,38.060001373291016,28.944377899169922,38491900
2024-08-22,PETR4,37.279998779296875,37.29999923706055,36.86000061035156,37.119998931884766,29.032915115356445,26334300
2024-08-23,PETR4,37.369998931884766,37.529998779296875,36.88999938964844,36.88999938964844,28.8530216217041,29239000
2024-08-26,PETR4,37.86000061035156,39.61000061035156,37.709999084472656,39.56999969482422,30.949142456054688,102270300
2024-08-27,PETR4,39.25,39.369998931884766,38.95000076293945,39.040000915527344,30.534618377685547,35073100
2024-08-28,PETR4,38.939998626708984,39.86000061035156,38.779998779296875,39.599998474121094,30.972610473632812,43284500
2024-08-29,PETR4,39.650001525878906,39.83000183105469,39.279998779296875,39.33000183105469,30.761438369750977,25356600
2024-08-30,PETR4,39.220001220703125,39.650001525878906,38.880001068115234,39.369998931884766,30.792722702026367,84437200
2024-09-02,PETR4,39.33000183105469,39.400001525878906,38.88999938964844,39.0,30.50333023071289,15288400
2024-09-03,PETR4,38.790000915527344,38.81999969482422,38.380001068115234,38.529998779296875,30.135725021362305,35866300
2024-09-04,PETR4,38.7400016784668,38.91999816894531,38.52000045776367,38.540000915527344,30.1435489654541,28851300
2024-09-05,PETR4,38.650001525878906,38.88999938964844,38.29999923706055,38.29999923706055,29.955839157104492,26206600
2024-09-06,PETR4,38.369998931884766,38.45000076293945,37.470001220703125,37.54999923706055,29.369232177734375,32971700
2024-09-09,PETR4,37.84000015258789,38.25,37.61000061035156,37.959999084472656,29.68990707397461,30521800
2024-09-10,PETR4,37.91999816894531,37.91999816894531,37.0,37.33000183105469,29.197166442871094,37263500
2024-09-11,PETR4,37.7599983215332,37.83000183105469,36.869998931884766,37.290000915527344,29.165878295898438,32907000
2024-09-12,PETR4,37.290000915527344,37.31999969482422,36.75,36.869998931884766,28.83738136291504,22103300
2024-09-13,PETR4,37.11000061035156,37.54999923706055,36.59000015258789,36.70000076293945,28.704416275024414,34729600
2024-09-16,PETR4,37.2400016784668,37.720001220703125,37.15999984741211,37.209999084472656,29.103307723999023,22614800
2024-09-17,PETR4,37.16999816894531,37.189998626708984,36.70000076293945,37.040000915527344,28.970346450805664,23443700
2024-09-18,PETR4,36.90999984741211,36.93000030517578,36.150001525878906,36.150001525878906,28.27424430847168,38777000
2024-09-19,PETR4,36.56999969482422,36.779998779296875,36.189998626708984,36.27000045776367,28.36809730529785,25059700
2024-09-20,PETR4,36.27000045776367,36.400001525878906,36.06999969482422,36.2599983215332,28.360275268554688,48336200
2024-09-23,PETR4,36.38999938964844,36.959999084472656,36.220001220703125,36.630001068115234,28.649667739868164,28218500
2024-09-24,PETR4,37.22999954223633,37.310001373291016,36.720001220703125,36.779998779296875,28.766984939575195,35104100
2024-09-25,PETR4,37.099998474121094,37.43000030517578,36.959999084472656,37.04999923706055,28.978164672851562,38655300
2024-09-26,PETR4,36.91999816894531,36.91999816894531,35.970001220703125,36.25,28.352455139160156,58048200
2024-09-27,PETR4,36.380001068115234,36.380001068115234,35.93000030517578,36.11000061035156,28.242956161499023,34537400
2024-09-30,PETR4,36.15999984741211,36.279998779296875,35.91999816894531,36.0099983215332,28.164743423461914,21146300
2024-10-01,PETR4,36.0099983215332,37.52000045776367,35.83000183105469,36.970001220703125,28.915592193603516,49748200
2024-10-02,PETR4,37.75,37.93000030517578,37.349998474121094,37.47999954223633,29.314485549926758,32014500
2024-10-03,PETR4,37.439998626708984,38.040000915527344,37.209999084472656,37.939998626708984,29.67426300048828,31033000
2024-10-04,PETR4,38.150001525878906,38.20000076293945,37.66999816894531,37.84000015258789,29.59604835510254,22526800
2024-10-07,PETR4,38.040000915527344,38.380001068115234,37.900001525878906,38.369998931884766,30.01058578491211,36418000
2024-10-08,PETR4,37.470001220703125,37.75,37.45000076293945,37.599998474121094,29.408334732055664,34142000
2024-10-09,PETR4,37.369998931884766,37.52000045776367,37.0099983215332,37.220001220703125,29.111125946044922,30789800
2024-10-10,PETR4,37.400001525878906,37.7400016784668,37.31999969482422,37.650001525878906,29.447450637817383,20630100
2024-10-11,PETR4,37.599998474121094,37.650001525878906,37.31999969482422,37.619998931884766,29.423978805541992,16343000
2024-10-14,PETR4,37.470001220703125,37.900001525878906,37.349998474121094,37.709999084472656,29.494373321533203,22279000
2024-10-15,PETR4,37.209999084472656,37.40999984741211,37.060001373291016,37.400001525878906,29.251914978027344,28204600
2024-10-16,PETR4,37.54999923706055,37.58000183105469,37.189998626708984,37.209999084472656,29.103307723999023,23041200
2024-10-17,PETR4,37.209999084472656,37.209999084472656,36.689998626708984,36.93000030517578,28.884307861328125,22174300
2024-10-18,PETR4,36.97999954223633,37.06999969482422,36.40999984741211,36.83000183105469,28.806095123291016,32000800
2024-10-21,PETR4,37.0,37.04999923706055,36.20000076293945,36.25,28.352455139160156,28390000
2024-10-22,PETR4,36.20000076293945,36.29999923706055,35.9900016784668,36.11000061035156,28.242956161499023,29144300
2024-10-23,PETR4,35.90999984741211,35.939998626708984,35.56999969482422,35.65999984741211,27.890993118286133,30769100
2024-10-24,PETR4,35.849998474121094,36.029998779296875,35.560001373291016,35.900001525878906,28.078706741333008,23058900
2024-10-25,PETR4,35.959999084472656,36.4900016784668,35.849998474121094,36.150001525878906,28.27424430847168,32585900
2024-10-28,PETR4,35.4900016784668,36.130001068115234,35.34000015258789,36.09000015258789,28.227313995361328,27507100
2024-10-29,PETR4,36.33000183105469,36.41999816894531,35.79999923706055,36.0099983215332,28.164743423461914,26090200
2024-10-30,PETR4,36.119998931884766,36.369998931884766,35.849998474121094,35.849998474121094,28.03959846496582,26144700
2024-10-31,PETR4,35.869998931884766,36.04999923706055,35.630001068115234,35.90999984741211,28.086530685424805,25597000
2024-11-01,PETR4,36.20000076293945,36.369998931884766,35.29999923706055,35.41999816894531,27.703279495239258,30605300
2024-11-04,PETR4,35.900001525878906,35.95000076293945,35.380001068115234,35.5,27.765853881835938,24003600
2024-11-05,PETR4,35.5,35.599998474121094,35.029998779296875,35.38999938964844,27.6798152923584,23990600
2024-11-06,PETR4,35.04999923706055,35.459999084472656,35.040000915527344,35.400001525878906,27.687639236450195,28440800
2024-11-07,PETR4,35.4900016784668,35.88999938964844,35.27000045776367,35.5099983215332,27.773670196533203,34081200
2024-11-08,PETR4,35.849998474121094,36.31999969482422,35.540000915527344,36.18000030517578,28.29770851135254,49865100
2024-11-11,PETR4,35.9900016784668,36.41999816894531,35.900001525878906,36.25,28.352455139160156,21446300
2024-11-12,PETR4,36.36000061035156,37.11000061035156,36.34000015258789,36.93000030517578,28.884307861328125,39412300
2024-11-13,PETR4,36.95000076293945,37.06999969482422,36.529998779296875,36.880001068115234,28.845199584960938,34090000
2024-11-14,PETR4,36.91999816894531,37.33000183105469,36.86000061035156,37.27000045776367,29.150230407714844,30262100
2024-11-18,PETR4,37.20000076293945,38.29999923706055,37.20000076293945,38.20000076293945,29.87762451171875,39004100
2024-11-19,PETR4,38.099998474121094,38.29999923706055,37.650001525878906,37.79999923706055,29.56476593017578,26002700
2024-11-21,PETR4,37.970001220703125,38.130001068115234,37.54999923706055,37.90999984741211,29.650806427001953,36048400
2024-11-22,PETR4,38.709999084472656,39.83000183105469,38.470001220703125,39.41999816894531,30.831830978393555,85234900
2024-11-25,PETR4,39.380001068115234,39.86000061035156,39.150001525878906,39.18000030517578,30.644119262695312,41119500
2024-11-26,PETR4,39.36000061035156,39.5099983215332,39.060001373291016,39.130001068115234,30.60500717163086,35188200
2024-11-27,PETR4,39.20000076293945,39.36000061035156,38.75,38.9900016784668,30.49551010131836,30600700
2024-11-28,PETR4,38.810001373291016,39.29999923706055,38.380001068115234,38.59000015258789,30.18265724182129,33113500
2024-11-29,PETR4,38.5,39.220001220703125,38.40999984741211,38.900001525878906,30.425121307373047,44011700
2024-12-02,PETR4,38.900001525878906,39.400001525878906,38.77000045776367,39.150001525878906,30.620649337768555,31711800
2024-12-03,PETR4,39.400001525878906,39.5,39.08000183105469,39.5,30.89439582824707,22536200
2024-12-04,PETR4,39.5,39.86000061035156,38.97999954223633,39.25,30.698862075805664,31584400
2024-12-05,PETR4,39.38999938964844,39.810001373291016,39.209999084472656,39.63999938964844,31.00389862060547,25214200
2024-12-06,PETR4,39.63999938964844,39.70000076293945,38.959999084472656,39.029998779296875,30.52679443359375,31118500
2024-12-09,PETR4,39.380001068115234,40.16999816894531,39.36000061035156,40.040000915527344,31.316753387451172,28548700
2024-12-10,PETR4,40.29999923706055,40.43000030517578,40.11000061035156,40.189998626708984,31.43406867980957,21837600
2024-12-11,PETR4,40.349998474121094,40.7599983215332,39.95000076293945,40.59000015258789,31.746929168701172,46900900
2024-12-12,PETR4,38.720001220703125,38.88999938964844,38.119998931884766,38.34000015258789,31.17909049987793,38310600
2024-12-13,PETR4,38.599998474121094,38.72999954223633,37.91999816894531,38.099998474121094,30.98391342163086,23235400
2024-12-16,PETR4,38.189998626708984,38.2599983215332,37.83000183105469,37.939998626708984,30.85379409790039,21349400
2024-12-17,PETR4,37.939998626708984,38.4900016784668,37.83000183105469,38.29999923706055,31.146560668945312,39617200
2024-12-18,PETR4,38.279998779296875,38.400001525878906,37.310001373291016,37.310001373291016,30.341463088989258,58126400
2024-12-19,PETR4,37.65999984741211,37.93000030517578,36.97999954223633,37.15999984741211,30.219478607177734,43268400
2024-12-20,PETR4,37.15999984741211,37.349998474121094,36.709999084472656,36.849998474121094,29.96738052368164,59277400
2024-12-23,PETR4,37.0,37.04999923706055,36.720001220703125,36.86000061035156,29.975507736206055,43785600
2024-12-26,PETR4,35.630001068115234,36.0,35.599998474121094,35.77000045776367,30.200849533081055,22920700
2024-12-27,PETR4,36.0,36.0,35.61000061035156,35.65999984741211,30.10797691345215,24167200
2024-12-30,PETR4,35.779998779296875,36.369998931884766,35.77000045776367,36.189998626708984,30.55545997619629,22355600
2025-01-02,PETR4,36.41999816894531,37.09000015258789,36.189998626708984,36.77000045776367,31.045156478881836,30046800
2025-01-03,PETR4,36.880001068115234,37.040000915527344,36.31999969482422,36.380001068115234,30.71588134765625,23314200
2025-01-06,PETR4,36.599998474121094,36.689998626708984,36.060001373291016,36.209999084472656,30.572343826293945,23760200
2025-01-07,PETR4,36.54999923706055,37.25,36.29999923706055,36.97999954223633,31.222455978393555,37753300
2025-01-08,PETR4,36.9900016784668,37.119998931884766,36.43000030517578,36.68000030517578,30.969167709350586,24483500
2025-01-09,PETR4,36.70000076293945,36.970001220703125,36.70000076293945,36.84000015258789,31.104259490966797,11526600
2025-01-10,PETR4,37.25,37.52000045776367,36.900001525878906,36.939998626708984,31.188690185546875,40328800
2025-01-13,PETR4,37.29999923706055,37.529998779296875,36.970001220703125,37.06999969482422,31.29844856262207,22897100
2025-01-14,PETR4,37.11000061035156,37.130001068115234,36.58000183105469,36.81999969482422,31.087371826171875,29173100
2025-01-15,PETR4,36.93000030517578,37.31999969482422,36.79999923706055,37.290000915527344,31.48419761657715,32512700
2025-01-16,PETR4,37.209999084472656,37.2400016784668,36.77000045776367,37.04999923706055,31.281558990478516,26733200
2025-01-17,PETR4,37.0099983215332,37.400001525878906,36.849998474121094,37.20000076293945,31.408206939697266,39941100
2025-01-20,PETR4,37.220001220703125,37.43000030517578,37.11000061035156,37.290000915527344,31.48419761657715,13912800
2025-01-21,PETR4,37.099998474121094,37.349998474121094,36.720001220703125,37.29999923706055,31.492639541625977,23612200
2025-01-22,PETR4,37.36000061035156,37.630001068115234,37.029998779296875,37.09000015258789,31.315338134765625,21832200
2025-01-23,PETR4,37.119998931884766,37.40999984741211,36.70000076293945,36.83000183105469,31.09581756591797,26725700
2025-01-24,PETR4,36.880001068115234,36.900001525878906,36.400001525878906,36.63999938964844,30.935396194458008,16216500
2025-01-27,PETR4,36.56999969482422,37.29999923706055,36.470001220703125,37.18000030517578,31.391328811645508,29809700
2025-01-28,PETR4,37.400001525878906,37.4900016784668,36.880001068115234,37.130001068115234,31.349109649658203,27621700
2025-01-29,PETR4,37.20000076293945,37.33000183105469,36.7599983215332,36.900001525878906,31.15492057800293,18204400
2025-01-30,PETR4,37.040000915527344,37.5099983215332,36.79999923706055,37.38999938964844,31.56863021850586,30916000
2025-01-31,PETR4,37.38999938964844,38.369998931884766,37.25,37.689998626708984,31.821918487548828,37044800
2025-02-03,PETR4,37.7599983215332,37.810001373291016,37.380001068115234,37.5,31.66150665283203,24877600
2025-02-04,PETR4,37.29999923706055,37.349998474121094,36.81999969482422,37.130001068115234,31.349109649658203,34290300
2025-02-05,PETR4,37.04999923706055,37.06999969482422,36.75,36.86000061035156,31.121143341064453,20539800
2025-02-06,PETR4,36.84000015258789,37.119998931884766,36.70000076293945,36.790000915527344,31.062044143676758,17512400
2025-02-07,PETR4,36.86000061035156,37.029998779296875,36.369998931884766,36.58000183105469,30.884742736816406,21438700
2025-02-10,PETR4,36.810001373291016,37.029998779296875,36.720001220703125,36.83000183105469,31.09581756591797,17483300
2025-02-11,PETR4,37.0099983215332,37.09000015258789,36.68000030517578,36.83000183105469,31.09581756591797,16624300
2025-02-12,PETR4,36.650001525878906,36.75,36.11000061035156,36.279998779296875,30.63144874572754,37364500
2025-02-13,PETR4,36.20000076293945,36.33000183105469,36.02000045776367,36.31999969482422,30.66521453857422,15351300
2025-02-14,PETR4,36.439998626708984,37.58000183105469,36.400001525878906,37.439998626708984,31.610841751098633,40322000
2025-02-17,PETR4,37.63999938964844,37.91999816894531,37.470001220703125,37.66999816894531,31.80503273010254,22615200
2025-02-18,PETR4,37.720001220703125,38.439998626708984,37.709999084472656,38.36000061035156,32.38760757446289,44062600
2025-02-19,PETR4,38.11000061035156,38.65999984741211,37.869998931884766,38.439998626708984,32.45515060424805,32648200
2025-02-20,PETR4,38.41999816894531,38.56999969482422,38.310001373291016,38.5,32.50580596923828,26641200
2025-02-21,PETR4,38.529998779296875,38.529998779296875,38.16999816894531,38.38999938964844,32.41293716430664,30115200
2025-02-24,PETR4,38.5,38.5099983215332,37.79999923706055,38.119998931884766,32.184967041015625,27830300
2025-02-25,PETR4,38.119998931884766,38.439998626708984,37.83000183105469,37.95000076293945,32.04143524169922,31960900
2025-02-26,PETR4,38.25,38.25,37.75,37.95000076293945,32.04143524169922,27420200
2025-02-27,PETR4,36.36000061035156,36.7400016784668,35.47999954223633,36.61000061035156,30.910072326660156,129693500
2025-02-28,PETR4,36.4900016784668,36.54999923706055,35.810001373291016,35.93000030517578,30.335939407348633,55476800
2025-03-05,PETR4,35.02000045776367,35.11000061035156,34.54999923706055,34.619998931884766,29.229896545410156,48552000
2025-03-06,PETR4,34.810001373291016,35.119998931884766,34.029998779296875,34.2599983215332,28.925947189331055,47749600
2025-03-07,PETR4,34.290000915527344,34.93000030517578,34.22999954223633,34.630001068115234,29.238340377807617,28074700
2025-03-10,PETR4,34.58000183105469,34.619998931884766,34.0,34.619998931884766,29.229896545410156,35037200
2025-03-11,PETR4,34.75,34.900001525878906,33.90999984741211,34.099998474121094,28.790857315063477,28805400
2025-03-12,PETR4,34.15999984741211,34.400001525878906,33.959999084472656,34.099998474121094,28.790857315063477,20149100
2025-03-13,PETR4,34.18000030517578,34.540000915527344,34.040000915527344,34.439998626708984,29.077922821044922,19263600
2025-03-14,PETR4,34.599998474121094,35.7599983215332,34.369998931884766,35.5,29.97288703918457,41529400
2025-03-17,PETR4,35.61000061035156,36.40999984741211,35.599998474121094,36.15999984741211,30.53013038635254,31175900
2025-03-18,PETR4,36.189998626708984,36.40999984741211,35.90999984741211,36.189998626708984,30.55545997619629,15086400
2025-03-19,PETR4,36.27000045776367,36.33000183105469,36.029998779296875,36.15999984741211,30.53013038635254,21180500
2025-03-20,PETR4,36.15999984741211,36.47999954223633,35.7599983215332,36.2400016784668,30.597673416137695,46921900
2025-03-21,PETR4,36.220001220703125,37.029998779296875,36.18000030517578,36.79999923706055,31.070486068725586,61175700
2025-03-24,PETR4,36.70000076293945,36.939998626708984,36.5,36.75,31.028276443481445,20348000
2025-03-25,PETR4,36.849998474121094,37.52000045776367,36.630001068115234,37.040000915527344,31.27312660217285,28036100
2025-03-26,PETR4,37.150001525878906,37.630001068115234,37.150001525878906,37.38999938964844,31.56863021850586,26870300
2025-03-27,PETR4,37.43000030517578,37.970001220703125,37.38999938964844,37.66999816894531,31.80503273010254,28444400
2025-03-28,PETR4,37.650001525878906,37.880001068115234,37.09000015258789,37.43000030517578,31.602401733398438,22057700
2025-03-31,PETR4,37.349998474121094,37.63999938964844,37.08000183105469,37.15999984741211,31.374435424804688,26049400
2025-04-01,PETR4,37.29999923706055,37.970001220703125,37.20000076293945,37.29999923706055,31.492639541625977,19075600
2025-04-02,PETR4,37.27000045776367,37.29999923706055,36.83000183105469,37.20000076293945,31.408206939697266,16959200
2025-04-03,PETR4,36.150001525878906,36.29999923706055,35.61000061035156,36.0,30.39504051208496,65896000
2025-04-04,PETR4,34.7400016784668,35.0099983215332,33.810001373291016,34.54999923706055,29.17079734802246,87263200
2025-04-07,PETR4,33.91999816894531,34.54999923706055,33.11000061035156,33.18000030517578,28.014095306396484,85724900
2025-04-08,PETR4,33.70000076293945,33.939998626708984,31.8799991607666,32.0,27.01781463623047,62128500
2025-04-09,PETR4,31.309999465942383,33.58000183105469,31.040000915527344,33.29999923706055,28.11540985107422,106391600
2025-04-10,PETR4,33.0,33.02000045776367,31.200000762939453,31.229999542236328,26.36769676208496,71250600
2025-04-11,PETR4,31.5,32.29999923706055,30.780000686645508,31.850000381469727,26.89116859436035,65329400
2025-04-14,PETR4,32.599998474121094,32.880001068115234,31.440000534057617,31.729999542236328,26.789852142333984,56015200
2025-04-15,PETR4,31.729999542236328,31.8700008392334,30.979999542236328,31.0,26.17350959777832,58276900
2025-04-16,PETR4,31.290000915527344,31.469999313354492,30.850000381469727,31.0,26.17350959777832,73227700
2025-04-17,PETR4,30.670000076293945,31.18000030517578,30.459999084472656,30.850000381469727,26.691001892089844,65752700
2025-04-22,PETR4,30.799999237060547,31.25,30.329999923706055,30.920000076293945,26.751562118530273,41683900
2025-04-23,PETR4,31.350000381469727,31.780000686645508,30.5,30.56999969482422,26.448749542236328,71566500
2025-04-24,PETR4,30.809999465942383,30.84000015258789,30.059999465942383,30.43000030517578,26.32762336730957,61589200
2025-04-25,PETR4,30.34000015258789,30.729999542236328,30.200000762939453,30.520000457763672,26.40549087524414,35581500
2025-04-28,PETR4,30.559999465942383,30.780000686645508,30.25,30.399999618530273,26.301666259765625,27362000
2025-04-29,PETR4,30.299999237060547,30.809999465942383,30.149999618530273,30.559999465942383,26.440095901489258,33041100
2025-04-30,PETR4,30.40999984741211,30.579999923706055,29.959999084472656,29.989999771118164,25.946941375732422,52798300
2025-05-02,PETR4,30.200000762939453,30.809999465942383,29.969999313354492,30.809999465942383,26.65639305114746,33146600
2025-05-05,PETR4,30.56999969482422,30.6200008392334,29.65999984741211,29.65999984741211,25.661428451538086,59011700
2025-05-06,PETR4,30.110000610351562,30.389999389648438,29.959999084472656,30.149999618530273,26.085371017456055,52751300
2025-05-07,PETR4,30.299999237060547,30.299999237060547,29.899999618530273,30.290000915527344,26.206497192382812,35050400
2025-05-08,PETR4,30.59000015258789,31.030000686645508,30.450000762939453,30.709999084472656,26.569873809814453,44665000
2025-05-09,PETR4,31.100000381469727,31.18000030517578,30.639999389648438,30.90999984741211,26.7429141998291,25075600
2025-05-12,PETR4,31.899999618530273,32.16999816894531,31.649999618530273,31.649999618530273,27.38315200805664,53493600
2025-05-13,PETR4,31.770000457763672,32.25,31.350000381469727,32.130001068115234,27.79844093322754,56165300
2025-05-14,PETR4,32.0,32.119998931884766,31.700000762939453,31.90999984741211,27.608097076416016,28060100
2025-05-15,PETR4,31.700000762939453,32.09000015258789,31.59000015258789,31.8700008392334,27.573495864868164,32468300
2025-05-16,PETR4,31.84000015258789,32.15999984741211,31.65999984741211,32.02000045776367,27.703269958496094,48111800
2025-05-19,PETR4,31.84000015258789,32.099998474121094,31.700000762939453,31.979999542236328,27.66866111755371,30200500
2025-05-20,PETR4,32.04999923706055,32.40999984741211,31.950000762939453,32.11000061035156,27.781137466430664,33485800
2025-05-21,PETR4,32.209999084472656,32.38999938964844,31.690000534057617,31.75,27.469669342041016,28724100
2025-05-22,PETR4,31.639999389648438,31.649999618530273,31.209999084472656,31.329999923706055,27.106290817260742,42207300
2025-05-23,PETR4,31.09000015258789,31.399999618530273,30.8700008392334,31.399999618530273,27.166852951049805,25732400
2025-05-26,PETR4,31.459999084472656,31.530000686645508,31.139999389648438,31.299999237060547,27.080333709716797,21277100
2025-05-27,PETR4,31.520000457763672,31.670000076293945,31.360000610351562,31.530000686645508,27.279329299926758,34361500
2025-05-28,PETR4,31.670000076293945,31.719999313354492,31.43000030517578,31.43000030517578,27.192808151245117,30516200
2025-05-29,PETR4,31.479999542236328,31.5,31.049999237060547,31.239999771118164,27.028423309326172,20778800
2025-05-30,PETR4,31.149999618530273,31.270000457763672,30.899999618530273,30.899999618530273,26.7342586517334,45127700
2025-06-02,PETR4,31.639999389648438,31.649999618530273,31.010000228881836,31.079999923706055,26.88999366760254,35111000
2025-06-03,PETR4,29.8799991607666,30.299999237060547,29.389999389648438,30.18000030517578,26.898164749145508,59828700
2025-06-04,PETR4,30.239999771118164,30.450000762939453,29.270000457763672,29.350000381469727,26.15842056274414,41952900
2025-06-05,PETR4,29.5,29.639999389648438,29.209999084472656,29.360000610351562,26.167333602905273,23774000
2025-06-06,PETR4,29.450000762939453,29.829999923706055,29.360000610351562,29.670000076293945,26.443622589111328,28069300
2025-06-09,PETR4,29.219999313354492,29.469999313354492,28.860000610351562,29.170000076293945,25.997995376586914,43834800
2025-06-10,PETR4,29.40999984741211,30.219999313354492,29.350000381469727,30.049999237060547,26.782299041748047,46241800
2025-06-11,PETR4,30.299999237060547,31.15999984741211,30.299999237060547,31.049999237060547,27.673559188842773,52432400
2025-06-12,PETR4,30.799999237060547,31.90999984741211,30.729999542236328,31.75,28.297439575195312,51729500
2025-06-13,PETR4,33.11000061035156,33.16999816894531,32.16999816894531,32.529998779296875,28.99262046813965,74902600
2025-06-16,PETR4,32.529998779296875,32.93000030517578,32.06999969482422,32.209999084472656,28.707416534423828,45972200
2025-06-17,PETR4,32.380001068115234,33.09000015258789,32.369998931884766,32.939998626708984,29.358034133911133,57633400
2025-06-18,PETR4,32.959999084472656,33.209999084472656,32.4900016784668,32.90999984741211,29.331296920776367,49342900
2025-06-20,PETR4,32.72999954223633,33.15999984741211,32.630001068115234,32.81999969482422,29.25108528137207,85062700
2025-06-23,PETR4,33.290000915527344,33.34000015258789,31.809999465942383,32.0,28.520254135131836,54592400
2025-06-24,PETR4,31.290000915527344,31.84000015258789,31.139999389648438,31.3700008392334,27.95876121520996,48728300
2025-06-25,PETR4,31.31999969482422,31.540000915527344,31.209999084472656,31.209999084472656,27.816158294677734,23127700
2025-06-26,PETR4,31.350000381469727,31.600000381469727,31.309999465942383,31.459999084472656,28.038972854614258,17227000
2025-06-27,PETR4,31.389999389648438,31.450000762939453,31.139999389648438,31.209999084472656,27.816158294677734,16482100
2025-06-30,PETR4,31.209999084472656,31.489999771118164,31.100000381469727,31.3799991607666,27.96767234802246,23091100
2025-07-01,PETR4,31.450000762939453,31.56999969482422,31.260000228881836,31.489999771118164,28.065710067749023,17014100
2025-07-02,PETR4,31.579999923706055,32.2400016784668,31.479999542236328,32.04999923706055,28.5648136138916,28311600
2025-07-03,PETR4,32.0,32.38999938964844,31.940000534057617,32.15999984741211,28.662853240966797,14322300
2025-07-04,PETR4,32.0,32.310001373291016,31.969999313354492,32.119998931884766,28.6272029876709,9356900
2025-07-07,PETR4,32.119998931884766,32.2599983215332,31.899999618530273,32.060001373291016,28.57373046875,17938800
2025-07-08,PETR4,32.06999969482422,32.59000015258789,32.029998779296875,32.52000045776367,28.983707427978516,28778300
2025-07-09,PETR4,32.56999969482422,32.630001068115234,32.060001373291016,32.31999969482422,28.805456161499023,22338900
2025-07-10,PETR4,32.0099983215332,32.43000030517578,31.719999313354492,32.2400016784668,28.73415756225586,23102800
2025-07-11,PETR4,32.20000076293945,32.70000076293945,32.150001525878906,32.630001068115234,29.081748962402344,23946700
2025-07-14,PETR4,32.630001068115234,32.77000045776367,32.119998931884766,32.20000076293945,28.69850730895996,24106300
2025-07-15,PETR4,32.2400016784668,32.380001068115234,31.809999465942383,31.950000762939453,28.475690841674805,18688300
2025-07-16,PETR4,31.899999618530273,31.950000762939453,31.469999313354492,31.790000915527344,28.333091735839844,27588900
2025-07-17,PETR4,31.770000457763672,31.770000457763672,31.399999618530273,31.469999313354492,28.04788589477539,27497600
2025-07-18,PETR4,31.399999618530273,31.600000381469727,30.600000381469727,30.989999771118164,27.62008285522461,57635000
2025-07-21,PETR4,30.889999389648438,31.280000686645508,30.770000457763672,31.049999237060547,27.673559188842773,16412000
2025-07-22,PETR4,31.049999237060547,31.579999923706055,30.989999771118164,31.350000381469727,27.940935134887695,24557100
2025-07-23,PETR4,31.350000381469727,32.029998779296875,31.299999237060547,31.989999771118164,28.511341094970703,27418600
2025-07-24,PETR4,31.93000030517578,32.02000045776367,31.649999618530273,31.940000534057617,28.466777801513672,17856300
2025-07-25,PETR4,31.989999771118164,32.18000030517578,31.90999984741211,31.979999542236328,28.50242805480957,13341000
2025-07-28,PETR4,32.15999984741211,32.43000030517578,31.68000030517578,32.02000045776367,28.5380802154541,27972800
2025-07-29,PETR4,32.189998626708984,32.599998474121094,31.989999771118164,32.439998626708984,28.91240692138672,33284000
2025-07-30,PETR4,32.29999923706055,32.83000183105469,32.27000045776367,32.77000045776367,29.206525802612305,27110400
2025-07-31,PETR4,32.45000076293945,32.75,32.41999816894531,32.63999938964844,29.090656280517578,23544900
2025-08-01,PETR4,32.79999923706055,32.90999984741211,32.040000915527344,32.209999084472656,28.707416534423828,24191800
2025-08-04,PETR4,32.209999084472656,32.27000045776367,31.959999084472656,32.15999984741211,28.662853240966797,15215600
2025-08-05,PETR4,32.130001068115234,32.40999984741211,32.029998779296875,32.310001373291016,28.796545028686523,20635500
2025-08-06,PETR4,32.599998474121094,32.939998626708984,32.189998626708984,32.349998474121094,28.83219337463379,32854600
2025-08-07,PETR4,32.63999938964844,32.849998474121094,32.43000030517578,32.529998779296875,28.99262046813965,21111400
2025-08-08,PETR4,31.5,32.04999923706055,30.530000686645508,30.530000686645508,27.210105895996094,107235300
2025-08-11,PETR4,30.709999084472656,31.030000686645508,30.579999923706055,30.719999313354492,27.379446029663086,28045800
2025-08-12,PETR4,30.790000915527344,31.270000457763672,30.649999618530273,30.799999237060547,27.45074462890625,37973300
2025-08-13,PETR4,30.799999237060547,30.860000610351562,30.40999984741211,30.56999969482422,27.24575424194336,38340700
2025-08-14,PETR4,30.729999542236328,30.729999542236328,30.020000457763672,30.18000030517578,26.898164749145508,43087500
2025-08-15,PETR4,30.100000381469727,30.219999313354492,29.739999771118164,30.170000076293945,26.889251708984375,55416100
2025-08-18,PETR4,30.25,30.549999237060547,30.020000457763672,30.360000610351562,27.0585880279541,31498100
2025-08-19,PETR4,30.200000762939453,30.229999542236328,29.850000381469727,30.040000915527344,26.773391723632812,39294300
2025-08-20,PETR4,30.1200008392334,30.360000610351562,30.100000381469727,30.219999313354492,26.933813095092773,23706600
2025-08-21,PETR4,30.219999313354492,30.43000030517578,30.010000228881836,30.290000915527344,26.99620246887207,23327000
2025-08-22,PETR4,29.889999389648438,30.469999313354492,29.799999237060547,30.469999313354492,27.772708892822266,49813600
2025-08-25,PETR4,30.469999313354492,30.780000686645508,30.420000076293945,30.649999618530273,27.936777114868164,21075300
2025-08-26,PETR4,30.479999542236328,30.579999923706055,30.229999542236328,30.43000030517578,27.73625373840332,21789700
2025-08-27,PETR4,30.450000762939453,30.68000030517578,30.360000610351562,30.65999984741211,27.945890426635742,16349100
2025-08-28,PETR4,30.780000686645508,31.1299991607666,30.709999084472656,30.93000030517578,28.19198989868164,25802500
2025-08-29,PETR4,30.93000030517578,31.350000381469727,30.850000381469727,31.100000381469727,28.346940994262695,27713400
2025-09-01,PETR4,31.200000762939453,31.3700008392334,31.049999237060547,31.170000076293945,28.41074562072754,9889700
2025-09-02,PETR4,31.0,31.440000534057617,31.0,31.329999923706055,28.556581497192383,19812000
2025-09-03,PETR4,31.1200008392334,31.350000381469727,30.920000076293945,31.059999465942383,28.310482025146484,29788800
2025-09-04,PETR4,31.0,31.31999969482422,30.93000030517578,31.059999465942383,28.310482025146484,24816500
2025-09-05,PETR4,31.079999923706055,31.09000015258789,30.190000534057617,30.59000015258789,27.88208770751953,46121900
2025-09-08,PETR4,30.829999923706055,30.969999313354492,30.510000228881836,30.709999084472656,27.991464614868164,18164200
2025-09-09,PETR4,30.860000610351562,31.149999618530273,30.809999465942383,30.950000762939453,28.210222244262695,31283900
2025-09-10,PETR4,30.959999084472656,31.540000915527344,30.920000076293945,31.510000228881836,28.72064781188965,35949600
2025-09-11,PETR4,31.299999237060547,31.479999542236328,31.270000457763672,31.389999389648438,28.611270904541016,17607900
2025-09-12,PETR4,31.450000762939453,31.700000762939453,31.15999984741211,31.18000030517578,28.41986083984375,19318400
2025-09-15,PETR4,31.299999237060547,31.549999237060547,31.059999465942383,31.450000762939453,28.66596031188965,21978400
2025-09-16,PETR4,31.600000381469727,31.68000030517578,31.34000015258789,31.530000686645508,28.73887825012207,19154700
2025-09-17,PETR4,31.540000915527344,31.790000915527344,31.459999084472656,31.719999313354492,28.912057876586914,29148100
2025-09-18,PETR4,31.770000457763672,31.81999969482422,31.190000534057617,31.40999984741211,28.629501342773438,25702900
2025-09-19,PETR4,31.43000030517578,31.450000762939453,30.90999984741211,31.059999465942383,28.310482025146484,48871300
2025-09-22,PETR4,31.0,31.469999313354492,30.84000015258789,31.3700008392334,28.593042373657227,22016100
2025-09-23,PETR4,31.489999771118164,32.09000015258789,31.459999084472656,31.899999618530273,29.076122283935547,39895300
2025-09-24,PETR4,32.15999984741211,32.630001068115234,32.060001373291016,32.619998931884766,29.732385635375977,36414400
2025-09-25,PETR4,32.70000076293945,32.79999923706055,32.2400016784668,32.36000061035156,29.495403289794922,29556300
2025-09-26,PETR4,32.4900016784668,32.7400016784668,32.150001525878906,32.25,29.3951416015625,27819700
2025-09-29,PETR4,32.2599983215332,32.540000915527344,31.729999542236328,31.809999465942383,28.994089126586914,35720000
2025-09-30,PETR4,31.690000534057617,31.899999618530273,31.15999984741211,31.459999084472656,28.675073623657227,48611500
2025-10-01,PETR4,31.450000762939453,31.549999237060547,31.299999237060547,31.3799991607666,28.602153778076172,24817000
2025-10-02,PETR4,31.3799991607666,31.40999984741211,31.020000457763672,31.079999923706055,28.328712463378906,25497100
2025-10-03,PETR4,31.15999984741211,31.329999923706055,31.0,31.0,28.255794525146484,19756800
2025-10-06,PETR4,31.200000762939453,31.229999542236328,30.700000762939453,30.719999313354492,28.000581741333008,21245400
2025-10-07,PETR4,30.719999313354492,30.860000610351562,30.350000381469727,30.829999923706055,28.10084342956543,29068800
2025-10-08,PETR4,31.079999923706055,31.079999923706055,30.5,30.649999618530273,27.936777114868164,17687400
2025-10-09,PETR4,30.65999984741211,30.84000015258789,30.190000534057617,30.209999084472656,27.535724639892578,22879700
2025-10-10,PETR4,30.100000381469727,30.15999984741211,29.8700008392334,29.940000534057617,27.289628982543945,50214400
2025-10-13,PETR4,30.149999618530273,30.270000457763672,29.969999313354492,30.229999542236328,27.553955078125,13890500
2025-10-14,PETR4,29.950000762939453,30.459999084472656,29.8799991607666,30.020000457763672,27.362545013427734,28138200
2025-10-15,PETR4,30.049999237060547,30.170000076293945,29.670000076293945,29.75,27.116445541381836,40261000
2025-10-16,PETR4,29.739999771118164,29.809999465942383,29.40999984741211,29.450000762939453,26.84300422668457,28660900
2025-10-17,PETR4,29.5,29.950000762939453,29.309999465942383,29.729999542236328,27.098217010498047,36238600
2025-10-20,PETR4,29.700000762939453,29.899999618530273,29.479999542236328,29.75,27.116445541381836,31442800
2025-10-21,PETR4,29.959999084472656,29.989999771118164,29.469999313354492,29.510000228881836,26.897693634033203,25509900
2025-10-22,PETR4,29.760000228881836,30.030000686645508,29.6200008392334,29.850000381469727,27.207595825195312,27088800
2025-10-23,PETR4,30.520000457763672,30.719999313354492,30.110000610351562,30.190000534057617,27.517498016357422,40060800
2025-10-24,PETR4,30.299999237060547,30.450000762939453,29.809999465942383,29.84000015258789,27.1984806060791,24370300
2025-10-27,PETR4,30.15999984741211,30.15999984741211,29.690000534057617,30.0,27.344316482543945,24771400
2025-10-28,PETR4,29.899999618530273,30.350000381469727,29.760000228881836,29.989999771118164,27.3351993560791,25324800
2025-10-29,PETR4,30.09000015258789,30.15999984741211,29.799999237060547,30.020000457763672,27.362545013427734,24854900
2025-10-30,PETR4,29.920000076293945,30.15999984741211,29.760000228881836,29.889999389648438,27.24405288696289,22657200
2025-10-31,PETR4,30.0,30.09000015258789,29.549999237060547,29.75,27.116445541381836,29516300
2025-11-03,PETR4,29.8799991607666,30.469999313354492,29.799999237060547,30.100000381469727,27.435462951660156,54977300
2025-11-04,PETR4,30.0,30.260000228881836,29.90999984741211,30.25,27.572185516357422,35035200
2025-11-05,PETR4,30.25,30.950000762939453,30.209999084472656,30.850000381469727,28.11907386779785,40375900
2025-11-06,PETR4,30.979999542236328,31.280000686645508,30.899999618530273,31.010000228881836,28.264907836914062,43435700
2025-11-07,PETR4,31.219999313354492,32.18000030517578,30.850000381469727,32.18000030517578,29.331336975097656,97315600
2025-11-10,PETR4,32.29999923706055,32.54999923706055,31.93000030517578,32.36000061035156,29.495403289794922,41064200
2025-11-11,PETR4,32.540000915527344,33.439998626708984,32.45000076293945,33.20000076293945,30.261045455932617,68221300
2025-11-12,PETR4,33.2599983215332,33.2599983215332,32.08000183105469,32.349998474121094,29.48628807067871,67646400
2025-11-13,PETR4,32.36000061035156,32.939998626708984,32.31999969482422,32.4900016784668,29.6138973236084,38517200
2025-11-14,PETR4,32.599998474121094,33.16999816894531,32.58000183105469,32.70000076293945,29.80530548095703,27371300
2025-11-17,PETR4,32.7599983215332,33.08000183105469,32.72999954223633,32.880001068115234,29.969371795654297,63708200
2025-11-18,PETR4,32.70000076293945,33.16999816894531,32.66999816894531,32.9900016784668,30.06963348388672,26520500
2025-11-19,PETR4,32.79999923706055,32.97999954223633,32.540000915527344,32.81999969482422,29.914682388305664,48719300
2025-11-21,PETR4,32.560001373291016,32.7400016784668,32.36000061035156,32.56999969482422,29.686813354492188,40869300
2025-11-24,PETR4,32.560001373291016,32.75,32.36000061035156,32.540000915527344,29.659469604492188,38665600
2025-11-25,PETR4,32.349998474121094,32.439998626708984,32.09000015258789,32.279998779296875,29.422481536865234,28431100
2025-11-26,PETR4,32.380001068115234,32.40999984741211,32.099998474121094,32.22999954223633,29.376911163330078,25042100
2025-11-27,PETR4,32.279998779296875,32.400001525878906,32.20000076293945,32.400001525878906,29.531862258911133,16087400
2025-11-28,PETR4,32.27000045776367,32.310001373291016,31.290000915527344,31.790000915527344,28.975862503051758,60420500
2025-12-01,PETR4,31.950000762939453,32.16999816894531,31.56999969482422,31.850000381469727,29.03055191040039,29489100
2025-12-02,PETR4,31.93000030517578,32.06999969482422,31.440000534057617,32.06999969482422,29.2310733795166,25574100
2025-12-03,PETR4,32.150001525878906,32.5,32.150001525878906,32.310001373291016,29.449831008911133,36630000
2025-12-04,PETR4,32.4900016784668,32.75,32.45000076293945,32.52000045776367,29.641239166259766,33009700
2025-12-05,PETR4,32.5,32.90999984741211,31.3700008392334,31.3700008392334,28.593042373657227,74495100
2025-12-08,PETR4,31.56999969482422,31.989999771118164,31.489999771118164,31.65999984741211,28.85736846923828,30271600
2025-12-09,PETR4,31.610000610351562,31.899999618530273,31.329999923706055,31.860000610351562,29.03966522216797,23863000
2025-12-10,PETR4,31.8799991607666,31.989999771118164,31.540000915527344,31.940000534057617,29.112581253051758,22123700
2025-12-11,PETR4,31.8799991607666,31.899999618530273,31.25,31.40999984741211,28.629501342773438,64927900
2025-12-12,PETR4,31.40999984741211,31.719999313354492,31.34000015258789,31.59000015258789,28.79356575012207,39659900
2025-12-15,PETR4,31.68000030517578,31.899999618530273,31.59000015258789,31.700000762939453,28.893827438354492,31898900
2025-12-16,PETR4,31.530000686645508,31.530000686645508,30.610000610351562,30.739999771118164,28.018810272216797,52661900
2025-12-17,PETR4,30.860000610351562,31.079999923706055,30.81999969482422,31.079999923706055,28.328712463378906,39337100
2025-12-18,PETR4,31.200000762939453,31.280000686645508,30.829999923706055,30.899999618530273,28.164644241333008,34311000
2025-12-19,PETR4,31.06999969482422,31.239999771118164,30.969999313354492,31.010000228881836,28.264907836914062,45807700
2025-12-22,PETR4,31.25,31.530000686645508,31.100000381469727,31.100000381469727,28.346940994262695,35896900
2025-12-23,PETR4,30.549999237060547,30.56999969482422,30.200000762939453,30.309999465942383,28.4993839263916,35703900
2025-12-26,PETR4,30.309999465942383,30.43000030517578,30.1200008392334,30.40999984741211,28.59341049194336,20178600
2025-12-29,PETR4,30.559999465942383,30.809999465942383,30.520000457763672,30.729999542236328,28.89429473876953,20588100
2025-12-30,PETR4,30.799999237060547,30.959999084472656,30.649999618530273,30.81999969482422,28.978918075561523,16880600
2026-01-02,PETR4,30.959999084472656,30.959999084472656,30.360000610351562,30.709999084472656,28.87548828125,21625200
2026-01-05,PETR4,30.700000762939453,30.770000457763672,29.729999542236328,30.200000762939453,28.39595603942871,48211400
2026-01-06,PETR4,30.3700008392334,30.43000030517578,29.6200008392334,29.639999389648438,27.86940574645996,38095000
2026-01-07,PETR4,29.670000076293945,29.829999923706055,29.530000686645508,29.829999923706055,28.048057556152344,28132900
2026-01-08,PETR4,29.90999984741211,30.34000015258789,29.790000915527344,30.200000762939453,28.39595603942871,34125800
2026-01-09,PETR4,30.170000076293945,30.739999771118164,30.139999389648438,30.299999237060547,28.48998260498047,27982800
2026-01-12,PETR4,30.299999237060547,30.56999969482422,30.209999084472656,30.360000610351562,28.546396255493164,18947400
2026-01-13,PETR4,30.360000610351562,31.31999969482422,30.360000610351562,31.139999389648438,29.279802322387695,54097100
2026-01-14,PETR4,31.350000381469727,32.529998779296875,31.200000762939453,31.989999771118164,30.07902717590332,82309300
2026-01-15,PETR4,31.5,31.93000030517578,31.440000534057617,31.790000915527344,29.890975952148438,26456600
2026-01-16,PETR4,31.950000762939453,32.20000076293945,31.8799991607666,32.040000915527344,30.126039505004883,70947300
2026-01-19,PETR4,31.959999084472656,32.209999084472656,31.90999984741211,32.16999816894531,30.24827003479004,12852900
2026-01-20,PETR4,32.16999816894531,32.52000045776367,31.940000534057617,32.290000915527344,30.361106872558594,26300000
2026-01-21,PETR4,32.5,33.54999923706055,32.43000030517578,33.43000030517578,31.43300437927246,93270900
2026-01-22,PETR4,33.380001068115234,34.130001068115234,33.2599983215332,33.58000183105469,31.574047088623047,71516300
2026-01-23,PETR4,33.95000076293945,35.47999954223633,33.880001068115234,35.040000915527344,32.946834564208984,68642600
2026-01-26,PETR4,35.369998931884766,35.70000076293945,35.040000915527344,35.36000061035156,33.24771499633789,39869600
2026-01-27,PETR4,35.5099983215332,36.45000076293945,35.369998931884766,36.130001068115234,33.971717834472656,47268200
2026-01-28,PETR4,36.54999923706055,37.439998626708984,36.5,37.34000015258789,35.10943603515625,46054700
2026-01-29,PETR4,38.0,38.58000183105469,37.56999969482422,37.70000076293945,35.44792938232422,58722800
2026-01-30,PETR4,37.22999954223633,37.97999954223633,37.02000045776367,37.7599983215332,35.50434494018555,45794700
2026-02-02,PETR4,36.779998779296875,37.2400016784668,36.619998931884766,37.2400016784668,35.01540756225586,38505600
2026-02-03,PETR4,37.5099983215332,38.31999969482422,37.13999938964844,37.58000183105469,35.33510208129883,57152800
2026-02-04,PETR4,37.45000076293945,37.68000030517578,36.970001220703125,37.52000045776367,35.2786865234375,37955800
2026-02-05,PETR4,37.400001525878906,37.61000061035156,36.900001525878906,37.0,34.78974533081055,35933100
2026-02-06,PETR4,37.209999084472656,37.27000045776367,36.45000076293945,36.650001525878906,34.460655212402344,27681100
2026-02-09,PETR4,36.65999984741211,37.45000076293945,36.54999923706055,37.31999969482422,35.09062957763672,27089800
2026-02-10,PETR4,37.31999969482422,37.58000183105469,36.90999984741211,37.349998474121094,35.11883544921875,24585300
2026-02-11,PETR4,37.72999954223633,38.459999084472656,37.689998626708984,38.08000183105469,35.80522918701172,55863800
2026-02-12,PETR4,38.04999923706055,38.04999923706055,36.79999923706055,37.11000061035156,34.89317321777344,39856000
2026-02-13,PETR4,37.15999984741211,37.15999984741211,36.529998779296875,36.88999938964844,34.68631362915039,27507000
2026-02-18,PETR4,37.06999969482422,37.38999938964844,36.849998474121094,37.189998626708984,34.9683952331543,32276700
2026-02-19,PETR4,37.5,38.2400016784668,37.439998626708984,37.810001373291016,35.55135726928711,48355000
2026-02-20,PETR4,37.66999816894531,37.970001220703125,37.45000076293945,37.970001220703125,35.70180130004883,51949800
2026-02-23,PETR4,37.970001220703125,39.25,37.849998474121094,38.59000015258789,36.284767150878906,55061500
2026-02-24,PETR4,38.86000061035156,39.65999984741211,38.86000061035156,39.56999969482422,37.20622253417969,43263600
2026-02-25,PETR4,39.939998626708984,39.970001220703125,39.029998779296875,39.56999969482422,37.20622253417969,26012300
2026-02-26,PETR4,39.29999923706055,39.79999923706055,38.970001220703125,39.61000061035156,37.24383544921875,29919100
2026-02-27,PETR4,39.91999816894531,40.27000045776367,39.33000183105469,39.33000183105469,36.980560302734375,38799000
2026-03-02,PETR4,41.29999923706055,41.529998779296875,40.52000045776367,41.130001068115234,38.67303466796875,83817000
2026-03-03,PETR4,41.70000076293945,42.0,40.75,40.95000076293945,38.5037841796875,93893800
2026-03-04,PETR4,40.95000076293945,41.16999816894531,39.93000030517578,40.5,38.08066940307617,50915600
2026-03-05,PETR4,40.529998779296875,40.77000045776367,39.97999954223633,40.689998626708984,38.259315490722656,53107600
2026-03-06,PETR4,41.900001525878906,43.119998931884766,41.41999816894531,42.15999984741211,39.64150619506836,87228000
2026-03-09,PETR4,43.25,44.27000045776367,42.66999816894531,43.15999984741211,40.58176803588867,107124400
2026-03-10,PETR4,42.310001373291016,43.099998474121094,42.029998779296875,42.93000030517578,40.365509033203125,56706200
2026-03-11,PETR4,43.25,44.880001068115234,43.22999954223633,44.79999923706055,42.123802185058594,73234300
2026-03-12,PETR4,45.38999938964844,46.09000015258789,44.20000076293945,45.0,42.311851501464844,86124400
2026-03-13,PETR4,44.61000061035156,45.34000015258789,44.290000915527344,44.66999816894531,42.00156784057617,42520400
2026-03-16,PETR4,44.880001068115234,45.9900016784668,44.79999923706055,45.86000061035156,43.120479583740234,40474100
2026-03-17,PETR4,45.849998474121094,47.2599983215332,45.79999923706055,46.380001068115234,43.60942077636719,51025600
2026-03-18,PETR4,46.70000076293945,47.150001525878906,46.54999923706055,47.0,44.192378997802734,55074700
2026-03-19,PETR4,47.20000076293945,48.130001068115234,46.689998626708984,46.779998779296875,43.98551940917969,84865000
2026-03-20,PETR4,46.790000915527344,47.25,44.91999816894531,45.66999816894531,42.941829681396484,78125700
2026-03-23,PETR4,44.41999816894531,46.18000030517578,44.31999969482422,46.029998779296875,43.28032684326172,65252400
2026-03-24,PETR4,46.400001525878906,47.95000076293945,46.369998931884766,47.27000045776367,44.446250915527344,57455300
2026-03-25,PETR4,46.5,47.54999923706055,46.29999923706055,47.5,44.66250991821289,40532900
2026-03-26,PETR4,47.599998474121094,48.470001220703125,47.52000045776367,48.02000045776367,45.151451110839844,59986800
2026-03-27,PETR4,48.5,49.439998626708984,48.130001068115234,49.40999984741211,46.45841598510742,54170900
2026-03-30,PETR4,49.75,50.689998626708984,49.4900016784668,49.66999816894531,46.702880859375,51454300
2026-03-31,PETR4,50.06999969482422,50.54999923706055,47.650001525878906,48.66999816894531,45.76261901855469,78931700
2026-04-01,PETR4,47.70000076293945,48.06999969482422,46.77000045776367,47.369998931884766,44.54027557373047,66488400
2026-04-02,PETR4,49.29999923706055,49.459999084472656,47.95000076293945,48.150001525878906,45.273685455322266,38536900
2026-04-06,PETR4,47.9900016784668,49.0,47.880001068115234,48.939998626708984,46.0164909362793,27848100
2026-04-07,PETR4,49.09000015258789,49.560001373291016,48.400001525878906,48.5099983215332,45.61217498779297,33362800
2026-04-08,PETR4,44.70000076293945,46.63999938964844,44.529998779296875,46.61000061035156,43.82567596435547,87580500
2026-04-09,PETR4,47.540000915527344,48.54999923706055,47.029998779296875,47.900001525878906,45.03861999511719,58206500
2026-04-10,PETR4,47.529998779296875,49.029998779296875,47.529998779296875,49.029998779296875,46.10111618041992,42860900
2026-04-13,PETR4,49.75,50.2400016784668,49.25,49.779998779296875,46.80630874633789,60941100
2026-04-14,PETR4,49.61000061035156,49.650001525878906,47.66999816894531,47.880001068115234,45.01980972290039,58646800
2026-04-15,PETR4,47.95000076293945,48.099998474121094,46.72999954223633,46.88999938964844,44.088951110839844,61852100
2026-04-16,PETR4,47.290000915527344,48.68000030517578,46.7599983215332,48.58000183105469,45.678001403808594,54484300
2026-04-17,PETR4,46.5,46.54999923706055,44.869998931884766,46.220001220703125,43.45897674560547,105186900
2026-04-20,PETR4,47.2400016784668,47.47999954223633,46.5099983215332,47.02000045776367,44.211185455322266,41904500
2026-04-22,PETR4,47.63999938964844,47.97999954223633,47.25,47.66999816894531,44.822357177734375,51063000
2026-04-23,PETR4,47.36000061035156,48.08000183105469,46.900001525878906,47.77000045776367,45.54999542236328,38666800
2026-04-24,PETR4,47.5,47.52000045776367,46.45000076293945,47.15999984741211,44.968345642089844,34880200
2026-04-27,PETR4,47.220001220703125,48.16999816894531,47.16999816894531,47.369998931884766,45.168582916259766,31543600
2026-04-28,PETR4,47.650001525878906,48.040000915527344,47.459999084472656,47.52000045776367,45.31161880493164,29389700
2026-04-29,PETR4,48.099998474121094,49.29999923706055,48.0,48.959999084472656,46.684696197509766,47685000
2026-04-30,PETR4,48.810001373291016,49.380001068115234,48.290000915527344,49.08000183105469,46.79911804199219,36666100
2026-05-04,PETR4,49.279998779296875,49.849998474121094,48.91999816894531,49.34000015258789,47.04703903198242,41319600
2026-05-05,PETR4,48.880001068115234,49.029998779296875,48.33000183105469,48.65999984741211,46.39863967895508,28066500
2026-05-06,PETR4,46.709999084472656,47.4900016784668,46.59000015258789,47.27000045776367,45.07323455810547,62009100
2026-05-07,PETR4,46.400001525878906,46.650001525878906,45.20000076293945,46.220001220703125,44.0720329284668,71214500
2026-05-08,PETR4,46.38999938964844,46.54999923706055,45.66999816894531,45.66999816894531,43.54758834838867,32914200
2026-05-11,PETR4,46.209999084472656,46.5099983215332,45.650001525878906,46.43000030517578,44.27227020263672,50622200
2026-05-12,PETR4,46.25,46.25,45.400001525878906,45.68000030517578,43.557125091552734,81072700
2026-05-13,PETR4,45.77000045776367,45.83000183105469,44.36000061035156,44.56999969482422,42.49871063232422,57251900
2026-05-14,PETR4,44.459999084472656,45.369998931884766,44.380001068115234,45.0,42.90872573852539,47760000
2026-05-15,PETR4,45.38999938964844,45.540000915527344,44.97999954223633,45.470001220703125,43.35688400268555,59380500
2026-05-18,PETR4,45.099998474121094,46.459999084472656,44.470001220703125,46.439998626708984,44.28180694580078,57388200
2026-05-19,PETR4,45.9900016784668,46.29999923706055,45.59000015258789,46.09000015258789,43.94807434082031,40943000
2026-05-20,PETR4,45.77000045776367,46.40999984741211,44.540000915527344,44.599998474121094,42.52731704711914,52780200
2026-05-21,PETR4,45.099998474121094,45.650001525878906,44.5,44.95000076293945,42.861053466796875,57725900
2026-05-22,PETR4,44.7400016784668,44.75,43.869998931884766,44.47999954223633,42.41289138793945,39634300
2026-05-25,PETR4,43.4900016784668,43.81999969482422,42.970001220703125,43.400001525878906,41.38308334350586,26720900
2026-05-26,PETR4,43.36000061035156,43.79999923706055,43.15999984741211,43.439998626708984,41.42122268676758,36040500
2026-05-27,PETR4,42.25,43.189998626708984,42.150001525878906,42.81999969482422,40.83003616333008,53745400
2026-05-28,PETR4,43.099998474121094,43.18000030517578,42.25,42.5099983215332,40.53444290161133,37534800
2026-05-29,PETR4,42.20000076293945,42.349998474121094,41.81999969482422,42.0,40.04814529418945,73281800
2026-06-01,PETR4,42.400001525878906,43.02000045776367,41.959999084472656,42.369998931884766,40.40094757080078,73925300
2026-06-02,PETR4,41.900001525878906,41.97999954223633,41.439998626708984,41.56999969482422,40.304935455322266,27318300
2026-06-03,PETR4,41.650001525878906,41.869998931884766,41.25,41.25,39.99467468261719,42895100
2026-06-05,PETR4,41.029998779296875,41.43000030517578,40.650001525878906,40.88999938964844,39.6456298828125,34730900
2026-06-08,PETR4,41.20000076293945,41.31999969482422,40.83000183105469,41.220001220703125,39.96559143066406,34043600
2026-06-09,PETR4,40.880001068115234,41.369998931884766,40.70000076293945,41.16999816894531,39.91710662841797,56680400
2026-06-10,PETR4,41.209999084472656,42.040000915527344,41.0099983215332,41.650001525878906,40.382503509521484,44953200
2026-06-11,PETR4,41.650001525878906,42.150001525878906,41.15999984741211,41.7599983215332,40.48915481567383,52321500
2026-06-12,PETR4,41.060001373291016,41.529998779296875,40.81999969482422,41.18000030517578,39.92680740356445,34082200
2026-06-15,PETR4,39.84000015258789,39.91999816894531,39.060001373291016,39.060001373291016,37.87132263183594,54174000
2026-06-16,PETR4,38.45000076293945,38.779998779296875,38.20000076293945,38.540000915527344,37.367149353027344,36250100
2026-06-17,PETR4,38.709999084472656,38.86000061035156,38.27000045776367,38.56999969482422,37.39623260498047,66882000
2026-06-18,PETR4,38.29999923706055,39.09000015258789,37.40999984741211,38.849998474121094,37.66770935058594,53332600
2026-06-19,PETR4,38.86000061035156,39.11000061035156,38.619998931884766,38.79999923706055,37.619232177734375,44775800
2026-06-22,PETR4,38.75,39.209999084472656,38.47999954223633,39.16999816894531,37.97797393798828,35488200
2026-06-23,PETR4,38.959999084472656,39.56999969482422,38.84000015258789,39.33000183105469,38.13310623168945,27398600
2026-06-24,PETR4,38.900001525878906,38.97999954223633,38.130001068115234,38.290000915527344,37.124755859375,59191400
2026-06-25,PETR4,38.119998931884766,38.66999816894531,37.91999816894531,38.45000076293945,37.27988815307617,25152300
2026-06-26,PETR4,38.06999969482422,38.25,37.93000030517578,38.060001373291016,36.901756286621094,23383000
2026-06-29,PETR4,38.20000076293945,38.369998931884766,37.91999816894531,38.13999938964844,36.97932052612305,14924800
2026-06-30,PETR4,38.16999816894531,38.18000030517578,37.7400016784668,37.79999923706055,36.64966583251953,31974300
2026-07-01,PETR4,37.5,37.84000015258789,37.400001525878906,37.83000183105469,36.67875671386719,21094300
2026-07-02,PETR4,37.88999938964844,38.459999084472656,37.650001525878906,37.959999084472656,36.8047981262207,21888800
2026-07-03,PETR4,38.06999969482422,38.25,37.86000061035156,38.25,37.08597183227539,10369500
2026-07-06,PETR4,37.95000076293945,38.02000045776367,37.61000061035156,37.77000045776367,36.62057876586914,20811400
2026-07-07,PETR4,38.0,38.77000045776367,37.91999816894531,38.439998626708984,37.27018737792969,39823600
2026-07-08,PETR4,39.650001525878906,39.75,39.0,39.650001525878906,38.44336700439453,40215300
2026-07-09,PETR4,39.7400016784668,39.97999954223633,38.88999938964844,39.209999084472656,38.01675796508789,33386500
2026-07-10,PETR4,39.63999938964844,39.970001220703125,39.34000015258789,39.650001525878906,38.44336700439453,27316800
2026-07-13,PETR4,40.5099983215332,40.91999816894531,40.2400016784668,40.65999984741211,39.422630310058594,43045700
2026-07-14,PETR4,41.20000076293945,41.310001373291016,40.11000061035156,40.65999984741211,39.422630310058594,32649500
2026-07-15,PETR4,40.40999984741211,40.79999923706055,40.22999954223633,40.59000015258789,39.354759216308594,25608800
2026-07-16,PETR4,40.380001068115234,40.86000061035156,39.88999938964844,39.88999938964844,38.676063537597656,20551700
2026-07-17,PETR4,40.40999984741211,41.11000061035156,40.40999984741211,40.900001525878906,39.65532684326172,32168300
2026-07-20,PETR4,41.20000076293945,41.439998626708984,40.470001220703125,41.150001525878906,39.89772033691406,26987600
2026-07-21,PETR4,41.209999084472656,41.70000076293945,41.130001068115234,41.65999984741211,40.39219665527344,38631400
2026-07-22,PETR4,42.099998474121094,42.7400016784668,41.970001220703125,42.58000183105469,41.284202575683594,38292200
2026-07-23,PETR4,43.400001525878906,43.4900016784668,42.86000061035156,42.95000076293945,41.642940521240234,25257900
2026-07-24,PETR4,42.369998931884766,42.90999984741211,42.150001525878906,42.209999084472656,40.92546081542969,29151600
2026-07-27,PETR4,41.20000076293945,41.47999954223633,40.81999969482422,41.0099983215332,39.76197814941406,32902600
2026-07-28,PETR4,41.02000045776367,41.77000045776367,40.88999938964844,41.209999084472656,39.95589065551758,29946800
2026-07-29,PETR4,42.15999984741211,42.400001525878906,41.75,42.0,40.72185134887695,31465400
2026-07-30,PETR4,42.0,42.84000015258789,41.81999969482422,42.84000015258789,41.53628921508789,25268900
2026-07-31,PETR4,43.0,43.54999923706055,42.86000061035156,43.41999816894531,42.098636627197266,24997300
2026-08-03,PETR4,42.400001525878906,43.09000015258789,42.349998474121094,43.04999923706055,41.739898681640625,24400900
2026-08-04,PETR4,43.09000015258789,43.09000015258789,41.77000045776367,42.5,41.206634521484375,27216700
2026-08-05,PETR4,42.529998779296875,42.9900016784668,41.75,41.93000030517578,40.65398025512695,32365700
2026-08-06,PETR4,42.02000045776367,42.470001220703125,41.91999816894531,42.130001068115234,40.847896575927734,46662600
2026-08-07,PETR4,42.900001525878906,42.959999084472656,40.83000183105469,40.869998931884766,39.62623977661133,97926700
2026-08-10,PETR4,41.31999969482422,42.470001220703125,41.060001373291016,42.22999954223633,40.94485092163086,74915200
2026-08-11,PETR4,42.400001525878906,42.5,41.0099983215332,41.65999984741211,40.39219665527344,53988900
2026-08-12,PETR4,41.5,41.970001220703125,41.150001525878906,41.45000076293945,40.18859100341797,63890300
2026-08-13,PETR4,41.150001525878906,41.959999084472656,41.06999969482422,41.900001525878906,40.62489700317383,37063800
2026-08-14,PETR4,41.630001068115234,42.459999084472656,41.630001068115234,42.09000015258789,40.809112548828125,34127900
2026-08-17,PETR4,42.349998474121094,42.7599983215332,41.720001220703125,42.470001220703125,41.17755126953125,47636500
2026-08-18,PETR4,42.79999923706055,43.20000076293945,42.41999816894531,42.599998474121094,41.303592681884766,36838100
2026-08-19,PETR4,42.84000015258789,43.970001220703125,42.84000015258789,43.11000061035156,41.798072814941406,49580800
2026-08-20,PETR4,43.75,44.630001068115234,43.470001220703125,44.31999969482422,42.971248626708984,44893400
2026-08-21,PETR4,44.34000015258789,44.619998931884766,44.15999984741211,44.29999923706055,42.95185852050781,52792400
2026-08-24,PETR4,42.599998474121094,42.63999938964844,41.619998931884766,42.11000061035156,42.11000061035156,49502500
2026-08-25,PETR4,41.18000030517578,41.90999984741211,41.0099983215332,41.349998474121094,41.349998474121094,85920800
2026-08-26,PETR4,41.13999938964844,42.27000045776367,40.970001220703125,41.45000076293945,41.45000076293945,74631000
2026-08-27,PETR4,41.45000076293945,42.88999938964844,41.0,42.70000076293945,42.70000076293945,43197800
2026-08-28,PETR4,42.720001220703125,43.599998474121094,42.619998931884766,43.54999923706055,43.54999923706055,46135600
2026-08-31,PETR4,44.619998931884766,45.34000015258789,44.33000183105469,45.02000045776367,45.02000045776367,68431400
2026-09-01,PETR4,45.5,46.939998626708984,45.5,46.869998931884766,46.869998931884766,49726600
2026-09-02,PETR4,46.81999969482422,48.25,46.560001373291016,48.20000076293945,48.20000076293945,54091600
2026-09-03,PETR4,48.459999084472656,49.189998626708984,47.45000076293945,47.560001373291016,47.560001373291016,51488400
2026-09-04,PETR4,47.31999969482422,47.45000076293945,46.720001220703125,47.11000061035156,47.11000061035156,28838000
2026-09-08,PETR4,48.099998474121094,48.5,47.529998779296875,48.09000015258789,48.09000015258789,34388500
2023-09-11,VALE3,68.0999984741211,68.18000030517578,67.54000091552734,67.66999816894531,51.637733459472656,19493800
2023-09-12,VALE3,68.0,68.26000213623047,67.44000244140625,67.62000274658203,51.599578857421875,14201300
2023-09-13,VALE3,67.66999816894531,67.77999877929688,67.1500015258789,67.36000061035156,51.401180267333984,15448400
2023-09-14,VALE3,69.30000305175781,70.68000030517578,69.05000305175781,70.12000274658203,53.50728988647461,62390300
2023-09-15,VALE3,71.0,71.2300033569336,69.54000091552734,69.54000091552734,53.064697265625,37901700
2023-09-18,VALE3,69.54000091552734,70.05000305175781,68.55000305175781,68.72000122070312,52.43897247314453,21849000
2023-09-19,VALE3,68.66999816894531,69.25,68.20999908447266,68.8499984741211,52.53816604614258,43870300
2023-09-20,VALE3,69.27999877929688,69.7699966430664,69.04000091552734,69.30999755859375,52.889190673828125,14372200
2023-09-21,VALE3,68.30000305175781,68.45999908447266,67.5,67.5,51.508018493652344,21686000
2023-09-22,VALE3,68.38999938964844,68.87000274658203,67.93000030517578,68.0,51.889556884765625,17063700
2023-09-25,VALE3,67.01000213623047,67.02999877929688,65.7699966430664,66.5999984741211,50.821231842041016,34715000
2023-09-26,VALE3,65.69999694824219,66.26000213623047,65.37000274658203,65.55999755859375,50.02763366699219,24178800
2023-09-27,VALE3,66.0999984741211,66.19000244140625,65.30999755859375,65.69999694824219,50.134464263916016,17109300
2023-09-28,VALE3,66.11000061035156,67.04000091552734,65.95999908447266,66.69999694824219,50.897544860839844,26072300
2023-09-29,VALE3,67.30999755859375,67.6500015258789,67.04000091552734,67.58000183105469,51.569061279296875,19018000
2023-10-02,VALE3,67.58000183105469,67.72000122070312,66.62000274658203,66.98999786376953,51.11884689331055,11175900
2023-10-03,VALE3,66.08000183105469,66.95999908447266,66.06999969482422,66.58000183105469,50.80597686767578,15268800
2023-10-04,VALE3,66.4000015258789,66.77999877929688,65.52999877929688,65.87000274658203,50.264190673828125,14377000
2023-10-05,VALE3,65.87000274658203,66.44999694824219,65.66000366210938,65.9000015258789,50.28708267211914,11556300
2023-10-06,VALE3,65.88999938964844,67.44999694824219,65.81999969482422,66.86000061035156,51.0196418762207,22711400
2023-10-09,VALE3,65.7300033569336,66.37999725341797,65.38999938964844,66.37999725341797,50.653358459472656,14392200
2023-10-10,VALE3,67.05999755859375,67.47000122070312,66.69999694824219,66.77999877929688,50.95859909057617,18261700
2023-10-11,VALE3,66.80999755859375,67.43000030517578,66.69000244140625,67.36000061035156,51.401180267333984,13659400
2023-10-13,VALE3,67.19999694824219,67.30000305175781,66.45999908447266,66.58999633789062,50.813602447509766,16302700
2023-10-16,VALE3,67.4000015258789,67.75,67.18000030517578,67.30000305175781,51.35539627075195,13103300
2023-10-17,VALE3,67.0,68.05000305175781,66.58999633789062,67.8499984741211,51.77509307861328,24031000
2023-10-18,VALE3,67.23999786376953,67.30000305175781,65.33000183105469,65.36000061035156,49.87501525878906,34907300
2023-10-19,VALE3,65.30000305175781,65.6500015258789,64.41999816894531,64.41999816894531,49.15772247314453,22855500
2023-10-20,VALE3,63.31999969482422,63.470001220703125,62.0,62.68000030517578,47.829959869384766,58015100
2023-10-23,VALE3,62.38999938964844,62.93000030517578,62.11000061035156,62.560001373291016,47.7383918762207,17595000
2023-10-24,VALE3,64.0,64.2699966430664,63.56999969482422,63.9900016784668,48.82958984375,21768800
2023-10-25,VALE3,64.69999694824219,65.18000030517578,63.75,63.93000030517578,48.7838134765625,26091800
2023-10-26,VALE3,63.79999923706055,65.37000274658203,63.61000061035156,65.30000305175781,49.82923889160156,30936700
2023-10-27,VALE3,65.47000122070312,67.76000213623047,64.70999908447266,67.56999969482422,51.561424255371094,47989100
2023-10-30,VALE3,68.4000015258789,68.88999938964844,68.04000091552734,68.18000030517578,52.02690887451172,26604100
2023-10-31,VALE3,67.7699966430664,69.23999786376953,67.56999969482422,69.0,52.65263366699219,20961400
2023-11-01,VALE3,69.26000213623047,70.69999694824219,69.25,70.31999969482422,53.65990447998047,31543500
2023-11-03,VALE3,71.25,71.61000061035156,70.93000030517578,71.19999694824219,54.3314094543457,28599600
2023-11-06,VALE3,71.19999694824219,71.80000305175781,71.19999694824219,71.5,54.560340881347656,19096300
2023-11-07,VALE3,70.83000183105469,71.0999984741211,69.23999786376953,70.08000183105469,53.476768493652344,37073000
2023-11-08,VALE3,70.12000274658203,70.86000061035156,69.81999969482422,70.12999725341797,53.51491928100586,21047900
2023-11-09,VALE3,70.5,71.13999938964844,70.22000122070312,70.47000122070312,53.77436447143555,16542700
2023-11-10,VALE3,71.4000015258789,71.7300033569336,70.9000015258789,71.55000305175781,54.59850311279297,22200500
2023-11-13,VALE3,72.0,72.48999786376953,70.93000030517578,71.4000015258789,54.484031677246094,14410500
2023-11-14,VALE3,72.0199966430664,74.30000305175781,71.9000015258789,73.61000061035156,56.170440673828125,52233600
2023-11-16,VALE3,73.0999984741211,74.33999633789062,73.01000213623047,74.0999984741211,56.54435348510742,31235400
2023-11-17,VALE3,74.2300033569336,74.6500015258789,74.0999984741211,74.23999786376953,56.651180267333984,24538600
2023-11-20,VALE3,75.80000305175781,76.6500015258789,75.43000030517578,76.05999755859375,58.03999710083008,28810100
2023-11-21,VALE3,77.29000091552734,78.55000305175781,76.8499984741211,77.9000015258789,59.44405746459961,45317800
2023-11-22,VALE3,75.8499984741211,76.06999969482422,74.20999908447266,74.8499984741211,58.87900161743164,33715300
2023-11-23,VALE3,74.37000274658203,74.62000274658203,74.08000183105469,74.37999725341797,58.50927734375,10279200
2023-11-24,VALE3,74.5,74.5,73.4000015258789,73.75,58.01370620727539,16667000
2023-11-27,VALE3,73.44000244140625,73.86000061035156,72.9000015258789,73.30999755859375,57.66758728027344,17312300
2023-11-28,VALE3,72.27999877929688,73.7699966430664,72.16000366210938,73.47000122070312,57.79346466064453,22019000
2023-11-29,VALE3,73.80000305175781,74.0,72.70999908447266,73.44999694824219,57.777713775634766,15853100
2023-11-30,VALE3,74.01000213623047,74.44000244140625,73.72000122070312,73.8499984741211,58.092369079589844,29712900
2023-12-01,VALE3,74.7300033569336,75.4800033569336,74.41999816894531,75.22000122070312,59.17005920410156,25025200
2023-12-04,VALE3,74.23999786376953,74.5,73.04000091552734,73.52999877929688,57.84065246582031,22402300
2023-12-05,VALE3,73.2300033569336,73.37000274658203,72.52999877929688,72.8499984741211,57.30574417114258,25179500
2023-12-06,VALE3,73.5,73.91999816894531,72.12000274658203,72.37000274658203,56.92816925048828,20503900
2023-12-07,VALE3,72.69000244140625,73.08000183105469,72.41999816894531,72.5999984741211,57.10908889770508,17535800
2023-12-08,VALE3,73.0999984741211,73.26000213623047,72.33000183105469,72.80000305175781,57.26641845703125,16083200
2023-12-11,VALE3,72.08000183105469,73.23999786376953,71.76000213623047,72.86000061035156,57.31361389160156,15443400
2023-12-12,VALE3,73.5999984741211,73.8499984741211,72.5999984741211,72.98999786376953,57.415870666503906,11036300
2023-12-13,VALE3,72.5,73.31999969482422,72.30999755859375,73.0,57.423744201660156,25288200
2023-12-14,VALE3,74.0,74.26000213623047,73.36000061035156,73.4000015258789,57.73839569091797,29454300
2023-12-15,VALE3,74.05999755859375,74.30000305175781,73.51000213623047,73.86000061035156,58.1002311706543,23279500
2023-12-18,VALE3,74.05999755859375,74.93000030517578,73.70999908447266,74.20999908447266,58.375553131103516,16333400
2023-12-19,VALE3,74.69999694824219,75.08999633789062,74.37000274658203,74.7300033569336,58.784603118896484,21763700
2023-12-20,VALE3,74.7300033569336,75.41000366210938,74.48999786376953,74.48999786376953,58.59580993652344,14147900
2023-12-21,VALE3,75.44999694824219,77.05000305175781,75.31999969482422,76.97000122070312,60.5466423034668,24202600
2023-12-22,VALE3,77.12999725341797,78.19999694824219,76.29000091552734,76.38999938964844,60.09040451049805,26277000
2023-12-26,VALE3,77.16000366210938,77.44999694824219,76.66000366210938,76.66000366210938,60.30280303955078,12149500
2023-12-27,VALE3,76.8499984741211,77.55000305175781,76.8499984741211,77.4000015258789,60.88489532470703,13821200
2023-12-28,VALE3,77.0,77.45999908447266,76.75,77.19999694824219,60.72756576538086,16545800
2024-01-02,VALE3,77.5999984741211,78.18000030517578,76.58999633789062,77.05000305175781,60.60957336425781,18021800
2024-01-03,VALE3,76.70999908447266,76.9000015258789,75.8499984741211,76.6500015258789,60.294925689697266,25315100
2024-01-04,VALE3,76.43000030517578,76.63999938964844,75.36000061035156,75.62000274658203,59.48469924926758,18707000
2024-01-05,VALE3,75.02999877929688,75.05000305175781,74.12000274658203,74.6500015258789,58.7216796875,21082500
2024-01-08,VALE3,73.94000244140625,74.55999755859375,73.51000213623047,74.2699966430664,58.42274856567383,23013300
2024-01-09,VALE3,74.0999984741211,74.16000366210938,73.1500015258789,73.33000183105469,57.68333053588867,15257400
2024-01-10,VALE3,72.79000091552734,72.79000091552734,71.94999694824219,72.2300033569336,56.81804656982422,21354600
2024-01-11,VALE3,72.44999694824219,72.91000366210938,71.8499984741211,72.61000061035156,57.1169548034668,20289100
2024-01-12,VALE3,72.19999694824219,72.69999694824219,71.63999938964844,71.69000244140625,56.39326095581055,16343400
2024-01-15,VALE3,71.22000122070312,71.69999694824219,70.69999694824219,71.55000305175781,56.283138275146484,12745700
2024-01-16,VALE3,71.5999984741211,71.79000091552734,70.26000213623047,70.62000274658203,55.55157470703125,22620300
2024-01-17,VALE3,70.2699966430664,70.45999908447266,69.0,69.3499984741211,54.552555084228516,43086400
2024-01-18,VALE3,70.19999694824219,70.4000015258789,69.0,69.0,54.27723693847656,30490600
2024-01-19,VALE3,69.5,69.51000213623047,68.05000305175781,68.0999984741211,53.56926727294922,60583000
2024-01-22,VALE3,67.5,67.9800033569336,67.11000061035156,67.80000305175781,53.33328628540039,23318900
2024-01-23,VALE3,68.94999694824219,69.7699966430664,68.44999694824219,69.19999694824219,54.43456268310547,33886800
2024-01-24,VALE3,70.30000305175781,70.83000183105469,69.75,69.9000015258789,54.985198974609375,36922100
2024-01-25,VALE3,70.0,70.41000366210938,67.36000061035156,68.18000030517578,53.6322021484375,47637000
2024-01-26,VALE3,67.9000015258789,69.80999755859375,67.5,69.5,54.67054748535156,27397200
2024-01-29,VALE3,69.48999786376953,69.48999786376953,68.2300033569336,69.16999816894531,54.41095733642578,15866100
2024-01-30,VALE3,69.4000015258789,69.5999984741211,67.88999938964844,68.77999877929688,54.10417556762695,34371300
2024-01-31,VALE3,68.0999984741211,68.58000183105469,67.76000213623047,67.76000213623047,53.30181884765625,34753400
2024-02-01,VALE3,67.87000274658203,68.2699966430664,67.1500015258789,67.44999694824219,53.05796432495117,21060300
2024-02-02,VALE3,67.26000213623047,67.2699966430664,65.91000366210938,66.08000183105469,51.98028564453125,32589900
2024-02-05,VALE3,65.9000015258789,66.19999694824219,65.3499984741211,65.51000213623047,51.53190231323242,24103300
2024-02-06,VALE3,66.06999969482422,66.91000366210938,65.77999877929688,66.66999816894531,52.44439697265625,27505600
2024-02-07,VALE3,66.81999969482422,67.05999755859375,66.5,66.80000305175781,52.54665756225586,19863400
2024-02-08,VALE3,67.48999786376953,67.48999786376953,65.97000122070312,66.20999908447266,52.082542419433594,25812100
2024-02-09,VALE3,66.0999984741211,66.58999633789062,65.37999725341797,65.91999816894531,51.85441970825195,18534800
2024-02-14,VALE3,65.98999786376953,66.13999938964844,65.51000213623047,65.72000122070312,51.69710159301758,12497900
2024-02-15,VALE3,65.5,65.87000274658203,65.04000091552734,65.51000213623047,51.53190231323242,17360200
2024-02-16,VALE3,66.48999786376953,68.31999969482422,66.33999633789062,68.0,53.49060821533203,40947100
2024-02-19,VALE3,67.04000091552734,67.58999633789062,66.63999938964844,67.48999786376953,53.08942413330078,12571600
2024-02-20,VALE3,66.1500015258789,66.36000061035156,65.19000244140625,66.01000213623047,51.92522048950195,44417200
2024-02-21,VALE3,65.62000274658203,66.62999725341797,65.5999984741211,66.51000213623047,52.31853485107422,20362800
2024-02-22,VALE3,66.83999633789062,67.80000305175781,66.80000305175781,67.22000122070312,52.87704086303711,35910500
2024-02-23,VALE3,68.25,69.06999969482422,67.23999786376953,67.37999725341797,53.00289535522461,42133700
2024-02-26,VALE3,66.54000091552734,66.55000305175781,65.44999694824219,65.75,51.72069549560547,33864400
2024-02-27,VALE3,66.5,67.66999816894531,66.36000061035156,67.4800033569336,53.081565856933594,28141800
2024-02-28,VALE3,66.80000305175781,67.22000122070312,66.33000183105469,66.73999786376953,52.499454498291016,20331500
2024-02-29,VALE3,66.55000305175781,67.4800033569336,66.48999786376953,66.98999786376953,52.69611740112305,20717000
2024-03-01,VALE3,66.88999938964844,67.05999755859375,66.37000274658203,66.87999725341797,52.60958480834961,22423300
2024-03-04,VALE3,66.94999694824219,67.19999694824219,66.38999938964844,66.7300033569336,52.49159622192383,13148000
2024-03-05,VALE3,66.0,66.29000091552734,65.5999984741211,65.8499984741211,51.799354553222656,24436500
2024-03-06,VALE3,66.22000122070312,67.08000183105469,66.16999816894531,66.75,52.507320404052734,33510700
2024-03-07,VALE3,67.45999908447266,67.66000366210938,66.45999908447266,66.5199966430664,52.32640075683594,19036200
2024-03-08,VALE3,66.19999694824219,66.9800033569336,65.9000015258789,66.01000213623047,51.92522048950195,23188200
2024-03-11,VALE3,64.77999877929688,64.77999877929688,63.720001220703125,63.959999084472656,50.31264114379883,58622400
2024-03-12,VALE3,62.36000061035156,62.56999969482422,60.65999984741211,60.84000015258789,49.99915313720703,44680100
2024-03-13,VALE3,60.599998474121094,61.38999938964844,60.290000915527344,61.22999954223633,50.31965637207031,32769200
2024-03-14,VALE3,61.099998474121094,61.13999938964844,60.16999816894531,60.45000076293945,49.67864990234375,30085800
2024-03-15,VALE3,60.099998474121094,60.2400016784668,59.36000061035156,59.7599983215332,49.11159896850586,57064200
2024-03-18,VALE3,60.4900016784668,61.0,60.0099983215332,60.900001525878906,50.0484619140625,21371000
2024-03-19,VALE3,61.72999954223633,62.04999923706055,61.29999923706055,61.400001525878906,50.459373474121094,16888900
2024-03-20,VALE3,61.40999984741211,61.81999969482422,60.91999816894531,61.810001373291016,50.79631423950195,18210000
2024-03-21,VALE3,62.43000030517578,62.630001068115234,61.59000015258789,61.65999984741211,50.67304229736328,18445500
2024-03-22,VALE3,61.5,61.560001373291016,60.93000030517578,60.95000076293945,50.08955001831055,11058400
2024-03-25,VALE3,61.02000045776367,61.31999969482422,60.650001525878906,60.81999969482422,49.98271560668945,10478200
2024-03-26,VALE3,60.310001373291016,60.52000045776367,59.59000015258789,60.04999923706055,49.349918365478516,27142700
2024-03-27,VALE3,59.79999923706055,60.66999816894531,59.689998626708984,60.599998474121094,49.801918029785156,23927000
2024-03-28,VALE3,60.619998931884766,61.09000015258789,60.06999969482422,60.83000183105469,49.99094009399414,18467000
2024-04-01,VALE3,61.599998474121094,61.900001525878906,61.0,61.220001220703125,50.31144714355469,16740100
2024-04-02,VALE3,61.369998931884766,62.470001220703125,61.29999923706055,61.939998626708984,50.90314865112305,22583000
2024-04-03,VALE3,61.369998931884766,61.63999938964844,60.54999923706055,61.04999923706055,50.17173385620117,22319900
2024-04-04,VALE3,60.900001525878906,61.290000915527344,60.16999816894531,60.369998931884766,49.61289978027344,22990500
2024-04-05,VALE3,60.279998779296875,60.47999954223633,59.61000061035156,59.709999084472656,49.070499420166016,15379000
2024-04-08,VALE3,61.099998474121094,63.130001068115234,60.79999923706055,62.970001220703125,51.74961471557617,40281300
2024-04-09,VALE3,63.630001068115234,63.869998931884766,62.0099983215332,62.54999923706055,51.40445327758789,37026100
2024-04-10,VALE3,62.33000183105469,62.45000076293945,61.43000030517578,61.599998474121094,50.62372970581055,21206800
2024-04-11,VALE3,61.790000915527344,62.11000061035156,61.33000183105469,61.86000061035156,50.83740234375,16338700
2024-04-12,VALE3,62.79999923706055,63.380001068115234,61.40999984741211,61.630001068115234,50.64838790893555,25740900
2024-04-15,VALE3,62.29999923706055,62.849998474121094,61.959999084472656,61.9900016784668,50.94424057006836,28567300
2024-04-16,VALE3,61.130001068115234,61.599998474121094,60.70000076293945,61.439998626708984,50.49223709106445,29973800
2024-04-17,VALE3,63.040000915527344,63.470001220703125,61.959999084472656,62.11000061035156,51.0428581237793,34220700
2024-04-18,VALE3,62.689998626708984,62.720001220703125,61.90999984741211,62.34000015258789,51.231868743896484,19932500
2024-04-19,VALE3,62.2400016784668,63.54999923706055,62.09000015258789,63.36000061035156,52.07012176513672,32882400
2024-04-22,VALE3,63.029998779296875,63.58000183105469,62.29999923706055,63.33000183105469,52.045475006103516,27171200
2024-04-23,VALE3,62.65999984741211,63.09000015258789,62.0099983215332,62.779998779296875,51.59347152709961,23160500
2024-04-24,VALE3,63.560001373291016,64.08999633789062,63.150001525878906,63.560001373291016,52.23448181152344,25212800
2024-04-25,VALE3,62.68000030517578,63.040000915527344,61.90999984741211,62.220001220703125,51.133262634277344,27231000
2024-04-26,VALE3,62.220001220703125,62.220001220703125,62.220001220703125,62.220001220703125,51.133262634277344,0
2024-04-29,VALE3,62.880001068115234,63.95000076293945,62.79999923706055,63.900001525878906,52.5139045715332,18487200
2024-04-30,VALE3,63.5,63.7400016784668,62.93000030517578,63.290000915527344,52.012596130371094,15597400
2024-05-02,VALE3,63.70000076293945,64.25,63.220001220703125,63.91999816894531,52.530338287353516,17852900
2024-05-03,VALE3,64.16999816894531,64.41999816894531,63.349998474121094,63.9900016784668,52.58786392211914,23681200
2024-05-06,VALE3,64.22000122070312,64.69999694824219,63.95000076293945,64.18000030517578,52.74401092529297,13423600
2024-05-07,VALE3,64.75,65.18000030517578,64.30000305175781,64.58000183105469,53.072731018066406,21315200
2024-05-08,VALE3,63.650001525878906,64.2300033569336,63.59000015258789,63.9900016784668,52.58786392211914,18245800
2024-05-09,VALE3,63.900001525878906,64.93000030517578,63.779998779296875,64.51000213623047,53.01520919799805,19672800
2024-05-10,VALE3,64.75,64.94999694824219,64.16000366210938,64.29000091552734,52.83441162109375,13705000
2024-05-13,VALE3,64.69999694824219,65.05000305175781,64.38999938964844,64.66999816894531,53.146697998046875,14504100
2024-05-14,VALE3,64.47000122070312,64.75,64.0199966430664,64.62999725341797,53.113826751708984,13313500
2024-05-15,VALE3,64.44999694824219,64.63999938964844,63.459999084472656,64.44000244140625,52.95768737792969,21292100
2024-05-16,VALE3,64.9800033569336,65.16999816894531,64.41000366210938,64.91000366210938,53.34394073486328,16647700
2024-05-17,VALE3,65.25,66.3499984741211,65.16999816894531,66.18000030517578,54.387638092041016,32338800
2024-05-20,VALE3,66.13999938964844,66.5999984741211,65.72000122070312,66.1500015258789,54.36298751831055,22222300
2024-05-21,VALE3,66.75,67.0999984741211,65.9000015258789,65.95999908447266,54.20684051513672,23042800
2024-05-22,VALE3,66.0,66.3499984741211,65.08000183105469,65.44000244140625,53.77949523925781,17404000
2024-05-23,VALE3,65.22000122070312,65.4000015258789,64.58000183105469,65.05000305175781,53.45899200439453,16445800
2024-05-24,VALE3,65.0,65.66000366210938,64.9000015258789,65.08000183105469,53.483646392822266,11731900
2024-05-27,VALE3,64.91000366210938,65.30000305175781,64.70999908447266,65.30000305175781,53.664451599121094,5119400
2024-05-28,VALE3,65.27999877929688,65.29000091552734,63.349998474121094,63.88999938964844,52.50568389892578,22173900
2024-05-29,VALE3,63.439998626708984,63.72999954223633,62.970001220703125,63.2400016784668,51.97151184082031,16496900
2024-05-31,VALE3,62.88999938964844,63.45000076293945,62.790000915527344,63.20000076293945,51.93863296508789,23383600
2024-06-03,VALE3,62.84000015258789,62.849998474121094,61.689998626708984,61.869998931884766,50.84562301635742,18846500
2024-06-04,VALE3,61.38999938964844,61.400001525878906,60.70000076293945,61.2400016784668,50.327884674072266,19865100
2024-06-05,VALE3,61.099998474121094,61.18000030517578,60.310001373291016,60.369998931884766,49.61289978027344,18000800
2024-06-06,VALE3,60.77000045776367,61.33000183105469,60.36000061035156,61.209999084472656,50.303218841552734,17888300
2024-06-07,VALE3,60.689998626708984,60.869998931884766,60.27000045776367,60.40999984741211,49.64577102661133,14822100
2024-06-10,VALE3,60.599998474121094,61.310001373291016,60.400001525878906,61.06999969482422,50.18817138671875,14762900
2024-06-11,VALE3,60.400001525878906,61.040000915527344,59.709999084472656,60.97999954223633,50.11420822143555,24588400
2024-06-12,VALE3,61.15999984741211,61.45000076293945,59.90999984741211,60.13999938964844,49.423885345458984,21969600
2024-06-13,VALE3,60.31999969482422,61.04999923706055,60.220001220703125,60.83000183105469,49.99094009399414,13692600
2024-06-14,VALE3,60.849998474121094,60.880001068115234,60.2599983215332,60.619998931884766,49.81835174560547,12282100
2024-06-17,VALE3,60.040000915527344,60.45000076293945,59.84000015258789,60.380001068115234,49.621116638183594,13976100
2024-06-18,VALE3,60.349998474121094,60.880001068115234,60.220001220703125,60.65999984741211,49.851226806640625,12239900
2024-06-19,VALE3,60.5099983215332,61.08000183105469,60.369998931884766,60.849998474121094,50.00736999511719,8744100
2024-06-20,VALE3,61.04999923706055,61.619998931884766,60.81999969482422,61.400001525878906,50.459373474121094,19497200
2024-06-21,VALE3,61.029998779296875,61.36000061035156,60.7400016784668,60.83000183105469,49.99094009399414,39134100
2024-06-24,VALE3,60.470001220703125,61.08000183105469,60.400001525878906,60.900001525878906,50.0484619140625,13669000
2024-06-25,VALE3,60.9900016784668,61.040000915527344,60.279998779296875,60.650001525878906,49.843013763427734,13962500
2024-06-26,VALE3,61.06999969482422,61.58000183105469,60.90999984741211,61.400001525878906,50.459373474121094,17096700
2024-06-27,VALE3,61.45000076293945,61.560001373291016,60.86000061035156,61.560001373291016,50.59086608886719,13755300
2024-06-28,VALE3,61.68000030517578,62.54999923706055,61.63999938964844,62.220001220703125,51.133262634277344,22429400
2024-07-01,VALE3,62.709999084472656,63.33000183105469,62.599998474121094,63.13999938964844,51.889320373535156,20236800
2024-07-02,VALE3,63.08000183105469,63.34000015258789,62.459999084472656,62.93000030517578,51.71674346923828,24335300
2024-07-03,VALE3,63.459999084472656,64.83999633789062,63.45000076293945,64.18000030517578,52.74401092529297,29884200
2024-07-04,VALE3,64.63999938964844,64.69999694824219,63.83000183105469,63.86000061035156,52.48102951049805,7984300
2024-07-05,VALE3,63.29999923706055,63.849998474121094,63.189998626708984,63.599998474121094,52.26736068725586,13138400
2024-07-08,VALE3,63.08000183105469,63.2400016784668,62.66999816894531,63.099998474121094,51.85645294189453,18662500
2024-07-09,VALE3,62.970001220703125,63.22999954223633,62.709999084472656,63.02000045776367,51.79071044921875,9794400
2024-07-10,VALE3,62.66999816894531,62.75,61.84000015258789,62.16999816894531,51.0921630859375,17384000
2024-07-11,VALE3,62.41999816894531,62.689998626708984,61.84000015258789,62.0099983215332,50.96067428588867,13413600
2024-07-12,VALE3,62.06999969482422,62.91999816894531,61.959999084472656,62.91999816894531,51.708526611328125,13141700
2024-07-15,VALE3,62.79999923706055,63.18000030517578,62.41999816894531,62.9900016784668,51.76605224609375,10198000
2024-07-16,VALE3,62.290000915527344,62.34000015258789,61.369998931884766,62.33000183105469,51.22365951538086,22363900
2024-07-17,VALE3,61.880001068115234,62.02000045776367,61.58000183105469,61.75,50.74700164794922,23145000
2024-07-18,VALE3,61.70000076293945,61.90999984741211,61.060001373291016,61.16999816894531,50.270347595214844,20625500
2024-07-19,VALE3,61.20000076293945,61.380001068115234,60.439998626708984,61.119998931884766,50.2292594909668,20553900
2024-07-22,VALE3,61.119998931884766,61.27000045776367,60.72999954223633,61.04999923706055,50.17173385620117,13095200
2024-07-23,VALE3,60.599998474121094,60.599998474121094,60.0,60.22999954223633,49.49784469604492,22512000
2024-07-24,VALE3,60.2599983215332,60.75,60.209999084472656,60.599998474121094,49.801918029785156,17817300
2024-07-25,VALE3,60.5,61.189998626708984,60.2599983215332,60.56999969482422,49.777259826660156,17959500
2024-07-26,VALE3,61.45000076293945,61.7400016784668,61.0099983215332,61.470001220703125,50.51689910888672,72721200
2024-07-29,VALE3,61.689998626708984,61.79999923706055,61.150001525878906,61.58000183105469,50.6072998046875,28005900
2024-07-30,VALE3,61.029998779296875,61.11000061035156,60.20000076293945,60.220001220703125,49.48963165283203,28562300
2024-07-31,VALE3,60.90999984741211,61.68000030517578,60.7599983215332,61.630001068115234,50.64838790893555,34433100
2024-08-01,VALE3,61.849998474121094,61.869998931884766,60.220001220703125,60.25,49.514278411865234,40469400
2024-08-02,VALE3,60.63999938964844,60.849998474121094,59.36000061035156,59.40999984741211,48.82395935058594,35296000
2024-08-05,VALE3,56.310001373291016,57.38999938964844,55.900001525878906,57.02000045776367,48.5716438293457,24635900
2024-08-06,VALE3,56.7400016784668,57.52000045776367,56.29999923706055,57.310001373291016,48.81867980957031,23930200
2024-08-07,VALE3,57.310001373291016,57.59000015258789,57.02000045776367,57.20000076293945,48.724979400634766,19243400
2024-08-08,VALE3,57.029998779296875,57.5,56.81999969482422,56.849998474121094,48.42683410644531,14584800
2024-08-09,VALE3,57.119998931884766,57.15999984741211,56.5,57.060001373291016,48.60572052001953,21989300
2024-08-12,VALE3,57.099998474121094,57.11000061035156,56.52000045776367,56.77000045776367,48.35868453979492,18421500
2024-08-13,VALE3,56.9900016784668,56.9900016784668,56.52000045776367,56.52000045776367,48.145729064941406,26100900
2024-08-14,VALE3,55.959999084472656,56.09000015258789,55.47999954223633,56.0,47.70277786254883,51693500
2024-08-15,VALE3,55.900001525878906,56.36000061035156,55.689998626708984,56.22999954223633,47.89869689941406,28153700
2024-08-16,VALE3,55.95000076293945,56.09000015258789,55.529998779296875,56.08000183105469,47.77091979980469,44280200
2024-08-19,VALE3,56.52000045776367,57.52000045776367,56.36000061035156,56.97999954223633,48.53757095336914,28349600
2024-08-20,VALE3,57.380001068115234,57.59000015258789,56.810001373291016,57.20000076293945,48.724979400634766,19475800
2024-08-21,VALE3,58.25,58.560001373291016,58.099998474121094,58.29999923706055,49.66199493408203,23200300
2024-08-22,VALE3,58.2400016784668,58.380001068115234,57.849998474121094,58.380001068115234,49.73014450073242,17719100
2024-08-23,VALE3,58.2599983215332,58.380001068115234,57.25,57.400001525878906,48.89534378051758,24018700
2024-08-26,VALE3,58.5,58.54999923706055,58.04999923706055,58.04999923706055,49.44903564453125,17168700
2024-08-27,VALE3,59.70000076293945,60.13999938964844,59.09000015258789,59.79999923706055,50.93974304199219,35232600
2024-08-28,VALE3,59.369998931884766,59.5,58.68000030517578,59.369998931884766,50.57345962524414,21280300
2024-08-29,VALE3,59.40999984741211,59.970001220703125,59.099998474121094,59.29999923706055,50.51382827758789,19175500
2024-08-30,VALE3,59.119998931884766,59.72999954223633,59.08000183105469,59.58000183105469,50.75234603881836,36685200
2024-09-02,VALE3,58.81999969482422,58.880001068115234,58.41999816894531,58.7400016784668,50.036800384521484,13155000
2024-09-03,VALE3,57.95000076293945,57.95000076293945,56.470001220703125,56.54999923706055,48.17128372192383,29504400
2024-09-04,VALE3,56.70000076293945,57.439998626708984,56.470001220703125,56.9900016784668,48.54609298706055,19501800
2024-09-05,VALE3,56.88999938964844,57.63999938964844,56.72999954223633,57.400001525878906,48.89534378051758,16585500
2024-09-06,VALE3,57.5,57.52000045776367,56.58000183105469,56.68000030517578,48.28202438354492,17917900
2024-09-09,VALE3,57.11000061035156,57.34000015258789,56.66999816894531,56.68000030517578,48.28202438354492,10204400
2024-09-10,VALE3,56.84000015258789,56.900001525878906,55.93000030517578,56.0,47.70277786254883,17580600
2024-09-11,VALE3,56.7400016784668,57.650001525878906,56.709999084472656,57.59000015258789,49.05718994140625,25592400
2024-09-12,VALE3,58.099998474121094,58.540000915527344,57.959999084472656,58.11000061035156,49.500144958496094,17929800
2024-09-13,VALE3,58.099998474121094,59.0,58.029998779296875,58.5,49.83236312866211,15045100
2024-09-16,VALE3,58.43000030517578,58.54999923706055,58.08000183105469,58.5,49.83236312866211,10548000
2024-09-17,VALE3,58.369998931884766,58.54999923706055,57.900001525878906,58.220001220703125,49.59385299682617,12056600
2024-09-18,VALE3,57.59000015258789,58.16999816894531,57.45000076293945,57.540000915527344,49.01459884643555,14429800
2024-09-19,VALE3,58.56999969482422,58.849998474121094,58.16999816894531,58.22999954223633,49.60236740112305,19328400
2024-09-20,VALE3,57.709999084472656,58.15999984741211,56.95000076293945,57.349998474121094,48.852752685546875,30842600
2024-09-23,VALE3,57.09000015258789,57.86000061035156,56.599998474121094,57.529998779296875,49.006080627441406,18164700
2024-09-24,VALE3,60.209999084472656,60.7400016784668,59.63999938964844,60.34000015258789,51.399742126464844,44910100
2024-09-25,VALE3,60.720001220703125,61.25,60.41999816894531,60.61000061035156,51.62973403930664,21557700
2024-09-26,VALE3,62.599998474121094,64.37999725341797,62.45000076293945,64.25,54.730411529541016,61449300
2024-09-27,VALE3,64.69999694824219,65.04000091552734,63.16999816894531,63.959999084472656,54.4833869934082,37237900
2024-09-30,VALE3,65.31999969482422,65.31999969482422,63.5099983215332,63.5099983215332,54.10005569458008,28980300
2024-10-01,VALE3,63.5,64.25,63.150001525878906,63.81999969482422,54.3641242980957,18091500
2024-10-02,VALE3,64.41999816894531,65.3499984741211,63.970001220703125,64.16999816894531,54.66226577758789,20310600
2024-10-03,VALE3,63.630001068115234,63.79999923706055,62.43000030517578,62.939998626708984,53.614505767822266,26675400
2024-10-04,VALE3,62.91999816894531,63.0099983215332,62.29999923706055,62.47999954223633,53.22266387939453,16268300
2024-10-07,VALE3,62.900001525878906,63.7400016784668,62.439998626708984,63.029998779296875,53.6911735534668,22467400
2024-10-08,VALE3,60.810001373291016,61.119998931884766,60.650001525878906,61.119998931884766,52.064170837402344,38028100
2024-10-09,VALE3,60.66999816894531,61.060001373291016,60.25,60.959999084472656,51.92787551879883,22758400
2024-10-10,VALE3,61.45000076293945,61.45000076293945,60.75,61.25,52.17490768432617,17192100
2024-10-11,VALE3,60.9900016784668,62.27000045776367,60.97999954223633,62.130001068115234,52.924522399902344,20939400
2024-10-14,VALE3,62.31999969482422,62.52000045776367,61.33000183105469,61.93000030517578,52.7541618347168,44954000
2024-10-15,VALE3,61.099998474121094,61.20000076293945,60.56999969482422,61.16999816894531,52.10676574707031,25559300
2024-10-16,VALE3,61.93000030517578,62.380001068115234,61.58000183105469,62.34000015258789,53.10341262817383,29731800
2024-10-17,VALE3,61.02000045776367,61.31999969482422,60.63999938964844,60.7599983215332,51.75750732421875,20345200
2024-10-18,VALE3,61.189998626708984,61.470001220703125,60.459999084472656,60.54999923706055,51.5786247253418,21823500
2024-10-21,VALE3,61.349998474121094,61.380001068115234,60.27000045776367,60.33000183105469,51.39122009277344,19044900
2024-10-22,VALE3,60.150001525878906,60.65999984741211,59.900001525878906,60.40999984741211,51.45936965942383,14814000
2024-10-23,VALE3,59.88999938964844,59.900001525878906,59.150001525878906,59.349998474121094,50.556419372558594,18289900
2024-10-24,VALE3,59.34000015258789,59.70000076293945,59.209999084472656,59.70000076293945,50.85456466674805,11331700
2024-10-25,VALE3,60.56999969482422,62.470001220703125,60.52000045776367,61.72999954223633,52.58378982543945,38466000
2024-10-28,VALE3,62.5,62.880001068115234,62.189998626708984,62.880001068115234,53.56340026855469,16572400
2024-10-29,VALE3,63.25,63.439998626708984,62.650001525878906,62.65999984741211,53.375999450683594,14941700
2024-10-30,VALE3,62.5,62.689998626708984,62.119998931884766,62.470001220703125,53.21414566040039,12263300
2024-10-31,VALE3,62.34000015258789,62.59000015258789,61.79999923706055,62.060001373291016,52.864898681640625,16553300
2024-11-01,VALE3,62.13999938964844,62.439998626708984,61.790000915527344,62.029998779296875,52.83933639526367,15236400
2024-11-04,VALE3,62.400001525878906,62.869998931884766,62.119998931884766,62.66999816894531,53.38451385498047,12360000
2024-11-05,VALE3,62.95000076293945,63.11000061035156,61.959999084472656,62.119998931884766,52.9160041809082,16368800
2024-11-06,VALE3,61.29999923706055,61.630001068115234,60.7400016784668,61.41999816894531,52.3197135925293,19726800
2024-11-07,VALE3,62.02000045776367,63.9900016784668,62.0,63.560001373291016,54.14265060424805,38173300
2024-11-08,VALE3,61.9900016784668,62.04999923706055,59.70000076293945,60.630001068115234,51.64677047729492,48764700
2024-11-11,VALE3,59.75,59.869998931884766,58.650001525878906,58.650001525878906,49.96013641357422,24483700
2024-11-12,VALE3,58.58000183105469,58.59000015258789,57.20000076293945,57.31999969482422,48.82719421386719,26967600
2024-11-13,VALE3,57.31999969482422,57.720001220703125,57.11000061035156,57.15999984741211,48.69090270996094,20354900
2024-11-14,VALE3,57.15999984741211,57.34000015258789,56.84000015258789,56.84000015258789,48.418312072753906,17967600
2024-11-18,VALE3,57.09000015258789,57.779998779296875,56.970001220703125,57.54999923706055,49.02312088012695,14300000
2024-11-19,VALE3,57.79999923706055,57.97999954223633,57.459999084472656,57.68000030517578,49.13385772705078,12902100
2024-11-21,VALE3,57.5,57.79999923706055,57.209999084472656,57.619998931884766,49.08274841308594,15428500
2024-11-22,VALE3,57.439998626708984,58.27000045776367,57.25,58.18000030517578,49.55977249145508,12590500
2024-11-25,VALE3,58.18000030517578,58.560001373291016,58.119998931884766,58.16999816894531,49.5512580871582,17444500
2024-11-26,VALE3,58.290000915527344,58.4900016784668,57.150001525878906,57.43000030517578,48.9208984375,21406600
2024-11-27,VALE3,57.869998931884766,58.41999816894531,57.599998474121094,58.130001068115234,49.51718521118164,22121200
2024-11-28,VALE3,57.900001525878906,58.79999923706055,57.27000045776367,57.529998779296875,49.006080627441406,20467000
2024-11-29,VALE3,58.25,59.209999084472656,58.150001525878906,58.779998779296875,50.07087707519531,31023600
2024-12-02,VALE3,58.849998474121094,59.380001068115234,58.689998626708984,58.91999816894531,50.190128326416016,18972100
2024-12-03,VALE3,59.29999923706055,59.36000061035156,58.470001220703125,58.470001220703125,49.80680847167969,15957500
2024-12-04,VALE3,58.400001525878906,58.47999954223633,56.959999084472656,57.33000183105469,48.835716247558594,25109200
2024-12-05,VALE3,57.459999084472656,57.79999923706055,56.869998931884766,57.79999923706055,49.23607635498047,14160000
2024-12-06,VALE3,57.470001220703125,57.65999984741211,56.75,56.810001373291016,48.392765045166016,17897900
2024-12-09,VALE3,58.5,60.189998626708984,58.369998931884766,59.83000183105469,50.96530532836914,40440600
2024-12-10,VALE3,59.7400016784668,59.939998626708984,59.290000915527344,59.77000045776367,50.91419219970703,13089300
2024-12-11,VALE3,59.5,59.59000015258789,58.45000076293945,58.84000015258789,50.121986389160156,30138500
2024-12-12,VALE3,57.400001525878906,57.68000030517578,56.66999816894531,56.709999084472656,48.738746643066406,28841800
2024-12-13,VALE3,56.47999954223633,56.709999084472656,55.70000076293945,55.86000061035156,48.00822067260742,18532800
2024-12-16,VALE3,55.849998474121094,56.540000915527344,55.34000015258789,55.83000183105469,47.982444763183594,18958500
2024-12-17,VALE3,55.880001068115234,56.400001525878906,55.650001525878906,56.11000061035156,48.22308349609375,22987600
2024-12-18,VALE3,55.77000045776367,55.869998931884766,54.7599983215332,54.810001373291016,47.105812072753906,34658200
2024-12-19,VALE3,55.02000045776367,55.16999816894531,53.599998474121094,53.77000045776367,46.211997985839844,29529900
2024-12-20,VALE3,53.41999816894531,54.619998931884766,53.33000183105469,54.619998931884766,46.9425163269043,64919500
2024-12-23,VALE3,54.66999816894531,55.22999954223633,54.400001525878906,54.849998474121094,47.14019012451172,18587900
2024-12-26,VALE3,54.849998474121094,55.400001525878906,54.400001525878906,55.0099983215332,47.2776985168457,13155800
2024-12-27,VALE3,54.72999954223633,55.08000183105469,54.459999084472656,54.7400016784668,47.045650482177734,16635300
2024-12-30,VALE3,54.900001525878906,55.189998626708984,54.54999923706055,54.54999923706055,46.88235855102539,11250900
2025-01-02,VALE3,54.709999084472656,55.099998474121094,54.22999954223633,54.25,46.62452697753906,17623900
2025-01-03,VALE3,53.900001525878906,54.0,52.880001068115234,53.2400016784668,45.75649642944336,23608700
2025-01-06,VALE3,53.47999954223633,53.790000915527344,52.47999954223633,52.560001373291016,45.17207717895508,21689500
2025-01-07,VALE3,52.630001068115234,52.88999938964844,51.939998626708984,52.04999923706055,44.7337646484375,22070200
2025-01-08,VALE3,52.029998779296875,52.290000915527344,51.43000030517578,51.54999923706055,44.30404281616211,24423800
2025-01-09,VALE3,52.04999923706055,52.25,51.13999938964844,51.22999954223633,44.029022216796875,15865200
2025-01-10,VALE3,51.540000915527344,52.310001373291016,51.22999954223633,51.52000045776367,44.278263092041016,25833900
2025-01-13,VALE3,52.0,52.310001373291016,50.869998931884766,51.5099983215332,44.2696647644043,30845300
2025-01-14,VALE3,51.95000076293945,52.43000030517578,51.630001068115234,51.849998474121094,44.56187438964844,21379000
2025-01-15,VALE3,52.13999938964844,52.68000030517578,51.630001068115234,52.599998474121094,45.206451416015625,35137700
2025-01-16,VALE3,52.290000915527344,53.27000045776367,52.0,52.66999816894531,45.2666130065918,220262800
2025-01-17,VALE3,53.150001525878906,54.4900016784668,52.97999954223633,54.4900016784668,46.83079147338867,54658700
2025-01-20,VALE3,54.220001220703125,54.4900016784668,53.7599983215332,54.290000915527344,46.658905029296875,12317600
2025-01-21,VALE3,54.290000915527344,54.31999969482422,53.25,54.02000045776367,46.426856994628906,28798700
2025-01-22,VALE3,54.279998779296875,54.290000915527344,52.41999816894531,52.65999984741211,45.258018493652344,34645400
2025-01-23,VALE3,52.95000076293945,52.9900016784668,51.84000015258789,52.31999969482422,44.96581268310547,25097300
2025-01-24,VALE3,52.599998474121094,53.189998626708984,52.599998474121094,53.029998779296875,45.576011657714844,20520600
2025-01-27,VALE3,52.88999938964844,53.97999954223633,52.56999969482422,53.959999084472656,46.37528991699219,24531300
2025-01-28,VALE3,53.59000015258789,53.779998779296875,52.540000915527344,52.650001525878906,45.249427795410156,22932900
2025-01-29,VALE3,52.79999923706055,53.5099983215332,52.630001068115234,52.79999923706055,45.37833786010742,19220300
2025-01-30,VALE3,53.29999923706055,55.599998474121094,53.279998779296875,55.029998779296875,47.29488754272461,40562400
2025-01-31,VALE3,54.9900016784668,55.209999084472656,54.0,54.16999816894531,46.55576705932617,25477600
2025-02-03,VALE3,53.72999954223633,54.279998779296875,53.33000183105469,54.209999084472656,46.59014892578125,27216400
2025-02-04,VALE3,54.130001068115234,54.709999084472656,53.810001373291016,54.02000045776367,46.426856994628906,32648700
2025-02-05,VALE3,53.90999984741211,54.459999084472656,53.86000061035156,54.310001373291016,46.67609405517578,21674800
2025-02-06,VALE3,55.400001525878906,55.63999938964844,54.970001220703125,55.130001068115234,47.38083267211914,32789000
2025-02-07,VALE3,55.29999923706055,55.779998779296875,54.560001373291016,54.83000183105469,47.12300109863281,24395500
2025-02-10,VALE3,54.869998931884766,55.400001525878906,54.84000015258789,55.400001525878906,47.61288070678711,15566300
2025-02-11,VALE3,54.90999984741211,55.189998626708984,54.38999938964844,55.15999984741211,47.406620025634766,18198300
2025-02-12,VALE3,55.0099983215332,55.290000915527344,54.70000076293945,54.790000915527344,47.088623046875,35432600
2025-02-13,VALE3,54.849998474121094,55.0,54.130001068115234,54.86000061035156,47.14878463745117,21749900
2025-02-14,VALE3,55.220001220703125,55.810001373291016,55.0,55.66999816894531,47.84492492675781,49803200
2025-02-17,VALE3,55.63999938964844,55.91999816894531,55.279998779296875,55.369998931884766,47.587093353271484,12391400
2025-02-18,VALE3,55.599998474121094,55.970001220703125,55.5099983215332,55.7400016784668,47.905094146728516,27608200
2025-02-19,VALE3,55.29999923706055,55.72999954223633,54.720001220703125,55.689998626708984,47.862117767333984,26472500
2025-02-20,VALE3,56.79999923706055,58.15999984741211,56.47999954223633,57.7400016784668,49.62397003173828,76934000
2025-02-21,VALE3,57.900001525878906,58.15999984741211,57.560001373291016,58.15999984741211,49.984928131103516,37134700
2025-02-24,VALE3,58.099998474121094,58.56999969482422,57.47999954223633,57.630001068115234,49.52942657470703,19081700
2025-02-25,VALE3,57.29999923706055,57.439998626708984,56.88999938964844,57.06999969482422,49.04814147949219,19554800
2025-02-26,VALE3,57.369998931884766,57.689998626708984,56.720001220703125,56.720001220703125,48.747337341308594,25399100
2025-02-27,VALE3,56.45000076293945,56.9900016784668,56.0099983215332,56.29999923706055,48.386375427246094,18658000
2025-02-28,VALE3,55.939998626708984,56.13999938964844,55.150001525878906,55.150001525878906,47.39802169799805,46789400
2025-03-05,VALE3,56.150001525878906,56.220001220703125,55.38999938964844,55.59000015258789,47.77617263793945,13843400
2025-03-06,VALE3,55.63999938964844,56.52000045776367,55.54999923706055,56.20000076293945,48.30043029785156,17678400
2025-03-07,VALE3,55.97999954223633,57.349998474121094,55.54999923706055,57.02000045776367,49.00516891479492,25480600
2025-03-10,VALE3,54.22999954223633,54.54999923706055,53.25,53.9900016784668,48.21207046508789,23626600
2025-03-11,VALE3,54.08000183105469,54.720001220703125,53.40999984741211,54.439998626708984,48.61390686035156,23060100
2025-03-12,VALE3,54.5,54.5,53.150001525878906,53.7599983215332,48.00667953491211,18825700
2025-03-13,VALE3,53.880001068115234,55.15999984741211,53.70000076293945,54.5,48.66748809814453,20584600
2025-03-14,VALE3,55.20000076293945,56.40999984741211,55.15999984741211,56.290000915527344,50.265926361083984,31789300
2025-03-17,VALE3,56.290000915527344,57.2400016784668,56.13999938964844,57.099998474121094,50.98923873901367,23191800
2025-03-18,VALE3,57.20000076293945,57.560001373291016,56.619998931884766,57.52000045776367,51.36429214477539,18165300
2025-03-19,VALE3,57.349998474121094,57.54999923706055,56.849998474121094,57.41999816894531,51.274993896484375,23211900
2025-03-20,VALE3,57.040000915527344,57.4900016784668,56.779998779296875,57.2400016784668,51.114261627197266,17283200
2025-03-21,VALE3,56.95000076293945,57.45000076293945,56.83000183105469,57.45000076293945,51.301780700683594,30524100
2025-03-24,VALE3,57.95000076293945,58.2400016784668,56.959999084472656,57.150001525878906,51.03389358520508,18646500
2025-03-25,VALE3,57.31999969482422,57.75,57.11000061035156,57.34000015258789,51.203556060791016,15615800
2025-03-26,VALE3,57.400001525878906,58.040000915527344,57.38999938964844,57.689998626708984,51.51609802246094,29401600
2025-03-27,VALE3,58.0,58.45000076293945,57.61000061035156,58.150001525878906,51.92687225341797,15345300
2025-03-28,VALE3,58.099998474121094,58.380001068115234,57.560001373291016,57.560001373291016,51.4000129699707,31146000
2025-03-31,VALE3,56.720001220703125,57.02000045776367,56.029998779296875,56.70000076293945,50.632049560546875,20469300
2025-04-01,VALE3,57.099998474121094,57.93000030517578,56.95000076293945,57.189998626708984,51.06960678100586,12354800
2025-04-02,VALE3,57.209999084472656,57.29999923706055,56.599998474121094,56.93000030517578,50.837432861328125,13197700
2025-04-03,VALE3,56.0,56.439998626708984,54.7599983215332,54.869998931884766,48.99789047241211,32351100
2025-04-04,VALE3,53.220001220703125,53.52000045776367,51.599998474121094,52.68000030517578,47.04226303100586,45819600
2025-04-07,VALE3,51.709999084472656,53.47999954223633,51.16999816894531,52.04999923706055,46.47968292236328,35942800
2025-04-08,VALE3,52.349998474121094,52.810001373291016,49.02000045776367,49.20000076293945,43.93468475341797,46815300
2025-04-09,VALE3,49.150001525878906,52.060001373291016,48.77000045776367,51.849998474121094,46.30108642578125,56491900
2025-04-10,VALE3,52.099998474121094,53.2400016784668,51.459999084472656,52.779998779296875,47.13155746459961,38010400
2025-04-11,VALE3,52.560001373291016,54.150001525878906,52.560001373291016,53.65999984741211,47.917381286621094,22129900
2025-04-14,VALE3,54.400001525878906,54.880001068115234,54.189998626708984,54.36000061035156,48.5424690246582,19994800
2025-04-15,VALE3,54.380001068115234,54.650001525878906,53.529998779296875,53.810001373291016,48.05133056640625,17471900
2025-04-16,VALE3,53.52000045776367,53.63999938964844,52.41999816894531,52.560001373291016,46.93510437011719,23105900
2025-04-17,VALE3,52.779998779296875,53.31999969482422,52.560001373291016,52.880001068115234,47.22085952758789,23172400
2025-04-22,VALE3,53.15999984741211,54.290000915527344,52.7599983215332,53.81999969482422,48.06026077270508,16780900
2025-04-23,VALE3,54.900001525878906,55.349998474121094,54.400001525878906,54.459999084472656,48.63176727294922,18377400
2025-04-24,VALE3,54.45000076293945,55.66999816894531,54.310001373291016,55.310001373291016,49.390804290771484,19621700
2025-04-25,VALE3,54.5,54.619998931884766,53.63999938964844,53.849998474121094,48.08704376220703,26162200
2025-04-28,VALE3,53.900001525878906,54.18000030517578,53.630001068115234,54.040000915527344,48.256717681884766,12001900
2025-04-29,VALE3,54.209999084472656,54.34000015258789,53.84000015258789,53.84000015258789,48.078121185302734,11816200
2025-04-30,VALE3,52.599998474121094,53.25,52.209999084472656,52.86000061035156,47.202999114990234,18774400
2025-05-02,VALE3,53.2599983215332,53.560001373291016,52.54999923706055,52.79999923706055,47.149417877197266,17135800
2025-05-05,VALE3,52.900001525878906,53.08000183105469,52.72999954223633,52.959999084472656,47.29229736328125,12201600
2025-05-06,VALE3,52.9900016784668,53.58000183105469,52.91999816894531,53.0,47.3280143737793,12065000
2025-05-07,VALE3,53.54999923706055,53.54999923706055,52.65999984741211,52.900001525878906,47.23871994018555,11240100
2025-05-08,VALE3,52.900001525878906,53.29999923706055,52.66999816894531,52.7400016784668,47.09584426879883,15414600
2025-05-09,VALE3,53.0,53.08000183105469,52.5099983215332,52.95000076293945,47.28336715698242,15558800
2025-05-12,VALE3,54.560001373291016,55.20000076293945,54.279998779296875,54.279998779296875,48.471031188964844,26482400
2025-05-13,VALE3,54.4900016784668,55.43000030517578,54.130001068115234,55.16999816894531,49.265785217285156,21187200
2025-05-14,VALE3,55.5,55.689998626708984,54.84000015258789,54.900001525878906,49.024681091308594,16297800
2025-05-15,VALE3,55.0,55.650001525878906,54.84000015258789,55.45000076293945,49.51581954956055,13955400
2025-05-16,VALE3,55.20000076293945,55.66999816894531,54.810001373291016,55.4900016784668,49.55154037475586,18163800
2025-05-19,VALE3,55.0,55.470001220703125,54.869998931884766,55.34000015258789,49.41759490966797,14475200
2025-05-20,VALE3,55.33000183105469,55.529998779296875,55.09000015258789,55.349998474121094,49.426517486572266,10499200
2025-05-21,VALE3,55.150001525878906,55.29999923706055,54.439998626708984,54.63999938964844,48.792503356933594,14486300
2025-05-22,VALE3,54.619998931884766,54.63999938964844,53.970001220703125,54.22999954223633,48.4263801574707,18476000
2025-05-23,VALE3,54.0,54.439998626708984,53.59000015258789,54.31999969482422,48.50674819946289,14747300
2025-05-26,VALE3,53.939998626708984,54.09000015258789,53.79999923706055,54.0099983215332,48.229923248291016,7194500
2025-05-27,VALE3,54.0,54.209999084472656,53.619998931884766,53.84000015258789,48.078121185302734,17943000
2025-05-28,VALE3,53.7400016784668,53.790000915527344,53.189998626708984,53.40999984741211,47.69413757324219,17700600
2025-05-29,VALE3,53.72999954223633,53.880001068115234,53.33000183105469,53.45000076293945,47.7298583984375,10246100
2025-05-30,VALE3,53.349998474121094,53.38999938964844,52.04999923706055,52.099998474121094,46.52433395385742,28286100
2025-06-02,VALE3,52.58000183105469,52.75,52.2599983215332,52.560001373291016,46.93510437011719,19267700
2025-06-03,VALE3,51.93000030517578,52.63999938964844,51.869998931884766,52.529998779296875,46.90830993652344,12824900
2025-06-04,VALE3,52.619998931884766,53.33000183105469,52.619998931884766,52.77000045776367,47.12263107299805,11714700
2025-06-05,VALE3,53.0,53.65999984741211,52.869998931884766,52.90999984741211,47.24764633178711,12594000
2025-06-06,VALE3,53.150001525878906,53.470001220703125,52.709999084472656,52.97999954223633,47.31015396118164,16638900
2025-06-09,VALE3,52.88999938964844,53.290000915527344,52.619998931884766,53.290000915527344,47.586978912353516,13029200
2025-06-10,VALE3,53.29999923706055,53.869998931884766,53.11000061035156,53.650001525878906,47.90845489501953,18890600
2025-06-11,VALE3,53.810001373291016,53.810001373291016,52.9900016784668,53.18000030517578,47.48875045776367,13639700
2025-06-12,VALE3,52.900001525878906,53.040000915527344,52.470001220703125,52.83000183105469,47.17620849609375,11136800
2025-06-13,VALE3,52.06999969482422,52.5099983215332,51.959999084472656,52.130001068115234,46.551124572753906,13264900
2025-06-16,VALE3,52.310001373291016,54.04999923706055,52.310001373291016,53.83000183105469,48.069190979003906,41210000
2025-06-17,VALE3,53.630001068115234,53.88999938964844,51.380001068115234,51.40999984741211,45.90817642211914,43657300
2025-06-18,VALE3,53.630001068115234,53.88999938964844,51.08000183105469,51.2400016784668,45.756370544433594,20499000
2025-06-20,VALE3,51.2400016784668,51.279998779296875,49.91999816894531,49.91999816894531,44.57762908935547,39947200
2025-06-23,VALE3,50.02000045776367,50.54999923706055,49.83000183105469,50.54999923706055,45.14020919799805,17288800
2025-06-24,VALE3,50.7400016784668,50.75,50.13999938964844,50.540000915527344,45.131282806396484,18576300
2025-06-25,VALE3,50.25,50.599998474121094,49.720001220703125,50.47999954223633,45.077701568603516,23319900
2025-06-26,VALE3,50.84000015258789,52.29999923706055,50.84000015258789,52.0,46.43503189086914,40488400
2025-06-27,VALE3,52.189998626708984,53.09000015258789,51.90999984741211,52.869998931884766,47.2119255065918,26016900
2025-06-30,VALE3,52.790000915527344,53.029998779296875,52.439998626708984,52.650001525878906,47.015472412109375,19961900
2025-07-01,VALE3,52.599998474121094,53.709999084472656,52.5,53.36000061035156,47.64948654174805,21844300
2025-07-02,VALE3,53.810001373291016,55.70000076293945,53.79999923706055,55.29999923706055,49.38187026977539,63100200
2025-07-03,VALE3,55.5,55.880001068115234,54.81999969482422,55.040000915527344,49.14970016479492,18256300
2025-07-04,VALE3,55.029998779296875,55.20000076293945,54.75,55.20000076293945,49.29257583618164,5449600
2025-07-07,VALE3,55.04999923706055,55.18000030517578,54.20000076293945,54.38999938964844,48.56925582885742,13174500
2025-07-08,VALE3,54.52000045776367,55.59000015258789,54.36000061035156,54.58000183105469,48.738929748535156,26632000
2025-07-09,VALE3,54.70000076293945,54.70000076293945,53.75,54.040000915527344,48.256717681884766,12209400
2025-07-10,VALE3,55.34000015258789,57.119998931884766,55.20000076293945,55.279998779296875,49.364009857177734,46597200
2025-07-11,VALE3,55.20000076293945,56.220001220703125,55.0099983215332,56.0,50.006961822509766,18313200
2025-07-14,VALE3,55.86000061035156,55.90999984741211,54.869998931884766,55.36000061035156,49.435455322265625,15141300
2025-07-15,VALE3,54.93000030517578,55.36000061035156,53.52000045776367,53.90999984741211,48.140628814697266,25029100
2025-07-16,VALE3,54.099998474121094,54.52000045776367,53.90999984741211,54.400001525878906,48.57819366455078,26394100
2025-07-17,VALE3,54.400001525878906,54.790000915527344,54.119998931884766,54.29999923706055,48.488887786865234,20252800
2025-07-18,VALE3,54.04999923706055,54.779998779296875,53.970001220703125,54.560001373291016,48.7210693359375,23714000
2025-07-21,VALE3,55.45000076293945,56.81999969482422,55.34000015258789,56.04999923706055,50.05160903930664,40484000
2025-07-22,VALE3,56.95000076293945,57.970001220703125,56.90999984741211,57.5,51.346431732177734,40945900
2025-07-23,VALE3,57.45000076293945,57.900001525878906,57.0,57.41999816894531,51.274993896484375,17914800
2025-07-24,VALE3,56.939998626708984,57.290000915527344,56.290000915527344,56.529998779296875,50.4802360534668,21651200
2025-07-25,VALE3,56.18000030517578,56.279998779296875,55.27000045776367,55.70000076293945,49.73906326293945,21918900
2025-07-28,VALE3,54.939998626708984,55.31999969482422,54.63999938964844,55.15999984741211,49.25685501098633,19175100
2025-07-29,VALE3,55.54999923706055,55.70000076293945,54.77000045776367,54.81999969482422,48.953243255615234,14648700
2025-07-30,VALE3,54.31999969482422,54.689998626708984,53.33000183105469,53.84000015258789,48.078121185302734,35607800
2025-07-31,VALE3,53.0099983215332,53.619998931884766,52.369998931884766,53.459999084472656,47.73878479003906,20790000
2025-08-01,VALE3,54.2400016784668,54.900001525878906,53.56999969482422,53.75,47.99774932861328,40510900
2025-08-04,VALE3,54.38999938964844,54.400001525878906,53.810001373291016,54.18000030517578,48.381736755371094,16198100
2025-08-05,VALE3,54.16999816894531,54.970001220703125,54.11000061035156,54.11000061035156,48.31922912597656,21037600
2025-08-06,VALE3,54.5099983215332,54.61000061035156,53.72999954223633,53.77000045776367,48.0156135559082,17954300
2025-08-07,VALE3,54.099998474121094,54.4900016784668,53.900001525878906,54.15999984741211,48.36387252807617,20298800
2025-08-08,VALE3,54.20000076293945,55.70000076293945,54.189998626708984,55.38999938964844,49.462242126464844,24205600
2025-08-11,VALE3,55.47999954223633,55.9900016784668,55.29999923706055,55.33000183105469,49.40866470336914,22304000
2025-08-12,VALE3,55.95000076293945,56.16999816894531,55.70000076293945,55.90999984741211,49.92658996582031,25851300
2025-08-13,VALE3,54.29999923706055,54.5,53.939998626708984,54.09000015258789,49.996273040771484,19720000
2025-08-14,VALE3,53.54999923706055,53.61000061035156,53.08000183105469,53.41999816894531,49.37697982788086,42823200
2025-08-15,VALE3,53.459999084472656,53.58000183105469,53.0,53.31999969482422,49.284549713134766,34201900
2025-08-18,VALE3,53.099998474121094,53.709999084472656,53.029998779296875,53.20000076293945,49.17363357543945,12733400
2025-08-19,VALE3,53.5099983215332,53.68000030517578,53.0,53.2400016784668,49.21060562133789,17724400
2025-08-20,VALE3,52.900001525878906,53.27000045776367,52.86000061035156,53.0,48.988765716552734,9687300
2025-08-21,VALE3,53.02000045776367,53.529998779296875,52.95000076293945,53.45000076293945,49.40471267700195,10813800
2025-08-22,VALE3,53.43000030517578,54.88999938964844,53.310001373291016,54.790000915527344,50.64329528808594,20706700
2025-08-25,VALE3,55.16999816894531,55.400001525878906,54.7400016784668,54.91999816894531,50.76345443725586,10397400
2025-08-26,VALE3,54.81999969482422,55.40999984741211,54.68000030517578,55.40999984741211,51.21636962890625,18891500
2025-08-27,VALE3,55.220001220703125,55.529998779296875,55.119998931884766,55.380001068115234,51.18864059448242,8789100
2025-08-28,VALE3,56.0,56.189998626708984,55.33000183105469,55.400001525878906,51.20712661743164,22059500
2025-08-29,VALE3,55.4900016784668,55.83000183105469,55.45000076293945,55.560001373291016,51.35502243041992,13885400
2025-09-01,VALE3,55.13999938964844,55.599998474121094,54.810001373291016,55.599998474121094,51.391990661621094,7765400
2025-09-02,VALE3,55.11000061035156,55.560001373291016,55.040000915527344,55.38999938964844,51.19788360595703,9578500
2025-09-03,VALE3,55.38999938964844,55.81999969482422,55.2400016784668,55.599998474121094,51.391990661621094,11832100
2025-09-04,VALE3,55.849998474121094,56.15999984741211,55.54999923706055,55.709999084472656,51.4936637878418,8442100
2025-09-05,VALE3,56.20000076293945,56.66999816894531,56.02000045776367,56.220001220703125,51.96506881713867,14014700
2025-09-08,VALE3,56.22999954223633,56.619998931884766,56.22999954223633,56.36000061035156,52.0944709777832,9701900
2025-09-09,VALE3,56.7400016784668,57.52000045776367,56.04999923706055,56.189998626708984,51.93733596801758,24300300
2025-09-10,VALE3,56.470001220703125,57.04999923706055,56.279998779296875,56.58000183105469,52.297821044921875,13463700
2025-09-11,VALE3,56.45000076293945,57.27000045776367,56.310001373291016,57.02000045776367,52.70452117919922,14107200
2025-09-12,VALE3,56.70000076293945,57.43000030517578,56.70000076293945,57.0,52.68603515625,12303800
2025-09-15,VALE3,57.47999954223633,57.54999923706055,56.97999954223633,57.5,53.148189544677734,12457500
2025-09-16,VALE3,57.77000045776367,58.060001373291016,57.189998626708984,57.70000076293945,53.33305358886719,15618500
2025-09-17,VALE3,57.540000915527344,58.02000045776367,57.36000061035156,57.79999923706055,53.42548370361328,23116700
2025-09-18,VALE3,57.84000015258789,58.08000183105469,57.400001525878906,57.689998626708984,53.32381057739258,17700400
2025-09-19,VALE3,57.970001220703125,58.189998626708984,57.54999923706055,57.91999816894531,53.536399841308594,25374600
2025-09-22,VALE3,57.81999969482422,58.439998626708984,57.810001373291016,58.0,53.6103515625,21947300
2025-09-23,VALE3,58.0,58.38999938964844,57.65999984741211,57.66999816894531,53.305320739746094,17652400
2025-09-24,VALE3,57.95000076293945,58.13999938964844,57.66999816894531,57.88999938964844,53.508670806884766,13005700
2025-09-25,VALE3,58.189998626708984,58.54999923706055,58.040000915527344,58.209999084472656,53.8044548034668,13631100
2025-09-26,VALE3,57.7400016784668,57.939998626708984,56.540000915527344,57.09000015258789,52.769222259521484,29037000
2025-09-29,VALE3,57.5,57.75,57.130001068115234,57.279998779296875,52.94483947753906,15580200
2025-09-30,VALE3,57.66999816894531,57.779998779296875,57.09000015258789,57.58000183105469,53.222137451171875,18280700
2025-10-01,VALE3,57.7599983215332,58.66999816894531,57.7599983215332,58.310001373291016,53.896888732910156,18278300
2025-10-02,VALE3,58.36000061035156,58.86000061035156,58.08000183105469,58.70000076293945,54.25736999511719,14824500
2025-10-03,VALE3,58.70000076293945,59.119998931884766,58.5,58.59000015258789,54.155696868896484,19240200
2025-10-06,VALE3,58.810001373291016,59.970001220703125,58.79999923706055,59.59000015258789,55.080013275146484,26102900
2025-10-07,VALE3,59.5,59.619998931884766,58.75,58.75,54.303585052490234,26072300
2025-10-08,VALE3,59.119998931884766,59.38999938964844,58.88999938964844,59.20000076293945,54.71953201293945,24609500
2025-10-09,VALE3,59.86000061035156,60.380001068115234,59.11000061035156,59.11000061035156,54.6363410949707,18184600
2025-10-10,VALE3,59.56999969482422,59.79999923706055,58.869998931884766,58.869998931884766,54.41450119018555,22970400
2025-10-13,VALE3,59.66999816894531,60.060001373291016,59.54999923706055,59.75,55.2279052734375,23294500
2025-10-14,VALE3,59.29999923706055,60.130001068115234,59.220001220703125,59.75,55.2279052734375,19329000
2025-10-15,VALE3,59.4900016784668,60.97999954223633,59.459999084472656,60.86000061035156,56.2538948059082,45104600
2025-10-16,VALE3,60.61000061035156,60.93000030517578,60.06999969482422,60.29999923706055,55.73627471923828,21358500
2025-10-17,VALE3,59.900001525878906,60.29999923706055,59.79999923706055,60.130001068115234,55.57914352416992,17325300
2025-10-20,VALE3,60.13999938964844,61.349998474121094,60.13999938964844,60.900001525878906,56.290870666503906,17798400
2025-10-21,VALE3,60.650001525878906,61.04999923706055,60.56999969482422,60.79999923706055,56.19843673706055,13432700
2025-10-22,VALE3,61.209999084472656,62.2400016784668,61.18000030517578,61.880001068115234,57.19670104980469,25267300
2025-10-23,VALE3,62.220001220703125,62.540000915527344,61.66999816894531,61.7599983215332,57.085777282714844,11217700
2025-10-24,VALE3,61.9900016784668,62.130001068115234,61.33000183105469,61.72999954223633,57.05805206298828,11127600
2025-10-27,VALE3,62.060001373291016,62.15999984741211,61.400001525878906,61.65999984741211,56.993350982666016,12018100
2025-10-28,VALE3,61.65999984741211,62.540000915527344,61.58000183105469,62.20000076293945,57.49247741699219,15797400
2025-10-29,VALE3,62.81999969482422,63.689998626708984,62.709999084472656,63.33000183105469,58.536956787109375,30844900
2025-10-30,VALE3,63.11000061035156,64.0,62.93000030517578,63.810001373291016,58.980628967285156,25586000
2025-10-31,VALE3,64.27999877929688,65.55000305175781,63.869998931884766,65.26000213623047,60.32088851928711,38988400
2025-11-03,VALE3,65.0999984741211,65.38999938964844,64.6500015258789,65.3499984741211,60.404075622558594,16985400
2025-11-04,VALE3,64.8499984741211,65.01000213623047,64.02999877929688,64.62000274658203,59.72932815551758,22055700
2025-11-05,VALE3,64.62000274658203,66.16999816894531,64.5,65.7300033569336,60.75531768798828,22505400
2025-11-06,VALE3,65.76000213623047,66.05000305175781,65.26000213623047,65.5,60.542724609375,15939100
2025-11-07,VALE3,64.8499984741211,64.86000061035156,64.0199966430664,64.77999877929688,59.87721252441406,20800300
2025-11-10,VALE3,65.05999755859375,65.54000091552734,64.91000366210938,65.20999908447266,60.2746696472168,12689400
2025-11-11,VALE3,65.20999908447266,65.66000366210938,64.76000213623047,65.04000091552734,60.11753845214844,25496500
2025-11-12,VALE3,65.26000213623047,65.94999694824219,65.26000213623047,65.76000213623047,60.78304672241211,26550300
2025-11-13,VALE3,65.76000213623047,66.44999694824219,65.30999755859375,65.66999816894531,60.69985580444336,19058500
2025-11-14,VALE3,64.8499984741211,65.54000091552734,64.61000061035156,65.2699966430664,60.33012771606445,16374400
2025-11-17,VALE3,65.5999984741211,65.7699966430664,64.91000366210938,65.22000122070312,60.283912658691406,20150800
2025-11-18,VALE3,64.44999694824219,65.29000091552734,64.30000305175781,65.0199966430664,60.09904479980469,22468700
2025-11-19,VALE3,65.0199966430664,65.26000213623047,64.69999694824219,64.94999694824219,60.03434371948242,16523800
2025-11-21,VALE3,64.55000305175781,65.2699966430664,64.12999725341797,65.16000366210938,60.228458404541016,20272600
2025-11-24,VALE3,65.01000213623047,65.5199966430664,64.77999877929688,65.08999633789062,60.16374969482422,20462800
2025-11-25,VALE3,65.16000366210938,65.91000366210938,65.16000366210938,65.5999984741211,60.635154724121094,18275300
2025-11-26,VALE3,65.98999786376953,66.88999938964844,65.91999816894531,66.58000183105469,61.54098892211914,33408500
2025-11-27,VALE3,66.5,66.6500015258789,66.13999938964844,66.33000183105469,61.309906005859375,9739100
2025-11-28,VALE3,67.69999694824219,67.80999755859375,67.04000091552734,67.4000015258789,62.29892349243164,46007200
2025-12-01,VALE3,67.80000305175781,68.12999725341797,67.5,67.91999816894531,62.779563903808594,15657000
2025-12-02,VALE3,68.0999984741211,68.72000122070312,67.76000213623047,68.4800033569336,63.29718780517578,22567200
2025-12-03,VALE3,68.86000061035156,71.0999984741211,68.81999969482422,70.69000244140625,65.33992767333984,42361200
2025-12-04,VALE3,70.69999694824219,72.38999938964844,70.69000244140625,71.91999816894531,66.4768295288086,38019900
2025-12-05,VALE3,71.95999908447266,72.33000183105469,69.91999816894531,70.22000122070312,64.90550231933594,40196800
2025-12-08,VALE3,70.41999816894531,70.86000061035156,69.48999786376953,69.73999786376953,64.46182250976562,20860900
2025-12-09,VALE3,69.0999984741211,70.43000030517578,68.9000015258789,69.77999877929688,64.4988021850586,23081300
2025-12-10,VALE3,70.25,71.3499984741211,70.25,71.05999755859375,65.68191528320312,24454800
2025-12-11,VALE3,70.73999786376953,72.37000274658203,70.47000122070312,72.0,66.55078125,25687700
2025-12-12,VALE3,67.75,68.9800033569336,67.72000122070312,68.61000061035156,66.73731231689453,36483700
2025-12-15,VALE3,68.6500015258789,69.38999938964844,68.5,69.02999877929688,67.1458511352539,16841700
2025-12-16,VALE3,69.33000183105469,70.02999877929688,69.26000213623047,69.29000091552734,67.39875793457031,21953000
2025-12-17,VALE3,69.63999938964844,70.7699966430664,69.44000244140625,70.16999816894531,68.25473022460938,29375000
2025-12-18,VALE3,70.5999984741211,71.12000274658203,70.30999755859375,70.3499984741211,68.42981719970703,18430200
2025-12-19,VALE3,70.5,70.93000030517578,70.37999725341797,70.8499984741211,68.91617584228516,37147100
2025-12-22,VALE3,71.02999877929688,73.37000274658203,70.80999755859375,72.91999816894531,70.92967224121094,27853000
2025-12-23,VALE3,73.2300033569336,73.52999877929688,72.58000183105469,72.9000015258789,70.91022491455078,17140900
2025-12-26,VALE3,72.86000061035156,73.3499984741211,72.62000274658203,73.12000274658203,71.12422180175781,16368800
2025-12-29,VALE3,73.19000244140625,73.73999786376953,71.69999694824219,72.12000274658203,70.1515121459961,19963700
2025-12-30,VALE3,72.5,72.83999633789062,71.91000366210938,71.95999908447266,69.99588012695312,17085400
2026-01-02,VALE3,72.33000183105469,72.55000305175781,71.6500015258789,72.37999725341797,70.40441131591797,28418900
2026-01-05,VALE3,72.4000015258789,73.5,72.30000305175781,73.12000274658203,71.12422180175781,24958100
2026-01-06,VALE3,73.44999694824219,75.98999786376953,72.87999725341797,75.87000274658203,73.79915618896484,39536600
2026-01-07,VALE3,76.0999984741211,77.33999633789062,75.62000274658203,76.31999969482422,74.23686981201172,41501600
2026-01-08,VALE3,75.80000305175781,75.80000305175781,74.19000244140625,75.58000183105469,73.51707458496094,31894900
2026-01-09,VALE3,74.9000015258789,75.70999908447266,74.19999694824219,74.72000122070312,72.68054962158203,24801200
2026-01-12,VALE3,75.0,75.47000122070312,74.51000213623047,74.73999786376953,72.69999694824219,13129800
2026-01-13,VALE3,74.47000122070312,76.05000305175781,74.27999877929688,75.3499984741211,73.29335021972656,24539200
2026-01-14,VALE3,75.83999633789062,79.08999633789062,75.63999938964844,78.91999816894531,76.76590728759766,44225300
2026-01-15,VALE3,78.9000015258789,79.63999938964844,78.51000213623047,78.8499984741211,76.69781494140625,35503900
2026-01-16,VALE3,78.38999938964844,78.87999725341797,77.56999969482422,78.87999725341797,76.72699737548828,45910100
2026-01-19,VALE3,78.5199966430664,78.6500015258789,77.87000274658203,78.56999969482422,76.42546081542969,10678500
2026-01-20,VALE3,77.83000183105469,80.20999908447266,77.41000366210938,80.08000183105469,77.89424896240234,31198500
2026-01-21,VALE3,80.98999786376953,82.80000305175781,80.5,82.5,80.2481918334961,83134600
2026-01-22,VALE3,82.5,84.4000015258789,82.08000183105469,82.9800033569336,80.71509552001953,62515300
2026-01-23,VALE3,83.75,85.73999786376953,83.69000244140625,85.0199966430664,82.69940948486328,25432600
2026-01-26,VALE3,85.55999755859375,86.13999938964844,82.18000030517578,83.06999969482422,80.8026351928711,35741300
2026-01-27,VALE3,83.58999633789062,86.12999725341797,83.3499984741211,84.9000015258789,82.58268737792969,30922500
2026-01-28,VALE3,85.29000091552734,87.48999786376953,85.0,86.97000122070312,84.59618377685547,28473800
2026-01-29,VALE3,88.0,89.5,86.80999755859375,87.41000366210938,85.02417755126953,42013200
2026-01-30,VALE3,85.66999816894531,87.9000015258789,84.0,84.31999969482422,82.01851654052734,41681400
2026-02-02,VALE3,84.41999816894531,85.8499984741211,84.04000091552734,84.81999969482422,82.50486755371094,22289400
2026-02-03,VALE3,86.41999816894531,89.0,86.41999816894531,88.98999786376953,86.56105041503906,37709700
2026-02-04,VALE3,88.51000213623047,89.58999633789062,87.55000305175781,89.43000030517578,86.98904418945312,51744400
2026-02-05,VALE3,87.98999786376953,88.93000030517578,86.23999786376953,86.44999694824219,84.09037780761719,57049000
2026-02-06,VALE3,86.41000366210938,87.55999755859375,85.19999694824219,85.62999725341797,83.29275512695312,28889600
2026-02-09,VALE3,86.6500015258789,87.68000030517578,84.62999725341797,87.30999755859375,84.9269027709961,26531100
2026-02-10,VALE3,86.72000122070312,87.73999786376953,86.25,87.05000305175781,84.67400360107422,14177200
2026-02-11,VALE3,88.6500015258789,90.31999969482422,88.4800033569336,90.08999633789062,87.63101959228516,28395300
2026-02-12,VALE3,89.8499984741211,91.62000274658203,89.08000183105469,89.2300033569336,86.79450225830078,51472200
2026-02-13,VALE3,87.56999969482422,88.13999938964844,86.0199966430664,87.02999877929688,84.65454864501953,28644800
2026-02-18,VALE3,85.0999984741211,85.1500015258789,83.55999755859375,83.91999816894531,81.62943267822266,20898700
2026-02-19,VALE3,83.02999877929688,84.3499984741211,82.33000183105469,83.45999908447266,81.18199157714844,28410900
2026-02-20,VALE3,83.80000305175781,86.80999755859375,83.41999816894531,86.80999755859375,84.4405517578125,40577200
2026-02-23,VALE3,86.80999755859375,88.31999969482422,86.41999816894531,87.38999938964844,85.00472259521484,21193900
2026-02-24,VALE3,87.4000015258789,88.70999908447266,87.4000015258789,87.7300033569336,85.33544158935547,19760700
2026-02-25,VALE3,89.02999877929688,90.33000183105469,88.51000213623047,89.97000122070312,87.5143051147461,28707500
2026-02-26,VALE3,88.94000244140625,89.37999725341797,87.04000091552734,89.20999908447266,86.7750473022461,24503100
2026-02-27,VALE3,89.13999938964844,89.5,88.26000213623047,88.47000122070312,86.05524444580078,17328300
2026-03-02,VALE3,87.91999816894531,89.16000366210938,87.29000091552734,88.16000366210938,85.75370788574219,13952600
2026-03-03,VALE3,85.25,85.30999755859375,82.55000305175781,84.4800033569336,82.17415618896484,36088800
2026-03-04,VALE3,85.38999938964844,85.62999725341797,83.58000183105469,84.08999633789062,81.79479217529297,17605800
2026-03-05,VALE3,84.12999725341797,84.30000305175781,80.55000305175781,81.29000091552734,79.07122039794922,37872100
2026-03-06,VALE3,80.9000015258789,81.19999694824219,78.4000015258789,78.86000061035156,76.7075424194336,29504600
2026-03-09,VALE3,77.72000122070312,80.0999984741211,76.55000305175781,79.26000213623047,77.09662628173828,30576600
2026-03-10,VALE3,80.16000366210938,80.98999786376953,79.66999816894531,80.55999755859375,78.36114501953125,17172800
2026-03-11,VALE3,79.79000091552734,80.94000244140625,78.80000305175781,79.8499984741211,77.67052459716797,20865000
2026-03-12,VALE3,79.7699966430664,79.7699966430664,77.66000366210938,79.23999786376953,77.0771713256836,29136500
2026-03-13,VALE3,79.30000305175781,80.48999786376953,78.0199966430664,78.30000305175781,76.16283416748047,14416400
2026-03-16,VALE3,79.38999938964844,80.19999694824219,78.80999755859375,78.83999633789062,76.6880874633789,13591400
2026-03-17,VALE3,79.0999984741211,79.70999908447266,78.62999725341797,78.95999908447266,76.80481719970703,14222300
2026-03-18,VALE3,78.6500015258789,78.66999816894531,77.05000305175781,77.12999725341797,75.02476501464844,19412200
2026-03-19,VALE3,74.16999816894531,76.70999908447266,74.05999755859375,76.62999725341797,74.53840637207031,27262900
2026-03-20,VALE3,76.20999908447266,76.69999694824219,74.70999908447266,75.55000305175781,73.4878921508789,44208900
2026-03-23,VALE3,76.55999755859375,78.41999816894531,75.97000122070312,77.48999786376953,75.37493896484375,23384500
2026-03-24,VALE3,76.9800033569336,78.41000366210938,76.55999755859375,78.0999984741211,75.9682846069336,15700300
2026-03-25,VALE3,79.19999694824219,80.25,79.0,79.55000305175781,77.37871551513672,18658300
2026-03-26,VALE3,78.12999725341797,79.58999633789062,78.01000213623047,78.91000366210938,76.75618743896484,13518900
2026-03-27,VALE3,78.47000122070312,79.91999816894531,78.16999816894531,79.0,76.8437271118164,11101700
2026-03-30,VALE3,80.25,81.05999755859375,79.29000091552734,79.5,77.330078125,18776700
2026-03-31,VALE3,80.73999786376953,82.73999786376953,80.58999633789062,82.4800033569336,80.22874450683594,24956400
2026-04-01,VALE3,83.30999755859375,84.04000091552734,82.58000183105469,83.0,80.73454284667969,28514000
2026-04-02,VALE3,81.51000213623047,83.7699966430664,81.36000061035156,83.55000305175781,81.26953887939453,14019800
2026-04-06,VALE3,84.04000091552734,84.22000122070312,82.80000305175781,83.08999633789062,80.82208251953125,8680700
2026-04-07,VALE3,83.05000305175781,83.69999694824219,82.5999984741211,83.69000244140625,81.40571594238281,15312500
2026-04-08,VALE3,86.5,86.72000122070312,84.7300033569336,85.58999633789062,83.25384521484375,24942400
2026-04-09,VALE3,85.36000061035156,85.54000091552734,84.26000213623047,84.69000244140625,82.37841796875,17973100
2026-04-10,VALE3,85.0,86.38999938964844,84.58000183105469,85.58999633789062,83.25384521484375,24002400
2026-04-13,VALE3,85.11000061035156,87.36000061035156,84.91999816894531,87.36000061035156,84.97554016113281,24661900
2026-04-14,VALE3,87.5,88.54000091552734,87.18000030517578,88.30000305175781,85.88988494873047,18528400
2026-04-15,VALE3,88.1500015258789,89.08000183105469,87.88999938964844,88.44000244140625,86.02606201171875,24527300
2026-04-16,VALE3,88.88999938964844,89.38999938964844,87.0999984741211,87.44000244140625,85.05335998535156,13618900
2026-04-17,VALE3,88.19999694824219,89.75,87.80000305175781,89.75,87.30030822753906,30119000
2026-04-20,VALE3,88.80000305175781,89.44000244140625,88.02999877929688,88.7300033569336,86.30815124511719,16067700
2026-04-22,VALE3,87.94999694824219,88.7300033569336,87.22000122070312,87.22000122070312,84.83936309814453,13222100
2026-04-23,VALE3,86.63999938964844,87.16999816894531,85.70999908447266,85.97000122070312,83.62348175048828,12637500
2026-04-24,VALE3,85.97000122070312,86.98999786376953,85.75,85.87000274658203,83.52621459960938,11436400
2026-04-27,VALE3,86.1500015258789,86.30000305175781,84.88999938964844,85.5,83.16630554199219,8656600
2026-04-28,VALE3,84.69999694824219,85.30000305175781,84.05000305175781,84.38999938964844,82.08660888671875,13687500
2026-04-29,VALE3,82.80000305175781,82.91000366210938,79.25,79.44000244140625,77.27171325683594,43296200
2026-04-30,VALE3,81.02999877929688,81.69999694824219,80.20999908447266,81.18000030517578,78.96421813964844,17593900
2026-05-04,VALE3,81.18000030517578,81.36000061035156,78.6500015258789,78.66000366210938,76.51300811767578,18555600
2026-05-05,VALE3,79.41999816894531,79.41999816894531,77.97000122070312,78.38999938964844,76.25037384033203,16295600
2026-05-06,VALE3,80.3499984741211,81.63999938964844,80.0999984741211,81.2300033569336,79.01286315917969,17424200
2026-05-07,VALE3,81.29000091552734,81.66999816894531,79.5999984741211,80.06999969482422,77.884521484375,18912100
2026-05-08,VALE3,80.56999969482422,81.79000091552734,80.36000061035156,80.80000305175781,78.59459686279297,16782600
2026-05-11,VALE3,81.38999938964844,83.93000030517578,81.19000244140625,83.44999694824219,81.17225646972656,24868900
2026-05-12,VALE3,83.1500015258789,83.98999786376953,81.73999786376953,83.25,80.97772216796875,16503000
2026-05-13,VALE3,83.48999786376953,85.05000305175781,83.01000213623047,84.30000305175781,81.99906158447266,31641800
2026-05-14,VALE3,85.0,85.41000366210938,82.62999725341797,82.87000274658203,80.60809326171875,31954300
2026-05-15,VALE3,80.6500015258789,83.5,80.23999786376953,83.5,81.22090148925781,36318900
2026-05-18,VALE3,83.0,83.5999984741211,81.05999755859375,81.83000183105469,79.59648132324219,22668800
2026-05-19,VALE3,80.80000305175781,81.27999877929688,80.16999816894531,81.0199966430664,78.80858612060547,20334400
2026-05-20,VALE3,81.44999694824219,82.20999908447266,80.8499984741211,82.0,79.7618408203125,15669300
2026-05-21,VALE3,81.36000061035156,82.87999725341797,81.22000122070312,82.62999725341797,80.37464141845703,15156600
2026-05-22,VALE3,82.33000183105469,83.13999938964844,81.8499984741211,83.0999984741211,80.83181762695312,11443900
2026-05-25,VALE3,82.83999633789062,83.58999633789062,82.44999694824219,83.58999633789062,81.30844116210938,7059500
2026-05-26,VALE3,83.2300033569336,84.12000274658203,82.30000305175781,83.06999969482422,80.8026351928711,10409000
2026-05-27,VALE3,83.68000030517578,83.94000244140625,82.51000213623047,83.44999694824219,81.17225646972656,10613200
2026-05-28,VALE3,83.1500015258789,84.05000305175781,82.23999786376953,83.95999908447266,81.66834259033203,12798900
2026-05-29,VALE3,84.01000213623047,84.27999877929688,82.37999725341797,82.81999969482422,80.55945587158203,20839400
2026-06-01,VALE3,82.12999725341797,82.25,80.58000183105469,81.69999694824219,79.47002410888672,16605900
2026-06-02,VALE3,82.22000122070312,85.08000183105469,82.04000091552734,85.0,82.6799545288086,18457400
2026-06-03,VALE3,83.61000061035156,83.79000091552734,81.79000091552734,81.79000091552734,79.55757141113281,19308800
2026-06-05,VALE3,80.79000091552734,80.79000091552734,78.33000183105469,78.69999694824219,76.55191040039062,23008500
2026-06-08,VALE3,78.91999816894531,79.27999877929688,77.31999969482422,78.06999969482422,75.9391098022461,15671500
2026-06-09,VALE3,78.79000091552734,78.79000091552734,76.83000183105469,78.5,76.35736846923828,17523500
2026-06-10,VALE3,77.91999816894531,78.1500015258789,77.19999694824219,77.69999694824219,75.5792007446289,12469100
2026-06-11,VALE3,78.12000274658203,79.05000305175781,77.0999984741211,78.80000305175781,76.64918518066406,17725500
2026-06-12,VALE3,78.66000366210938,79.80000305175781,78.12999725341797,79.16999816894531,77.00907897949219,12112600
2026-06-15,VALE3,80.77999877929688,82.73999786376953,80.6500015258789,81.16000366210938,78.94477081298828,22329400
2026-06-16,VALE3,80.73999786376953,82.19000244140625,80.5999984741211,81.44000244140625,79.21712493896484,19713900
2026-06-17,VALE3,80.3499984741211,81.33999633789062,79.26000213623047,79.77999877929688,77.60243225097656,20268200
2026-06-18,VALE3,79.5,80.37999725341797,78.87999725341797,79.94000244140625,77.75807189941406,19651900
2026-06-19,VALE3,79.68000030517578,81.06999969482422,79.5,80.75,78.54595947265625,26305900
2026-06-22,VALE3,80.55000305175781,81.58000183105469,80.11000061035156,80.91000366210938,78.70159149169922,18089300
2026-06-23,VALE3,79.47000122070312,79.9800033569336,78.81999969482422,79.37999725341797,77.21334838867188,18415100
2026-06-24,VALE3,78.55999755859375,78.86000061035156,77.16000366210938,77.7300033569336,75.60839080810547,22558900
2026-06-25,VALE3,78.19999694824219,79.22000122070312,77.41999816894531,78.66000366210938,76.51300811767578,13882800
2026-06-26,VALE3,78.18000030517578,78.87999725341797,77.91000366210938,78.1500015258789,76.01692199707031,25251100
2026-06-29,VALE3,78.3499984741211,78.55999755859375,77.1500015258789,78.12999725341797,75.99746704101562,11791900
2026-06-30,VALE3,78.0999984741211,78.29000091552734,77.25,77.87999725341797,75.75428771972656,11289500
2026-07-01,VALE3,77.08999633789062,78.91999816894531,77.04000091552734,77.97000122070312,75.84183502197266,15414700
2026-07-02,VALE3,78.5999984741211,79.31999969482422,77.72000122070312,78.23999786376953,76.1044692993164,17199300
2026-07-03,VALE3,78.43000030517578,79.04000091552734,78.01000213623047,78.83999633789062,76.6880874633789,7793500
2026-07-06,VALE3,78.29000091552734,78.77999877929688,77.5,77.79000091552734,75.666748046875,12389100
2026-07-07,VALE3,77.5999984741211,77.5999984741211,75.79000091552734,76.19999694824219,74.12014770507812,16866100
2026-07-08,VALE3,75.22000122070312,75.22000122070312,72.3499984741211,72.69999694824219,70.7156753540039,29276700
2026-07-09,VALE3,73.41000366210938,73.48999786376953,71.93000030517578,73.1500015258789,71.15339660644531,18980500
2026-07-10,VALE3,74.0,74.66000366210938,73.12000274658203,74.18000030517578,72.15528106689453,22142400
2026-07-13,VALE3,74.18000030517578,74.18000030517578,72.44999694824219,72.8499984741211,70.86158752441406,16237900
2026-07-14,VALE3,73.41999816894531,74.69000244140625,73.18000030517578,74.01000213623047,71.98992919921875,14780100
2026-07-15,VALE3,73.98999786376953,75.0,73.80000305175781,74.51000213623047,72.47628021240234,15456000
2026-07-16,VALE3,73.8499984741211,74.08000183105469,72.54000091552734,72.9800033569336,70.988037109375,12989700
2026-07-17,VALE3,72.9800033569336,73.12000274658203,72.0999984741211,72.94000244140625,70.94913482666016,13491600
2026-07-20,VALE3,73.0,73.25,71.70999908447266,71.93000030517578,69.9666976928711,13137000
2026-07-21,VALE3,72.33999633789062,72.97000122070312,71.56999969482422,72.37000274658203,70.39469146728516,12581400
2026-07-22,VALE3,73.61000061035156,75.25,73.33999633789062,75.0999984741211,73.0501708984375,17992800
2026-07-23,VALE3,74.54000091552734,77.06999969482422,74.51000213623047,75.68000030517578,73.61434173583984,15826900
2026-07-24,VALE3,75.16000366210938,75.52999877929688,74.83999633789062,75.23999786376953,73.18634796142578,8637800
2026-07-27,VALE3,74.36000061035156,75.72000122070312,74.23999786376953,75.69000244140625,73.62406921386719,10921700
2026-07-28,VALE3,76.0999984741211,76.25,75.0,75.69000244140625,73.62406921386719,12270800
2026-07-29,VALE3,76.01000213623047,76.19999694824219,74.61000061035156,75.05000305175781,73.00154113769531,12265200
2026-07-30,VALE3,75.9800033569336,76.55999755859375,74.61000061035156,76.08999633789062,74.01314544677734,16732800
2026-07-31,VALE3,75.69999694824219,76.93000030517578,75.23999786376953,76.27999877929688,74.19796752929688,17353300
2026-08-03,VALE3,76.37999725341797,76.4800033569336,73.94999694824219,74.63999938964844,72.60272979736328,23582200
2026-08-04,VALE3,76.11000061035156,76.91000366210938,75.80000305175781,76.30999755859375,74.22714233398438,19784000
2026-08-05,VALE3,76.30999755859375,76.94999694824219,75.30000305175781,76.66000366210938,74.56759643554688,15107500
2026-08-06,VALE3,76.48999786376953,76.55000305175781,75.37999725341797,75.38999938964844,73.33226013183594,21991700
2026-08-07,VALE3,75.91000366210938,76.12999725341797,74.5199966430664,74.97000122070312,72.92372131347656,13038800
2026-08-10,VALE3,74.9000015258789,76.33000183105469,74.69999694824219,75.93000030517578,73.8575210571289,15094700
2026-08-11,VALE3,76.30999755859375,76.69999694824219,73.70999908447266,74.4000015258789,72.36927795410156,36211800
2026-08-12,VALE3,73.11000061035156,73.54000091552734,72.66000366210938,73.18000030517578,73.18000030517578,24930300
2026-08-13,VALE3,72.19999694824219,73.19999694824219,71.5,71.9000015258789,71.9000015258789,19535200
2026-08-14,VALE3,71.55000305175781,71.9800033569336,71.08999633789062,71.30000305175781,71.30000305175781,22933800
2026-08-17,VALE3,71.19999694824219,71.80000305175781,70.69000244140625,71.41000366210938,71.41000366210938,10007400
2026-08-18,VALE3,70.98999786376953,72.70999908447266,70.8499984741211,71.55000305175781,71.55000305175781,12466800
2026-08-19,VALE3,72.5999984741211,73.8499984741211,71.76000213623047,72.12999725341797,72.12999725341797,18624200
2026-08-20,VALE3,71.48999786376953,74.0999984741211,71.25,74.0199966430664,74.0199966430664,24999800
2026-08-21,VALE3,74.80000305175781,75.80999755859375,74.51000213623047,75.02999877929688,75.02999877929688,28372500
2026-08-24,VALE3,74.70999908447266,78.36000061035156,74.70999908447266,77.12999725341797,77.12999725341797,28776400
2026-08-25,VALE3,77.0999984741211,78.76000213623047,76.88999938964844,78.69999694824219,78.69999694824219,18033600
2026-08-26,VALE3,79.0,79.58000183105469,78.20999908447266,78.44999694824219,78.44999694824219,13673700
2026-08-27,VALE3,78.06999969482422,79.30000305175781,77.87999725341797,79.11000061035156,79.11000061035156,11544100
2026-08-28,VALE3,79.19000244140625,79.4800033569336,77.76000213623047,78.58000183105469,78.58000183105469,13040900
2026-08-31,VALE3,79.20999908447266,79.69999694824219,77.8499984741211,77.8499984741211,77.8499984741211,28004000
2026-09-01,VALE3,77.87000274658203,78.97000122070312,77.3499984741211,78.30000305175781,78.30000305175781,15755000
2026-09-02,VALE3,78.80000305175781,81.76000213623047,78.5199966430664,80.80000305175781,80.80000305175781,32989800
2026-09-03,VALE3,81.30999755859375,81.98999786376953,77.66000366210938,78.44999694824219,78.44999694824219,32356700
2026-09-04,VALE3,78.19999694824219,79.7300033569336,77.55000305175781,78.62000274658203,78.62000274658203,13868300
2026-09-08,VALE3,79.5999984741211,81.08999633789062,79.0199966430664,79.0199966430664,79.0199966430664,17890200
2023-09-11,ITUB4,23.830537796020508,24.263017654418945,23.73345184326172,24.22771453857422,19.09467124938965,31296405
2023-09-12,ITUB4,24.254192352294922,24.448366165161133,24.112974166870117,24.368932723999023,19.20596694946289,18673652
2023-09-13,ITUB4,24.413061141967773,24.748455047607422,24.263017654418945,24.492496490478516,19.30335235595703,26195186
2023-09-14,ITUB4,24.53662872314453,24.68667221069336,24.245365142822266,24.395410537719727,19.226839065551758,34267698
2023-09-15,ITUB4,24.642541885375977,24.713150024414062,24.218887329101562,24.342453002929688,19.18509292602539,40731689
2023-09-18,ITUB4,24.40423583984375,24.53662872314453,24.148277282714844,24.280670166015625,19.13640022277832,16235663
2023-09-19,ITUB4,24.095321655273438,24.201234817504883,23.883495330810547,23.971755981445312,19.0797119140625,21474768
2023-09-20,ITUB4,24.068843841552734,24.571931838989258,24.033538818359375,24.377758026123047,19.40285873413086,27867381
2023-09-21,ITUB4,24.095321655273438,24.183582305908203,23.79523277282715,23.821712493896484,18.96029281616211,25385884
2023-09-22,ITUB4,23.936450958251953,24.02471351623535,23.73345184326172,23.759929656982422,18.911123275756836,18539052
2023-09-25,ITUB4,23.77758026123047,23.998233795166016,23.768754959106445,23.830537796020508,18.967313766479492,16063674
2023-09-26,ITUB4,23.804059982299805,23.830537796020508,23.459840774536133,23.477493286132812,18.686317443847656,27469811
2023-09-27,ITUB4,23.662841796875,23.759929656982422,23.26566505432129,23.433361053466797,18.65118980407715,26052315
2023-09-28,ITUB4,23.41571044921875,24.165931701660156,23.34510040283203,24.051191329956055,19.14293670654297,32463735
2023-09-29,ITUB4,24.2718448638916,24.333627700805664,23.848190307617188,24.015886306762695,19.11484146118164,19969351
2023-10-02,ITUB4,23.954103469848633,23.998233795166016,23.618711471557617,23.77758026123047,18.937450408935547,14289396
2023-10-03,ITUB4,23.68049430847168,23.768754959106445,23.433361053466797,23.477493286132812,18.69844627380371,24198953
2023-10-04,ITUB4,23.565753936767578,24.12179946899414,23.495145797729492,24.015886306762695,19.12724494934082,26973104
2023-10-05,ITUB4,23.971755981445312,24.563106536865234,23.89232063293457,24.395410537719727,19.429513931274414,32443908
2023-10-06,ITUB4,24.17475700378418,24.96910858154297,24.033538818359375,24.624889373779297,19.61228370666504,50011299
2023-10-09,ITUB4,24.40423583984375,24.492496490478516,24.183582305908203,24.413061141967773,19.443574905395508,16544632
2023-10-10,ITUB4,24.466018676757812,24.757280349731445,24.263017654418945,24.38658332824707,19.4224853515625,27848800
2023-10-11,ITUB4,24.448366165161133,24.730802536010742,24.342453002929688,24.695497512817383,19.66851234436035,17994759
2023-10-13,ITUB4,24.660194396972656,24.792585372924805,24.35127830505371,24.43954086303711,19.464664459228516,25238141
2023-10-16,ITUB4,24.607236862182617,24.624889373779297,24.333627700805664,24.47484588623047,19.492782592773438,12962992
2023-10-17,ITUB4,24.360105514526367,24.40423583984375,24.00705909729004,24.112974166870117,19.204566955566406,30382867
2023-10-18,ITUB4,23.89232063293457,24.086496353149414,23.486318588256836,23.60988426208496,18.803892135620117,63292779
2023-10-19,ITUB4,23.5481014251709,24.183582305908203,23.459840774536133,23.883495330810547,19.021800994873047,26245718
2023-10-20,ITUB4,23.759929656982422,24.033538818359375,23.601058959960938,23.79523277282715,18.951501846313477,27017857
2023-10-23,ITUB4,23.742277145385742,24.104148864746094,23.671667098999023,23.821712493896484,18.97260284423828,18187709
2023-10-24,ITUB4,24.051191329956055,24.165931701660156,23.671667098999023,23.821712493896484,18.97260284423828,17958163
2023-10-25,ITUB4,23.87466812133789,24.563106536865234,23.804059982299805,23.865842819213867,19.00774383544922,28965258
2023-10-26,ITUB4,24.00705909729004,24.554279327392578,23.90997314453125,24.45719337463379,19.47872543334961,32592557
2023-10-27,ITUB4,24.571931838989258,24.624889373779297,23.998233795166016,24.095321655273438,19.190507888793945,34189408
2023-10-30,ITUB4,24.263017654418945,24.263017654418945,23.821712493896484,23.901147842407227,19.03586196899414,17119856
2023-10-31,ITUB4,23.901147842407227,23.989408493041992,23.53045082092285,23.671667098999023,18.853099822998047,28770042
2023-11-01,ITUB4,23.742277145385742,24.130626678466797,23.706972122192383,23.989408493041992,19.118738174438477,29703861
2023-11-03,ITUB4,24.492496490478516,24.810237884521484,24.315975189208984,24.6513671875,19.64629364013672,40014727
2023-11-06,ITUB4,24.757280349731445,24.907325744628906,24.607236862182617,24.880847930908203,19.829187393188477,20420512
2023-11-07,ITUB4,24.880847930908203,25.7546329498291,24.66901969909668,25.57811164855957,20.38488006591797,68857281
2023-11-08,ITUB4,25.648719787597656,25.798763275146484,25.401588439941406,25.69285011291504,20.47632598876953,26848927
2023-11-09,ITUB4,25.701675415039062,25.97528648376465,25.401588439941406,25.80759048461914,20.567768096923828,29266749
2023-11-10,ITUB4,25.966459274291992,26.363636016845703,25.834068298339844,26.116504669189453,20.813962936401367,27757367
2023-11-13,ITUB4,26.01941680908203,26.05472183227539,25.745807647705078,25.93998146057129,20.67327880859375,17013694
2023-11-14,ITUB4,26.028242111206055,26.540157318115234,25.97528648376465,26.328330993652344,20.98278045654297,47389424
2023-11-16,ITUB4,26.478374481201172,26.972639083862305,26.275375366210938,26.751985549926758,21.32042121887207,46722314
2023-11-17,ITUB4,26.734333038330078,26.999116897583008,26.58428955078125,26.875551223754883,21.418893814086914,27884376
2023-11-20,ITUB4,26.90203094482422,27.2109432220459,26.69902992248535,27.140335083007812,21.629920959472656,26508121
2023-11-21,ITUB4,27.034421920776367,27.228595733642578,26.928508758544922,27.09620475769043,21.594749450683594,18805760
2023-11-22,ITUB4,27.27272605895996,27.563989639282227,27.157987594604492,27.263900756835938,21.7283992767334,44180768
2023-11-23,ITUB4,27.263900756835938,27.475727081298828,26.990291595458984,27.228595733642578,21.700260162353516,25892449
2023-11-24,ITUB4,27.122682571411133,27.263900756835938,26.8314208984375,27.07855224609375,21.5806827545166,23216076
2023-11-27,ITUB4,27.2109432220459,27.32568359375,26.928508758544922,27.00794219970703,21.52440643310547,20472630
2023-11-28,ITUB4,26.999116897583008,27.405118942260742,26.90203094482422,27.27272605895996,21.73543357849121,23380701
2023-11-29,ITUB4,27.537511825561523,27.696380615234375,27.219770431518555,27.45807456970215,21.88314437866211,25551189
2023-11-30,ITUB4,27.62577247619629,27.943511962890625,27.563989639282227,27.881729125976562,22.220787048339844,48828674
2023-12-01,ITUB4,27.846424102783203,27.961164474487305,27.475727081298828,27.80229377746582,22.169870376586914,34579613
2023-12-04,ITUB4,27.643423080444336,28.022947311401367,27.634597778320312,27.83759880065918,22.198017120361328,14713024
2023-12-05,ITUB4,27.881729125976562,28.208295822143555,27.8199462890625,28.06707763671875,22.381004333496094,29425256
2023-12-06,ITUB4,28.172992706298828,28.243600845336914,27.643423080444336,27.8199462890625,22.18393898010254,26385417
2023-12-07,ITUB4,27.758163452148438,27.9082088470459,27.546337127685547,27.9082088470459,22.430265426635742,22783950
2023-12-08,ITUB4,27.828773498535156,28.34951400756836,27.749338150024414,28.261253356933594,22.714008331298828,20982366
2023-12-11,ITUB4,28.111209869384766,28.305383682250977,28.005294799804688,28.06707763671875,22.55794334411621,21996515
2023-12-12,ITUB4,28.13768768310547,28.190643310546875,27.70520782470703,27.925859451293945,22.4444522857666,16825276
2023-12-13,ITUB4,27.925859451293945,28.9232120513916,27.925859451293945,28.773168563842773,23.12544822692871,53507397
2023-12-14,ITUB4,28.8967342376709,29.161518096923828,28.605472564697266,29.011472702026367,23.316970825195312,48235322
2023-12-15,ITUB4,29.055604934692383,29.161518096923828,28.508384704589844,28.887908935546875,23.217666625976562,31684684
2023-12-18,ITUB4,28.97616958618164,29.152690887451172,28.834951400756836,29.029125213623047,23.33115577697754,31521986
2023-12-19,ITUB4,29.14386558532715,29.43512725830078,28.97616958618164,29.046777725219727,23.345352172851562,27090256
2023-12-20,ITUB4,28.94086456298828,29.099735260009766,28.667255401611328,28.74669075012207,23.104169845581055,25825488
2023-12-21,ITUB4,28.905559539794922,29.011472702026367,28.729036331176758,28.94086456298828,23.26022720336914,24714129
2023-12-22,ITUB4,28.967342376708984,29.60282325744629,28.949691772460938,29.399822235107422,23.62909698486328,36993016
2023-12-26,ITUB4,29.45277976989746,29.814651489257812,29.329214096069336,29.69991111755371,23.870281219482422,26212408
2023-12-27,ITUB4,29.66460609436035,29.96469497680664,29.629301071166992,29.902912139892578,24.033437728881836,20593974
2023-12-28,ITUB4,29.902912139892578,29.98234748840332,29.779346466064453,29.98234748840332,24.0972843170166,14225154
2024-01-02,ITUB4,29.9117374420166,29.9117374420166,29.33803939819336,29.585172653198242,23.790428161621094,21468310
2024-01-03,ITUB4,29.576345443725586,29.805824279785156,29.258604049682617,29.258604049682617,23.527830123901367,20995509
2024-01-04,ITUB4,29.258604049682617,29.329214096069336,28.86142921447754,29.064430236816406,23.371681213378906,30121031
2024-01-05,ITUB4,29.046777725219727,29.744041442871094,29.020299911499023,29.744041442871094,23.918174743652344,31414011
2024-01-08,ITUB4,29.585172653198242,29.71756362915039,29.382171630859375,29.426300048828125,23.662670135498047,13381523
2024-01-09,ITUB4,29.302736282348633,29.514562606811523,28.94086456298828,29.408649444580078,23.648481369018555,21458906
2024-01-10,ITUB4,29.311561584472656,29.60282325744629,29.293909072875977,29.382171630859375,23.627185821533203,11422452
2024-01-11,ITUB4,29.311561584472656,29.63812828063965,29.24095344543457,29.43512725830078,23.669775009155273,23114559
2024-01-12,ITUB4,29.35569190979004,29.549867630004883,29.09090805053711,29.47043228149414,23.69815444946289,27608377
2024-01-15,ITUB4,29.45277976989746,29.629301071166992,29.285083770751953,29.52338981628418,23.740745544433594,11169567
2024-01-16,ITUB4,29.302736282348633,29.629301071166992,29.082082748413086,29.10856056213379,23.40716552734375,40226258
2024-01-17,ITUB4,29.037952423095703,29.267431259155273,28.97616958618164,29.12621307373047,23.42136001586914,30594852
2024-01-18,ITUB4,29.302736282348633,29.302736282348633,28.8967342376709,29.002647399902344,23.321998596191406,25613957
2024-01-19,ITUB4,29.082082748413086,29.161518096923828,28.870254516601562,29.07325553894043,23.37877655029297,36066109
2024-01-22,ITUB4,29.082082748413086,29.276256561279297,28.217121124267578,28.59664535522461,22.995519638061523,41153165
2024-01-23,ITUB4,28.755516052246094,28.79081916809082,28.393644332885742,28.729036331176758,23.101980209350586,24343524
2024-01-24,ITUB4,28.870254516601562,29.18799591064453,28.517210006713867,28.59664535522461,22.995519638061523,26632184
2024-01-25,ITUB4,28.755516052246094,28.834951400756836,28.46425437927246,28.534862518310547,22.945838928222656,17399934
2024-01-26,ITUB4,28.57899284362793,29.046777725219727,28.552515029907227,28.95851707458496,23.286518096923828,16393377
2024-01-29,ITUB4,28.870254516601562,29.020299911499023,28.640775680541992,28.808473587036133,23.16585350036621,9956124
2024-01-30,ITUB4,28.74669075012207,28.8967342376709,28.534862518310547,28.623123168945312,23.016809463500977,23823364
2024-01-31,ITUB4,28.667255401611328,29.4174747467041,28.658428192138672,28.932037353515625,23.265216827392578,27023862
2024-02-01,ITUB4,28.932037353515625,29.179170608520508,28.455427169799805,28.852603912353516,23.21384048461914,26301462
2024-02-02,ITUB4,28.905559539794922,29.029125213623047,28.411296844482422,28.8967342376709,23.249353408813477,25338865
2024-02-05,ITUB4,29.020299911499023,29.45277976989746,28.949691772460938,29.443954467773438,23.689619064331055,21139400
2024-02-06,ITUB4,29.62047576904297,30.77669906616211,29.37334442138672,30.706090927124023,24.705095291137695,76215210
2024-02-07,ITUB4,30.450132369995117,30.77669906616211,30.097087860107422,30.485435485839844,24.527565002441406,53422083
2024-02-08,ITUB4,30.388349533081055,30.750219345092773,29.8852596282959,29.8852596282959,24.0446834564209,55241227
2024-02-09,ITUB4,29.902912139892578,30.370697021484375,29.779346466064453,30.26478385925293,24.35003662109375,30560069
2024-02-14,ITUB4,30.185348510742188,30.397174835205078,30.11473846435547,30.26478385925293,24.35003662109375,14313415
2024-02-15,ITUB4,30.34421730041504,30.56487274169922,30.13239097595215,30.520740509033203,24.555965423583984,32298657
2024-02-16,ITUB4,30.60900115966797,30.706090927124023,30.255956649780273,30.485435485839844,24.527565002441406,25879532
2024-02-19,ITUB4,30.520740509033203,30.838481903076172,30.4942626953125,30.820829391479492,24.79741096496582,32035461
2024-02-20,ITUB4,30.79435157775879,31.72991943359375,30.79435157775879,31.491615295410156,25.337099075317383,62343778
2024-02-21,ITUB4,31.46513557434082,31.624006271362305,31.315092086791992,31.315092086791992,25.195077896118164,32185244
2024-02-22,ITUB4,30.62665367126465,30.653133392333984,30.150043487548828,30.150043487548828,25.052162170410156,24314973
2024-02-23,ITUB4,30.185348510742188,30.34421730041504,29.894086837768555,30.238304138183594,25.1254940032959,25725331
2024-02-26,ITUB4,30.26478385925293,30.397174835205078,30.150043487548828,30.326566696166992,25.19883918762207,15356342
2024-02-27,ITUB4,30.556045532226562,30.75904655456543,30.36187171936035,30.697263717651367,25.506860733032227,17802262
2024-02-28,ITUB4,30.62665367126465,30.79435157775879,30.414827346801758,30.714916229248047,25.521520614624023,15121697
2024-02-29,ITUB4,30.600175857543945,30.670785903930664,29.779346466064453,29.955869674682617,24.890817642211914,48078175
2024-03-01,ITUB4,30.11473846435547,30.24713134765625,29.92938995361328,30.070608139038086,24.99915313720703,16520612
2024-03-04,ITUB4,30.079435348510742,30.185348510742188,29.841129302978516,29.841129302978516,24.808382034301758,17674233
2024-03-05,ITUB4,29.938217163085938,30.044130325317383,29.655780792236328,29.814651489257812,24.786367416381836,20542423
2024-03-06,ITUB4,29.973520278930664,30.26478385925293,29.796998977661133,30.141218185424805,25.057857513427734,36605983
2024-03-07,ITUB4,30.052955627441406,30.308914184570312,29.56751823425293,29.823476791381836,24.793704986572266,18729056
2024-03-08,ITUB4,29.726390838623047,30.238304138183594,29.69991111755371,30.097087860107422,25.021169662475586,19630131
2024-03-11,ITUB4,30.01765251159668,30.24713134765625,30.0,30.24713134765625,25.14591407775879,22865412
2024-03-12,ITUB4,30.414827346801758,30.547218322753906,30.123565673828125,30.370697021484375,25.248634338378906,24434504
2024-03-13,ITUB4,30.28243637084961,30.820829391479492,30.185348510742188,30.670785903930664,25.49811553955078,30214957
2024-03-14,ITUB4,30.714916229248047,30.829654693603516,30.4942626953125,30.653133392333984,25.483440399169922,32383745
2024-03-15,ITUB4,30.77669906616211,30.803176879882812,30.36187171936035,30.485435485839844,25.34402847290039,42577460
2024-03-18,ITUB4,30.600175857543945,30.847307205200195,30.34421730041504,30.60900115966797,25.446746826171875,14672010
2024-03-19,ITUB4,30.679611206054688,30.75904655456543,30.573698043823242,30.653133392333984,25.483440399169922,11934228
2024-03-20,ITUB4,30.653133392333984,30.891437530517578,30.503089904785156,30.714916229248047,25.534799575805664,19759180
2024-03-21,ITUB4,30.714916229248047,30.829654693603516,30.24713134765625,30.397174835205078,25.270648956298828,38034356
2024-03-22,ITUB4,30.097087860107422,30.185348510742188,29.66460609436035,29.761693954467773,24.917287826538086,13144839
2024-03-25,ITUB4,29.691085815429688,29.779346466064453,29.611650466918945,29.761693954467773,24.917287826538086,13844693
2024-03-26,ITUB4,29.726390838623047,30.353044509887695,29.63812828063965,30.353044509887695,25.412372589111328,19262812
2024-03-27,ITUB4,30.273609161376953,30.60900115966797,30.141218185424805,30.520740509033203,25.552776336669922,19398772
2024-03-28,ITUB4,30.51191520690918,30.706090927124023,30.353044509887695,30.573698043823242,25.59711456298828,18913508
2024-04-01,ITUB4,30.520740509033203,30.706090927124023,29.505735397338867,29.514562606811523,24.722976684570312,35605204
2024-04-02,ITUB4,29.52338981628418,29.62047576904297,29.249778747558594,29.549867630004883,24.752548217773438,20491664
2024-04-03,ITUB4,29.514562606811523,29.63812828063965,29.135038375854492,29.329214096069336,24.567716598510742,33775409
2024-04-04,ITUB4,29.45277976989746,29.73521614074707,28.781993865966797,28.94086456298828,24.242422103881836,54117291
2024-04-05,ITUB4,28.949691772460938,29.117387771606445,28.71138572692871,28.887908935546875,24.19805145263672,28261098
2024-04-08,ITUB4,29.09090805053711,29.593997955322266,29.029125213623047,29.320388793945312,24.560327529907227,19296916
2024-04-09,ITUB4,29.461605072021484,29.68225860595703,29.37334442138672,29.629301071166992,24.81908416748047,20178616
2024-04-10,ITUB4,29.52338981628418,29.56751823425293,28.84377670288086,29.002647399902344,24.294164657592773,31255391
2024-04-11,ITUB4,28.87908172607422,29.064430236816406,28.729036331176758,28.949691772460938,24.24981117248535,20688126
2024-04-12,ITUB4,28.86142921447754,28.887908935546875,28.587818145751953,28.64960289001465,23.99843406677246,25841237
2024-04-15,ITUB4,28.64960289001465,28.799646377563477,28.058252334594727,28.164165496826172,23.591815948486328,35825686
2024-04-16,ITUB4,27.987642288208008,28.128860473632812,27.696380615234375,27.95233726501465,23.414379119873047,34875666
2024-04-17,ITUB4,27.96999168395996,28.040599822998047,27.696380615234375,27.96999168395996,23.42915916442871,28706141
2024-04-18,ITUB4,28.022947311401367,28.243600845336914,27.678728103637695,28.005294799804688,23.458728790283203,24583607
2024-04-19,ITUB4,28.04942512512207,28.217121124267578,27.758163452148438,27.846424102783203,23.325651168823242,30496961
2024-04-22,ITUB4,27.925859451293945,28.01412010192871,27.60811996459961,27.828773498535156,23.31086540222168,24603774
2024-04-23,ITUB4,27.714033126831055,28.517210006713867,27.714033126831055,28.243600845336914,23.658349990844727,53107109
2024-04-24,ITUB4,28.243600845336914,28.323036193847656,27.9082088470459,28.12003517150879,23.55484390258789,27387442
2024-04-25,ITUB4,28.04942512512207,28.243600845336914,27.758163452148438,27.961164474487305,23.42176055908203,23076377
2024-04-26,ITUB4,28.08473014831543,28.552515029907227,27.996469497680664,28.4289493560791,23.813608169555664,30762989
2024-04-29,ITUB4,28.46425437927246,28.508384704589844,27.987642288208008,28.208295822143555,23.628780364990234,25020378
2024-04-30,ITUB4,28.164165496826172,28.420122146606445,27.678728103637695,27.678728103637695,23.1851863861084,53143478
2024-05-02,ITUB4,28.172992706298828,28.340688705444336,27.8199462890625,28.06707763671875,23.523723602294922,31652054
2024-05-03,ITUB4,28.473079681396484,28.764341354370117,28.314210891723633,28.420122146606445,23.81962013244629,32765680
2024-05-06,ITUB4,28.4024715423584,28.834951400756836,28.33186149597168,28.59664535522461,23.967573165893555,21100312
2024-05-07,ITUB4,28.684907913208008,29.33803939819336,28.4024715423584,29.18799591064453,24.46319580078125,43603391
2024-05-08,ITUB4,28.97616958618164,29.45277976989746,28.79081916809082,29.37334442138672,24.618541717529297,27721450
2024-05-09,ITUB4,29.029125213623047,29.09090805053711,28.473079681396484,28.490732192993164,23.878801345825195,31837186
2024-05-10,ITUB4,28.534862518310547,29.14386558532715,28.517210006713867,28.817298889160156,24.152502059936523,26443200
2024-05-13,ITUB4,28.95851707458496,29.285083770751953,28.87908172607422,29.17034339904785,24.448396682739258,26666401
2024-05-14,ITUB4,28.967342376708984,29.62047576904297,28.95851707458496,29.48808479309082,24.714704513549805,34497357
2024-05-15,ITUB4,29.576345443725586,29.629301071166992,29.285083770751953,29.408649444580078,24.64812660217285,23867664
2024-05-16,ITUB4,29.541040420532227,29.673433303833008,29.232126235961914,29.320388793945312,24.57415771484375,20274355
2024-05-17,ITUB4,29.267431259155273,29.45277976989746,29.179170608520508,29.329214096069336,24.58155059814453,21065189
2024-05-20,ITUB4,29.293909072875977,29.479257583618164,29.12621307373047,29.24095344543457,24.50757598876953,17755129
2024-05-21,ITUB4,29.276256561279297,29.37334442138672,28.97616958618164,29.09090805053711,24.38182258605957,18694273
2024-05-22,ITUB4,28.94086456298828,28.993820190429688,28.526037216186523,28.640775680541992,24.004554748535156,23786768
2024-05-23,ITUB4,28.59664535522461,28.63195037841797,28.287731170654297,28.38481903076172,23.790023803710938,21792348
2024-05-24,ITUB4,28.437774658203125,28.455427169799805,28.005294799804688,28.111209869384766,23.560710906982422,23438031
2024-05-27,ITUB4,28.111209869384766,28.128860473632812,27.89055633544922,28.01412010192871,23.479337692260742,13641546
2024-05-28,ITUB4,28.358339309692383,28.36716651916504,27.80229377746582,27.864076614379883,23.353588104248047,28440452
2024-05-29,ITUB4,27.678728103637695,27.828773498535156,27.316856384277344,27.669902801513672,23.190841674804688,28148705
2024-05-31,ITUB4,27.661075592041016,27.722858428955078,27.36098861694336,27.387466430664062,22.95412254333496,38825757
2024-06-03,ITUB4,27.502206802368164,27.9346866607666,27.44042205810547,27.758163452148438,23.278057098388672,25750257
2024-06-04,ITUB4,27.661075592041016,27.95233726501465,27.511032104492188,27.85525131225586,23.359468460083008,25163703
2024-06-05,ITUB4,27.758163452148438,27.925859451293945,27.652250289916992,27.80229377746582,23.315065383911133,25288786
2024-06-06,ITUB4,27.811119079589844,28.243600845336914,27.766990661621094,28.155338287353516,23.611129760742188,14607995
2024-06-07,ITUB4,27.87290382385254,28.06707763671875,27.652250289916992,27.758163452148438,23.278057098388672,26331259
2024-06-10,ITUB4,27.793468475341797,27.89055633544922,27.281553268432617,27.537511825561523,23.093019485473633,23061082
2024-06-11,ITUB4,27.696380615234375,27.96999168395996,27.57281494140625,27.846424102783203,23.352066040039062,16807035
2024-06-12,ITUB4,27.95233726501465,28.01412010192871,27.493379592895508,27.80229377746582,23.315065383911133,39355661
2024-06-13,ITUB4,27.80229377746582,27.95233726501465,27.511032104492188,27.511032104492188,23.070812225341797,23094958
2024-06-14,ITUB4,27.475727081298828,27.68755531311035,27.30803108215332,27.484554290771484,23.048603057861328,17478111
2024-06-17,ITUB4,27.722858428955078,28.243600845336914,27.616945266723633,28.155338287353516,23.611129760742188,30480419
2024-06-18,ITUB4,28.10238265991211,28.44660186767578,27.996469497680664,28.13768768310547,23.59632682800293,24588705
2024-06-19,ITUB4,28.01412010192871,28.499557495117188,27.89055633544922,28.358339309692383,23.781362533569336,16497726
2024-06-20,ITUB4,28.57899284362793,28.64960289001465,28.12003517150879,28.164165496826172,23.618532180786133,23141638
2024-06-21,ITUB4,28.13768768310547,28.4024715423584,27.925859451293945,28.13768768310547,23.783403396606445,58654050
2024-06-24,ITUB4,28.234773635864258,29.002647399902344,28.225948333740234,28.543689727783203,24.12657356262207,36808677
2024-06-25,ITUB4,28.534862518310547,28.84377670288086,28.455427169799805,28.63195037841797,24.2011775970459,27162088
2024-06-26,ITUB4,28.44660186767578,28.57899284362793,28.075904846191406,28.57899284362793,24.156417846679688,26776528
2024-06-27,ITUB4,28.640775680541992,28.781993865966797,28.490732192993164,28.63195037841797,24.2011775970459,17012674
2024-06-28,ITUB4,28.667255401611328,28.720211029052734,28.287731170654297,28.605472564697266,24.178800582885742,32848049
2024-07-01,ITUB4,28.57899284362793,28.82612419128418,28.393644332885742,28.455427169799805,24.06507682800293,17694174
2024-07-02,ITUB4,28.490732192993164,28.82612419128418,28.44660186767578,28.82612419128418,24.378583908081055,34497357
2024-07-03,ITUB4,29.002647399902344,29.382171630859375,28.914386749267578,29.002647399902344,24.527870178222656,28588875
2024-07-04,ITUB4,29.276256561279297,29.33803939819336,29.037952423095703,29.046777725219727,24.565189361572266,11373280
2024-07-05,ITUB4,29.12621307373047,29.196821212768555,28.781993865966797,29.064430236816406,24.58011817932129,19063291
2024-07-08,ITUB4,28.97616958618164,29.12621307373047,28.773168563842773,29.011472702026367,24.53533363342285,19708195
2024-07-09,ITUB4,28.8967342376709,29.214473724365234,28.729036331176758,29.214473724365234,24.707012176513672,19027715
2024-07-10,ITUB4,29.285083770751953,29.549867630004883,29.214473724365234,29.52338981628418,24.968263626098633,38936224
2024-07-11,ITUB4,29.52338981628418,29.708736419677734,29.461605072021484,29.69991111755371,25.117551803588867,22220282
2024-07-12,ITUB4,29.69991111755371,29.73521614074707,29.408649444580078,29.532215118408203,24.97572898864746,24991940
2024-07-15,ITUB4,29.56751823425293,29.71756362915039,29.461605072021484,29.646953582763672,25.072769165039062,22336415
2024-07-16,ITUB4,29.62047576904297,29.876434326171875,29.585172653198242,29.823476791381836,25.222055435180664,22061662
2024-07-17,ITUB4,29.761693954467773,30.22947883605957,29.66460609436035,30.150043487548828,25.498231887817383,18500757
2024-07-18,ITUB4,30.070608139038086,30.19417381286621,29.805824279785156,30.008825302124023,25.37880516052246,17774957
2024-07-19,ITUB4,30.141218185424805,30.556045532226562,30.061782836914062,30.238304138183594,25.5728702545166,26942513
2024-07-22,ITUB4,30.255956649780273,30.4060001373291,30.158870697021484,30.220653533935547,25.557947158813477,14046027
2024-07-23,ITUB4,30.19417381286621,30.36187171936035,30.097087860107422,30.17652130126953,25.520626068115234,19171379
2024-07-24,ITUB4,30.273609161376953,30.30008888244629,30.052955627441406,30.13239097595215,25.483306884765625,17873754
2024-07-25,ITUB4,30.070608139038086,30.19417381286621,29.86760711669922,30.0,25.37134552001953,22461951
2024-07-26,ITUB4,29.938217163085938,30.308914184570312,29.938217163085938,30.220653533935547,25.557947158813477,12668639
2024-07-29,ITUB4,30.255956649780273,30.547218322753906,30.22947883605957,30.44130516052246,25.744564056396484,17147388
2024-07-30,ITUB4,30.3795223236084,30.45895767211914,30.13239097595215,30.326566696166992,25.647518157958984,19972297
2024-07-31,ITUB4,30.238304138183594,30.370697021484375,29.876434326171875,29.902912139892578,25.289234161376953,28667619
2024-08-01,ITUB4,30.026477813720703,30.11473846435547,29.364517211914062,29.45277976989746,24.921533584594727,25644208
2024-08-02,ITUB4,29.558692932128906,29.60282325744629,28.94086456298828,29.082082748413086,24.60787010192871,27354812
2024-08-05,ITUB4,28.640775680541992,29.152690887451172,28.552515029907227,29.082082748413086,24.60787010192871,30036736
2024-08-06,ITUB4,29.135038375854492,29.955869674682617,29.135038375854492,29.726390838623047,25.153051376342773,29244996
2024-08-07,ITUB4,30.052955627441406,30.167695999145508,29.18799591064453,29.805824279785156,25.220258712768555,46066533
2024-08-08,ITUB4,29.876434326171875,30.13239097595215,29.60282325744629,29.69991111755371,25.13064193725586,22235464
2024-08-09,ITUB4,29.83230209350586,30.503089904785156,29.788171768188477,30.503089904785156,25.810253143310547,27350166
2024-08-12,ITUB4,30.600175857543945,30.732568740844727,30.423654556274414,30.547218322753906,25.847597122192383,23753798
2024-08-13,ITUB4,30.75904655456543,31.412179946899414,30.635480880737305,31.412179946899414,26.579484939575195,44797573
2024-08-14,ITUB4,31.412179946899414,32.462486267089844,31.412179946899414,32.18887710571289,27.2366886138916,61454486
2024-08-15,ITUB4,32.36540222167969,32.73609924316406,32.268314361572266,32.7007942199707,27.66984748840332,36976474
2024-08-16,ITUB4,32.86848831176758,33.089141845703125,32.338924407958984,32.42718505859375,27.438339233398438,39069012
2024-08-19,ITUB4,32.550750732421875,32.88614273071289,32.462486267089844,32.621360778808594,27.602636337280273,25227717
2024-08-20,ITUB4,32.65666198730469,32.974403381347656,32.42718505859375,32.85966491699219,27.80427360534668,17856533
2024-08-21,ITUB4,32.94792556762695,32.99205780029297,32.57722854614258,32.727272033691406,27.692258834838867,16012462
2024-08-22,ITUB4,32.056488037109375,32.43600845336914,32.03883361816406,32.42718505859375,27.438339233398438,24315199
2024-08-23,ITUB4,32.4713134765625,32.7007942199707,32.100616455078125,32.1800537109375,27.229215621948242,24645695
2024-08-26,ITUB4,32.24183654785156,32.338924407958984,32.0035285949707,32.25065994262695,27.28896713256836,16314180
2024-08-27,ITUB4,32.24183654785156,32.40070724487305,32.065311431884766,32.28596496582031,27.31884002685547,16586780
2024-08-28,ITUB4,32.09178924560547,33.07149124145508,31.977052688598633,32.98323059082031,27.908836364746094,36121512
2024-08-29,ITUB4,32.82435989379883,32.99205780029297,32.621360778808594,32.621360778808594,27.602636337280273,25176619
2024-08-30,ITUB4,32.50661849975586,32.630184173583984,32.135921478271484,32.39188003540039,27.40846061706543,69846390
2024-09-02,ITUB4,32.27714157104492,32.39188003540039,32.07413864135742,32.11827087402344,27.19001579284668,11520344
2024-09-03,ITUB4,32.2065315246582,32.6478385925293,32.09178924560547,32.63901138305664,27.630863189697266,17829227
2024-09-04,ITUB4,32.78905487060547,33.35392761230469,32.67431640625,32.86848831176758,27.825122833251953,23012702
2024-09-05,ITUB4,32.92144775390625,33.18622970581055,32.78022766113281,33.080318450927734,28.00444984436035,13102351
2024-09-06,ITUB4,33.1685791015625,33.1685791015625,32.54192352294922,32.61253356933594,27.608448028564453,18068290
2024-09-09,ITUB4,32.67431640625,33.05384063720703,32.630184173583984,32.93027114868164,27.877426147460938,15484371
2024-09-10,ITUB4,32.7007942199707,32.99205780029297,32.67431640625,32.93027114868164,27.877426147460938,15099944
2024-09-11,ITUB4,32.99205780029297,33.13327407836914,32.78022766113281,32.99205780029297,27.929737091064453,22282257
2024-09-12,ITUB4,32.842010498046875,32.90379333496094,32.39188003540039,32.630184173583984,27.623394012451172,16309421
2024-09-13,ITUB4,32.797882080078125,32.94792556762695,32.28596496582031,32.665489196777344,27.65328025817871,22909713
2024-09-16,ITUB4,32.70962142944336,32.85083770751953,32.50661849975586,32.65666198730469,27.64579963684082,12252828
2024-09-17,ITUB4,32.57722854614258,32.63901138305664,32.35657501220703,32.57722854614258,27.57855796813965,19981701
2024-09-18,ITUB4,32.524269104003906,32.683143615722656,32.268314361572266,32.39188003540039,27.421648025512695,18703790
2024-09-19,ITUB4,32.480140686035156,32.550750732421875,32.100616455078125,32.303619384765625,27.3469295501709,27012532
2024-09-20,ITUB4,32.056488037109375,32.19770431518555,31.694616317749023,31.712268829345703,27.048057556152344,34731661
2024-09-23,ITUB4,31.544570922851562,31.756397247314453,31.394527435302734,31.526918411254883,26.889965057373047,17373195
2024-09-24,ITUB4,31.818180084228516,32.065311431884766,31.35039710998535,31.51809310913086,26.882436752319336,27208315
2024-09-25,ITUB4,31.579875946044922,31.924095153808594,31.579875946044922,31.91526985168457,27.221200942993164,24582587
2024-09-26,ITUB4,32.21535873413086,32.559574127197266,32.07413864135742,32.32126998901367,27.567489624023438,42599440
2024-09-27,ITUB4,32.25065994262695,32.53309631347656,32.233009338378906,32.4448356628418,27.67287826538086,31411178
2024-09-30,ITUB4,32.303619384765625,32.65666198730469,31.871137619018555,31.871137619018555,27.18355941772461,28491777
2024-10-01,ITUB4,32.0035285949707,32.04766082763672,31.27096176147461,31.332744598388672,26.737415313720703,30144937
2024-10-02,ITUB4,31.659311294555664,32.0035285949707,31.35039710998535,31.526918411254883,26.90311622619629,23530370
2024-10-03,ITUB4,31.085613250732422,31.173873901367188,30.582523345947266,30.750219345092773,26.24032974243164,35700490
2024-10-04,ITUB4,30.617828369140625,31.015003204345703,30.56487274169922,30.812002182006836,26.293048858642578,17541559
2024-10-07,ITUB4,31.067960739135742,31.173873901367188,30.75904655456543,31.015003204345703,26.466276168823242,26410683
2024-10-08,ITUB4,31.226831436157227,31.341571807861328,31.129743576049805,31.200353622436523,26.62444496154785,26176152
2024-10-09,ITUB4,30.988525390625,31.067960739135742,30.56487274169922,30.62665367126465,26.1348876953125,23707005
2024-10-10,ITUB4,30.635480880737305,30.864959716796875,30.51191520690918,30.79435157775879,26.277986526489258,23211884
2024-10-11,ITUB4,30.74139404296875,30.864959716796875,30.4942626953125,30.56487274169922,26.08216667175293,19225310
2024-10-14,ITUB4,30.661958694458008,30.95322036743164,30.556045532226562,30.75904655456543,26.247859954833984,16356101
2024-10-15,ITUB4,30.803176879882812,31.165048599243164,30.653133392333984,31.112091064453125,26.54911994934082,32631872
2024-10-16,ITUB4,31.112091064453125,31.129743576049805,30.75904655456543,30.926742553710938,26.390958786010742,39642197
2024-10-17,ITUB4,30.617828369140625,31.27096176147461,30.485435485839844,30.988525390625,26.443687438964844,22310809
2024-10-18,ITUB4,31.067960739135742,31.226831436157227,30.909090042114258,31.13857078552246,26.57172203063965,17703125
2024-10-21,ITUB4,31.23565673828125,31.262134552001953,30.891437530517578,30.979698181152344,26.43614959716797,16873089
2024-10-22,ITUB4,30.891437530517578,31.112091064453125,30.72374153137207,31.032655715942383,26.48134422302246,24850542
2024-10-23,ITUB4,30.900264739990234,31.244483947753906,30.891437530517578,31.226831436157227,26.647043228149414,17395402
2024-10-24,ITUB4,31.226831436157227,31.624006271362305,31.147396087646484,31.509267807006836,26.88805389404297,24236796
2024-10-25,ITUB4,31.509267807006836,31.579875946044922,31.085613250732422,31.156221389770508,26.586790084838867,17380220
2024-10-28,ITUB4,31.456310272216797,31.694616317749023,31.323917388916016,31.53574562072754,26.910640716552734,11933889
2024-10-29,ITUB4,31.650484085083008,31.721094131469727,31.200353622436523,31.200353622436523,26.62444496154785,13225282
2024-10-30,ITUB4,31.191526412963867,31.412179946899414,31.00617790222168,31.112091064453125,26.54911994934082,12081065
2024-10-31,ITUB4,31.112091064453125,31.429832458496094,30.909090042114258,30.909090042114258,26.37590217590332,22748147
2024-11-01,ITUB4,30.891437530517578,31.156221389770508,30.706090927124023,30.72374153137207,26.23095703125,25777562
2024-11-04,ITUB4,31.00617790222168,31.36804962158203,30.79435157775879,31.13857078552246,26.585121154785156,23226386
2024-11-05,ITUB4,31.509267807006836,32.347747802734375,31.421005249023438,32.07413864135742,27.383880615234375,59510598
2024-11-06,ITUB4,31.659311294555664,32.1535758972168,31.35039710998535,31.924095153808594,27.255781173706055,44058971
2024-11-07,ITUB4,31.888790130615234,32.19770431518555,31.385700225830078,31.456310272216797,26.856399536132812,16816325
2024-11-08,ITUB4,30.95322036743164,31.21800422668457,30.785524368286133,30.962047576904297,26.43441390991211,26247984
2024-11-11,ITUB4,30.85613441467285,31.262134552001953,30.812002182006836,30.997352600097656,26.46455955505371,20677703
2024-11-12,ITUB4,31.02383041381836,31.13857078552246,30.591350555419922,30.62665367126465,26.148069381713867,26591283
2024-11-13,ITUB4,30.714916229248047,30.75904655456543,30.273609161376953,30.467784881591797,26.01242446899414,29706013
2024-11-14,ITUB4,30.4060001373291,30.547218322753906,30.158870697021484,30.3795223236084,25.93707275390625,35013665
2024-11-18,ITUB4,30.34421730041504,30.51191520690918,30.202999114990234,30.273609161376953,25.846649169921875,20962992
2024-11-19,ITUB4,30.273609161376953,30.62665367126465,30.150043487548828,30.547218322753906,26.080245971679688,18019798
2024-11-21,ITUB4,30.220653533935547,30.388349533081055,30.01765251159668,30.01765251159668,25.62812042236328,28727441
2024-11-22,ITUB4,30.36187171936035,30.36187171936035,29.955869674682617,30.105913162231445,25.703474044799805,14604143
2024-11-25,ITUB4,30.088260650634766,30.19417381286621,29.98234748840332,30.097087860107422,25.695938110351562,27017291
2024-11-26,ITUB4,30.185348510742188,31.032655715942383,30.158870697021484,30.670785903930664,26.185745239257812,30264922
2024-11-27,ITUB4,30.60900115966797,30.75904655456543,29.761693954467773,29.920564651489258,25.545230865478516,26816070
2024-11-28,ITUB4,29.805824279785156,29.858781814575195,28.799646377563477,28.84377670288086,24.625900268554688,44303925
2024-11-29,ITUB4,28.914386749267578,29.064430236816406,28.4024715423584,28.773168563842773,24.565616607666016,41721478
2024-12-02,ITUB4,28.587818145751953,28.817298889160156,28.243600845336914,28.34951400756836,24.217029571533203,25024231
2024-12-03,ITUB4,28.4289493560791,28.702558517456055,28.4024715423584,28.667255401611328,24.488447189331055,23357474
2024-12-04,ITUB4,28.605472564697266,28.993820190429688,28.56134033203125,28.84377670288086,24.63924217224121,25113058
2024-12-05,ITUB4,29.10856056213379,29.56751823425293,28.949691772460938,29.461605072021484,25.167007446289062,36947243
2024-12-06,ITUB4,29.37334442138672,29.47043228149414,28.84377670288086,28.86142921447754,24.654319763183594,24236456
2024-12-09,ITUB4,28.905559539794922,29.24095344543457,28.905559539794922,29.002647399902344,24.774951934814453,18324009
2024-12-10,ITUB4,28.8967342376709,29.276256561279297,28.86142921447754,29.117387771606445,25.110280990600586,21447916
2024-12-11,ITUB4,29.14386558532715,29.788171768188477,28.817298889160156,29.399822235107422,25.35384750366211,35985666
2024-12-12,ITUB4,29.12621307373047,29.285083770751953,28.570167541503906,28.667255401611328,24.722095489501953,27479555
2024-12-13,ITUB4,28.71138572692871,28.799646377563477,28.287731170654297,28.29655647277832,24.402416229248047,27998356
2024-12-16,ITUB4,28.252426147460938,28.340688705444336,27.987642288208008,27.987642288208008,24.136011123657227,37414605
2024-12-17,ITUB4,28.06707763671875,28.4024715423584,27.89055633544922,28.13768768310547,24.265411376953125,45447689
2024-12-18,ITUB4,28.040599822998047,28.10238265991211,27.246248245239258,27.334510803222656,23.572769165039062,58162101
2024-12-19,ITUB4,27.528684616088867,27.83759880065918,27.281553268432617,27.484554290771484,23.7021541595459,53287369
2024-12-20,ITUB4,27.413944244384766,27.8199462890625,27.413944244384766,27.80229377746582,23.976173400878906,60210112
2024-12-23,ITUB4,27.475727081298828,27.634597778320312,27.140335083007812,27.263900756835938,23.511869430541992,31425454
2024-12-26,ITUB4,27.228595733642578,27.563989639282227,27.17563819885254,27.44042205810547,23.664098739624023,23278278
2024-12-27,ITUB4,27.493379592895508,27.563989639282227,27.166812896728516,27.166812896728516,23.42814826965332,15418543
2024-12-30,ITUB4,27.246248245239258,27.422771453857422,27.122682571411133,27.122682571411133,23.39008903503418,32151480
2025-01-02,ITUB4,27.052074432373047,27.228595733642578,26.690202713012695,26.981464385986328,23.281675338745117,29053972
2025-01-03,ITUB4,26.999116897583008,27.02559471130371,26.31950569152832,26.31950569152832,22.710485458374023,40039200
2025-01-06,ITUB4,26.663724899291992,27.581640243530273,26.575462341308594,27.502206802368164,23.73101043701172,35104078
2025-01-07,ITUB4,27.643423080444336,28.12003517150879,27.57281494140625,27.80229377746582,23.98995018005371,28624338
2025-01-08,ITUB4,27.55516242980957,27.722858428955078,27.237422943115234,27.352161407470703,23.601543426513672,21783171
2025-01-09,ITUB4,27.369813919067383,27.511032104492188,27.29037857055664,27.422771453857422,23.66246795654297,11465733
2025-01-10,ITUB4,27.413944244384766,27.484554290771484,26.96381187438965,27.04324722290039,23.334983825683594,21853643
2025-01-13,ITUB4,27.034421920776367,27.475727081298828,27.034421920776367,27.237422943115234,23.502534866333008,17535780
2025-01-14,ITUB4,27.299205780029297,27.316856384277344,26.84907341003418,27.255075454711914,23.517770767211914,22928521
2025-01-15,ITUB4,27.511032104492188,28.499557495117188,27.422771453857422,28.437774658203125,24.538293838500977,40308287
2025-01-16,ITUB4,28.375991821289062,28.587818145751953,28.111209869384766,28.34951400756836,24.462141036987305,24765227
2025-01-17,ITUB4,28.48190689086914,28.74669075012207,28.323036193847656,28.552515029907227,24.637300491333008,23627808
2025-01-20,ITUB4,28.420122146606445,29.037952423095703,28.420122146606445,28.82612419128418,24.873390197753906,10462575
2025-01-21,ITUB4,28.82612419128418,29.037952423095703,28.71138572692871,28.887908935546875,24.926700592041016,15918423
2025-01-22,ITUB4,28.993820190429688,29.09090805053711,28.69373321533203,28.781993865966797,24.835308074951172,23835940
2025-01-23,ITUB4,28.870254516601562,29.011472702026367,28.534862518310547,28.720211029052734,24.781997680664062,22913792
2025-01-24,ITUB4,28.623123168945312,28.773168563842773,28.517210006713867,28.64960289001465,24.721071243286133,9909218
2025-01-27,ITUB4,28.64960289001465,29.399822235107422,28.517210006713867,29.33803939819336,25.315109252929688,22917984
2025-01-28,ITUB4,29.33803939819336,29.52338981628418,29.099735260009766,29.3909969329834,25.360801696777344,16244500
2025-01-29,ITUB4,29.514562606811523,29.611650466918945,29.302736282348633,29.320388793945312,25.299882888793945,13655935
2025-01-30,ITUB4,29.329214096069336,30.167695999145508,29.329214096069336,30.035303115844727,25.916759490966797,29709865
2025-01-31,ITUB4,30.141218185424805,30.202999114990234,29.841129302978516,29.841129302978516,25.74921226501465,20432975
2025-02-03,ITUB4,29.726390838623047,29.823476791381836,29.33803939819336,29.549867630004883,25.511207580566406,25677405
2025-02-04,ITUB4,29.479257583618164,29.9117374420166,29.320388793945312,29.655780792236328,25.60265350341797,23154667
2025-02-05,ITUB4,29.84995460510254,30.370697021484375,29.788171768188477,30.105913162231445,25.99125099182129,45348664
2025-02-06,ITUB4,29.3909969329834,30.353044509887695,29.082082748413086,30.158870697021484,26.03697395324707,44044581
2025-02-07,ITUB4,30.26478385925293,30.423654556274414,29.744041442871094,29.938217163085938,25.846479415893555,40083613
2025-02-10,ITUB4,30.061782836914062,30.485435485839844,30.01765251159668,30.26478385925293,26.128414154052734,42687021
2025-02-11,ITUB4,30.36187171936035,30.803176879882812,30.36187171936035,30.582523345947266,26.402725219726562,35512412
2025-02-12,ITUB4,30.36187171936035,30.547218322753906,29.593997955322266,29.73521614074707,25.67123031616211,34311545
2025-02-13,ITUB4,29.75286865234375,29.920564651489258,29.611650466918945,29.894086837768555,25.808380126953125,15168830
2025-02-14,ITUB4,30.097087860107422,30.803176879882812,30.052955627441406,30.68843650817871,26.494169235229492,33546090
2025-02-17,ITUB4,30.785524368286133,31.156221389770508,30.750219345092773,30.750219345092773,26.547504425048828,20231641
2025-02-18,ITUB4,29.399822235107422,29.43512725830078,29.002647399902344,29.302736282348633,26.503093719482422,34668327
2025-02-19,ITUB4,29.17034339904785,29.196821212768555,28.905559539794922,29.029125213623047,26.255626678466797,25496918
2025-02-20,ITUB4,29.029125213623047,29.161518096923828,28.817298889160156,28.949691772460938,26.18378257751465,17946380
2025-02-21,ITUB4,28.9232120513916,28.95851707458496,28.720211029052734,28.86142921447754,26.10395050048828,34362303
2025-02-24,ITUB4,29.011472702026367,29.099735260009766,28.526037216186523,28.702558517456055,25.96026039123535,29019415
2025-02-25,ITUB4,28.932037353515625,29.249778747558594,28.799646377563477,28.993820190429688,26.223695755004883,29667378
2025-02-26,ITUB4,29.258604049682617,29.285083770751953,28.905559539794922,28.9232120513916,26.159832000732422,24486962
2025-02-27,ITUB4,29.099735260009766,29.232126235961914,28.8967342376709,28.8967342376709,26.135883331298828,23485390
2025-02-28,ITUB4,28.8967342376709,29.046777725219727,28.190643310546875,28.190643310546875,25.497249603271484,40016653
2025-03-05,ITUB4,28.605472564697266,28.74669075012207,28.243600845336914,28.59664535522461,25.878767013549805,29404182
2025-03-06,ITUB4,28.59664535522461,28.887908935546875,28.4289493560791,28.64960289001465,25.92669105529785,21081617
2025-03-07,ITUB4,28.57899284362793,29.055604934692383,28.46425437927246,28.773168563842773,26.03851890563965,23391804
2025-03-10,ITUB4,28.640775680541992,29.029125213623047,28.473079681396484,29.029125213623047,26.270143508911133,31361893
2025-03-11,ITUB4,29.082082748413086,29.082082748413086,28.605472564697266,28.773168563842773,26.03851890563965,21005253
2025-03-12,ITUB4,28.87908172607422,28.949691772460938,28.605472564697266,28.86142921447754,26.118383407592773,20300754
2025-03-13,ITUB4,28.86142921447754,29.4174747467041,28.808473587036133,29.329214096069336,26.541711807250977,32681045
2025-03-14,ITUB4,29.479257583618164,30.4942626953125,29.4174747467041,30.28243637084961,27.404340744018555,35848233
2025-03-17,ITUB4,30.26478385925293,31.28861427307129,30.22947883605957,31.191526412963867,28.22702980041504,30713817
2025-03-18,ITUB4,31.368932723999023,31.640775680541992,31.213592529296875,31.359222412109375,28.3787841796875,30775164
2025-03-19,ITUB4,31.55339813232422,31.660194396972656,31.30097007751465,31.436893463134766,28.449073791503906,25414117
2025-03-20,ITUB4,31.388349533081055,31.601940155029297,30.922330856323242,31.145631790161133,28.185495376586914,32136515
2025-03-21,ITUB4,31.17475700378418,31.359222412109375,31.04854393005371,31.213592529296875,28.24699592590332,49041184
2025-03-24,ITUB4,31.145631790161133,31.378639221191406,31.009708404541016,31.242717742919922,28.273353576660156,32838563
2025-03-25,ITUB4,31.359222412109375,31.990291595458984,31.359222412109375,31.495145797729492,28.501787185668945,19574017
2025-03-26,ITUB4,31.601940155029297,31.650484085083008,31.029125213623047,31.155338287353516,28.194278717041016,32860090
2025-03-27,ITUB4,31.213592529296875,31.262134552001953,31.029125213623047,31.19417381286621,28.22942543029785,29373952
2025-03-28,ITUB4,31.04854393005371,31.203882217407227,30.55339813232422,30.766990661621094,27.84284210205078,22939851
2025-03-31,ITUB4,30.679611206054688,30.679611206054688,30.184465408325195,30.495145797729492,27.596832275390625,26139340
2025-04-01,ITUB4,30.475727081298828,30.74757194519043,30.262134552001953,30.485435485839844,27.603559494018555,12749134
2025-04-02,ITUB4,30.456310272216797,30.69902992248535,30.2718448638916,30.495145797729492,27.61235237121582,12147820
2025-04-03,ITUB4,30.242717742919922,31.262134552001953,30.184465408325195,31.038833618164062,28.104639053344727,32876673
2025-04-04,ITUB4,30.660194396972656,30.815532684326172,30.009708404541016,30.233009338378906,27.3749942779541,32585286
2025-04-07,ITUB4,30.0,30.69902992248535,29.650484085083008,30.291261672973633,27.427743911743164,33261069
2025-04-08,ITUB4,30.62135887145996,30.84465980529785,30.087377548217773,30.30097007751465,27.4365234375,37102660
2025-04-09,ITUB4,30.097087860107422,31.407766342163086,29.922330856323242,30.854368209838867,27.93761444091797,37906369
2025-04-10,ITUB4,30.737863540649414,31.106796264648438,30.22330093383789,30.7281551361084,27.823331832885742,36347258
2025-04-11,ITUB4,30.834951400756836,31.19417381286621,30.52427101135254,30.883495330810547,27.9639892578125,28350853
2025-04-14,ITUB4,31.22330093383789,31.57281494140625,31.038833618164062,31.388349533081055,28.421113967895508,27027200
2025-04-15,ITUB4,31.34951400756836,31.834951400756836,31.262134552001953,31.786407470703125,28.781539916992188,25716216
2025-04-16,ITUB4,31.650484085083008,31.961164474487305,31.55339813232422,31.737863540649414,28.737594604492188,32431301
2025-04-17,ITUB4,31.62135887145996,31.87378692626953,31.4174747467041,31.79611587524414,28.79033660888672,20502356
2025-04-22,ITUB4,31.74757194519043,32.563106536865234,31.669902801513672,32.417476654052734,29.35295295715332,21624747
2025-04-23,ITUB4,32.708736419677734,33.17475509643555,32.57281494140625,33.09708786010742,29.968320846557617,28074813
2025-04-24,ITUB4,33.155338287353516,33.79611587524414,33.077667236328125,33.73786544799805,30.548526763916016,27701953
2025-04-25,ITUB4,33.73786544799805,33.951454162597656,33.49514389038086,33.61164855957031,30.43423843383789,32716096
2025-04-28,ITUB4,33.6019401550293,34.04854202270508,33.46601867675781,33.97087478637695,30.759506225585938,15664343
2025-04-29,ITUB4,33.98058319091797,34.38834762573242,33.8349494934082,34.24271774291992,31.005651473999023,25215842
2025-04-30,ITUB4,34.02912521362305,34.640777587890625,34.009708404541016,34.5436897277832,31.278186798095703,32424606
2025-05-02,ITUB4,34.38834762573242,34.640777587890625,33.73786544799805,34.436893463134766,31.196950912475586,39184393
2025-05-05,ITUB4,34.22330093383789,34.359222412109375,33.73786544799805,33.82524108886719,30.642839431762695,28440154
2025-05-06,ITUB4,33.805824279785156,33.864078521728516,33.417476654052734,33.65048599243164,30.484529495239258,17773062
2025-05-07,ITUB4,33.90291213989258,34.11650466918945,33.71844482421875,34.01941680908203,30.818750381469727,13799837
2025-05-08,ITUB4,34.563106536865234,34.951454162597656,34.11650466918945,34.291263580322266,31.065019607543945,34181683
2025-05-09,ITUB4,35.339805603027344,36.16504669189453,34.74757385253906,36.1456298828125,32.74491500854492,59744738
2025-05-12,ITUB4,36.34951400756836,36.34951400756836,35.194175720214844,35.417476654052734,32.08527755737305,27701747
2025-05-13,ITUB4,35.61164855957031,36.02912521362305,35.4563102722168,35.854366302490234,32.481056213378906,25374256
2025-05-14,ITUB4,35.864078521728516,36.25242614746094,35.73786544799805,36.09708786010742,32.70094680786133,18405585
2025-05-15,ITUB4,36.27184295654297,36.66990280151367,36.135921478271484,36.582523345947266,33.14070510864258,27141221
2025-05-16,ITUB4,36.582523345947266,36.89320373535156,36.281551361083984,36.79611587524414,33.334205627441406,30524874
2025-05-19,ITUB4,36.71844482421875,37.46601867675781,36.61164855957031,37.233009338378906,33.72998809814453,25052690
2025-05-20,ITUB4,37.26213455200195,37.26213455200195,36.75728225708008,37.18446731567383,33.68601608276367,18517546
2025-05-21,ITUB4,37.077667236328125,37.087379455566406,36.135921478271484,36.436893463134766,33.00878143310547,20822892
2025-05-22,ITUB4,36.5436897277832,36.640777587890625,36.058250427246094,36.18446731567383,32.78010559082031,23576494
2025-05-23,ITUB4,35.53398132324219,36.621360778808594,35.300968170166016,36.621360778808594,33.17588424682617,20729677
2025-05-26,ITUB4,36.524269104003906,37.135921478271484,36.44660186767578,36.69902801513672,33.24626159667969,6695412
2025-05-27,ITUB4,37.18446731567383,37.49514389038086,36.766990661621094,36.990291595458984,33.51011276245117,15157789
2025-05-28,ITUB4,36.97087478637695,37.03883361816406,36.6019401550293,36.6893196105957,33.237464904785156,14984646
2025-05-29,ITUB4,36.563106536865234,36.854366302490234,36.26213455200195,36.3980598449707,32.973609924316406,18040759
2025-05-30,ITUB4,36.53398132324219,36.621360778808594,36.009708404541016,36.339805603027344,32.92082214355469,32129614
2025-06-02,ITUB4,36.57281494140625,36.660194396972656,35.951454162597656,36.067962646484375,32.689979553222656,23768074
2025-06-03,ITUB4,35.932037353515625,36.067962646484375,35.708736419677734,35.951454162597656,32.58438491821289,24216330
2025-06-04,ITUB4,36.087379455566406,36.20388412475586,35.6019401550293,35.864078521728516,32.50518035888672,17784701
2025-06-05,ITUB4,35.92232894897461,35.92232894897461,35.32038879394531,35.42718505859375,32.10921096801758,25542146
2025-06-06,ITUB4,35.40776443481445,35.67961120605469,35.24271774291992,35.514564514160156,32.18840789794922,18733537
2025-06-09,ITUB4,35.40776443481445,35.563106536865234,34.82524108886719,35.33009719848633,32.021209716796875,24664895
2025-06-10,ITUB4,35.436893463134766,35.514564514160156,34.92232894897461,34.951454162597656,31.97157096862793,20974508
2025-06-11,ITUB4,34.92232894897461,35.524269104003906,34.69902801513672,35.27184295654297,32.26464080810547,16665400
2025-06-12,ITUB4,35.03883361816406,35.75728225708008,35.009708404541016,35.5436897277832,32.5133056640625,22525482
2025-06-13,ITUB4,35.11650466918945,35.291263580322266,34.864078521728516,35.11650466918945,32.12254333496094,14821597
2025-06-16,ITUB4,35.46601867675781,36.135921478271484,35.4563102722168,35.75728225708008,32.70869445800781,17874002
2025-06-17,ITUB4,35.912620544433594,36.009708404541016,35.69902801513672,35.97087478637695,32.90407180786133,20133513
2025-06-18,ITUB4,35.854366302490234,36.0,35.640777587890625,35.75728225708008,32.70869445800781,20285232
2025-06-20,ITUB4,35.4563102722168,35.6019401550293,35.33009719848633,35.57281494140625,32.539955139160156,21841974
2025-06-23,ITUB4,35.57281494140625,35.57281494140625,35.09708786010742,35.49514389038086,32.468902587890625,14711387
2025-06-24,ITUB4,35.65048599243164,36.485435485839844,35.514564514160156,36.16504669189453,33.081687927246094,20742037
2025-06-25,ITUB4,36.01941680908203,36.058250427246094,35.378639221191406,35.514564514160156,32.486671447753906,20384627
2025-06-26,ITUB4,35.563106536865234,35.71844482421875,35.1456298828125,35.25242614746094,32.24687957763672,23717707
2025-06-27,ITUB4,34.951454162597656,35.300968170166016,34.89320373535156,35.213592529296875,32.21135330200195,14240265
2025-06-30,ITUB4,35.09708786010742,35.88349533081055,34.87378692626953,35.87378692626953,32.81526565551758,30712643
2025-07-01,ITUB4,35.854366302490234,36.087379455566406,35.73786544799805,36.01941680908203,32.9642219543457,18712010
2025-07-02,ITUB4,36.01941680908203,36.194175720214844,35.485435485839844,35.728153228759766,32.697662353515625,20331479
2025-07-03,ITUB4,35.766990661621094,36.69902801513672,35.766990661621094,36.61164855957031,33.50621795654297,13945170
2025-07-04,ITUB4,36.6019401550293,36.88349533081055,36.485435485839844,36.631065368652344,33.52398681640625,7528785
2025-07-07,ITUB4,36.640777587890625,36.67961120605469,36.067962646484375,36.1456298828125,33.07973098754883,13885121
2025-07-08,ITUB4,36.077667236328125,36.233009338378906,35.82524108886719,36.058250427246094,32.9997673034668,21526588
2025-07-09,ITUB4,36.0,36.009708404541016,35.20388412475586,35.3106803894043,32.315608978271484,16093132
2025-07-10,ITUB4,34.854366302490234,34.854366302490234,34.213592529296875,34.22330093383789,31.32044792175293,39571879
2025-07-11,ITUB4,34.12621307373047,34.17475509643555,33.71844482421875,33.94174575805664,31.06279182434082,43139284
2025-07-14,ITUB4,33.912620544433594,34.009708404541016,33.504852294921875,33.88349533081055,31.00946807861328,26665052
2025-07-15,ITUB4,33.88349533081055,34.194175720214844,33.67961120605469,34.0,31.11609649658203,27356285
2025-07-16,ITUB4,34.067962646484375,34.27184295654297,33.864078521728516,34.16504669189453,31.267141342163086,27655294
2025-07-17,ITUB4,34.18446731567383,34.79611587524414,34.16504669189453,34.67961120605469,31.738056182861328,25587775
2025-07-18,ITUB4,34.38834762573242,34.67961120605469,33.97087478637695,34.04854202270508,31.160518646240234,32227155
2025-07-21,ITUB4,34.02912521362305,34.5436897277832,33.990291595458984,34.44660186767578,31.524822235107422,12354541
2025-07-22,ITUB4,34.46601867675781,34.69902801513672,33.92232894897461,33.98058319091797,31.098318099975586,23330324
2025-07-23,ITUB4,33.94174575805664,34.49514389038086,33.844661712646484,34.359222412109375,31.444852828979492,13271962
2025-07-24,ITUB4,34.24271774291992,34.24271774291992,33.8349494934082,34.03883361816406,31.15163230895996,11460089
2025-07-25,ITUB4,34.009708404541016,34.4563102722168,34.009708404541016,34.18446731567383,31.2849063873291,18518061
2025-07-28,ITUB4,34.25242614746094,34.291263580322266,33.155338287353516,33.46601867675781,30.627408981323242,17849385
2025-07-29,ITUB4,33.436893463134766,33.844661712646484,33.36893081665039,33.660194396972656,30.805110931396484,16655821
2025-07-30,ITUB4,33.504852294921875,34.233009338378906,33.3106803894043,34.04854202270508,31.160518646240234,19531787
2025-07-31,ITUB4,33.66990280151367,34.194175720214844,33.631065368652344,34.135921478271484,31.24049186706543,22001830
2025-08-01,ITUB4,34.563106536865234,34.71844482421875,33.728153228759766,33.912620544433594,31.051715850830078,16498643
2025-08-04,ITUB4,34.40776443481445,34.524269104003906,34.009708404541016,34.27184295654297,31.380630493164062,17430072
2025-08-05,ITUB4,34.194175720214844,34.88349533081055,34.03883361816406,34.65048599243164,31.72733497619629,49690805
2025-08-06,ITUB4,35.233009338378906,36.067962646484375,35.04854202270508,35.087379455566406,32.12735366821289,41157358
2025-08-07,ITUB4,35.18446731567383,35.932037353515625,35.058250427246094,35.708736419677734,32.69630432128906,26887326
2025-08-08,ITUB4,35.71844482421875,36.067962646484375,35.67961120605469,35.951454162597656,32.91855239868164,18329262
2025-08-11,ITUB4,35.73786544799805,36.281551361083984,35.66990280151367,36.17475509643555,33.123016357421875,22695226
2025-08-12,ITUB4,36.36893081665039,37.155338287353516,36.300968170166016,36.92232894897461,33.807518005371094,27812781
2025-08-13,ITUB4,36.81553268432617,37.009708404541016,36.55339813232422,36.57281494140625,33.48749542236328,22618491
2025-08-14,ITUB4,36.26213455200195,36.89320373535156,36.194175720214844,36.524269104003906,33.44303894042969,26818728
2025-08-15,ITUB4,36.3980598449707,36.728153228759766,36.26213455200195,36.3980598449707,33.32748031616211,19527976
2025-08-18,ITUB4,36.504852294921875,36.951454162597656,36.417476654052734,36.660194396972656,33.56749725341797,21658634
2025-08-19,ITUB4,35.8349494934082,35.844661712646484,34.844661712646484,35.25242614746094,32.5921630859375,40817973
2025-08-20,ITUB4,35.213592529296875,35.46601867675781,35.0,35.27184295654297,32.61011505126953,16894884
2025-08-21,ITUB4,35.0,35.36893081665039,34.94174575805664,35.3106803894043,32.64602279663086,16147619
2025-08-22,ITUB4,35.436893463134766,36.33009719848633,35.33009719848633,36.300968170166016,33.561580657958984,32623087
2025-08-25,ITUB4,36.38834762573242,36.485435485839844,36.02912521362305,36.11650466918945,33.39103317260742,11064054
2025-08-26,ITUB4,36.16504669189453,36.20388412475586,35.485435485839844,35.87378692626953,33.1666259765625,22088247
2025-08-27,ITUB4,35.728153228759766,36.49514389038086,35.582523345947266,36.47572708129883,33.72314453125,12612968
2025-08-28,ITUB4,36.73786544799805,37.59223175048828,36.621360778808594,37.233009338378906,34.42327880859375,25167947
2025-08-29,ITUB4,37.34951400756836,37.524269104003906,37.20388412475586,37.36893081665039,34.5489501953125,32600942
2025-09-01,ITUB4,37.46601867675781,37.932037353515625,37.36893081665039,37.65048599243164,34.82521438598633,14863209
2025-09-02,ITUB4,37.03883361816406,37.359222412109375,36.854366302490234,37.009708404541016,34.23252487182617,24358676
2025-09-03,ITUB4,37.009708404541016,37.17475509643555,36.53398132324219,36.6893196105957,33.936187744140625,20686108
2025-09-04,ITUB4,36.67961120605469,37.233009338378906,36.417476654052734,36.8349494934082,34.07088088989258,15877244
2025-09-05,ITUB4,37.20388412475586,37.6893196105957,36.98058319091797,37.24271774291992,34.44805145263672,15664343
2025-09-08,ITUB4,37.24271774291992,37.291263580322266,36.66990280151367,37.067962646484375,34.286415100097656,11800195
2025-09-09,ITUB4,37.25242614746094,37.25242614746094,36.69902801513672,36.74757385253906,33.99006271362305,19497179
2025-09-10,ITUB4,36.75728225708008,37.233009338378906,36.69902801513672,36.77669906616211,34.01699447631836,14517129
2025-09-11,ITUB4,36.94174575805664,37.61164855957031,36.844661712646484,36.844661712646484,34.079864501953125,18078972
2025-09-12,ITUB4,36.621360778808594,36.660194396972656,36.17475509643555,36.291263580322266,33.5679931640625,22589754
2025-09-15,ITUB4,36.417476654052734,37.067962646484375,36.32038879394531,36.89320373535156,34.12476348876953,14196181
2025-09-16,ITUB4,37.077667236328125,37.135921478271484,36.57281494140625,36.79611587524414,34.03495788574219,19993536
2025-09-17,ITUB4,36.82524108886719,37.6893196105957,36.75728225708008,37.32038879394531,34.519901275634766,25226348
2025-09-18,ITUB4,37.32038879394531,37.42718505859375,37.04854202270508,37.36893081665039,34.56479263305664,15433005
2025-09-19,ITUB4,37.378639221191406,37.864078521728516,37.33009719848633,37.864078521728516,35.02277755737305,26702853
2025-09-22,ITUB4,37.6019401550293,37.728153228759766,37.16504669189453,37.32038879394531,34.519901275634766,18325039
2025-09-23,ITUB4,37.34951400756836,38.09708786010742,37.34951400756836,37.912620544433594,35.06767272949219,16930110
2025-09-24,ITUB4,37.92232894897461,38.0,37.582523345947266,37.660194396972656,34.83420181274414,18713452
2025-09-25,ITUB4,37.67961120605469,37.88349533081055,37.34951400756836,37.359222412109375,34.55581283569336,15146768
2025-09-26,ITUB4,37.417476654052734,37.728153228759766,37.36893081665039,37.5436897277832,34.726436614990234,12786935
2025-09-29,ITUB4,37.94174575805664,38.213592529296875,37.728153228759766,37.75728225708008,34.92399597167969,19124422
2025-09-30,ITUB4,38.25242614746094,38.34951400756836,37.59223175048828,37.932037353515625,35.08564376831055,33263438
2025-10-01,ITUB4,38.11650466918945,38.26213455200195,37.18446731567383,37.233009338378906,34.45463180541992,25519177
2025-10-02,ITUB4,37.300968170166016,37.57281494140625,36.786407470703125,36.82524108886719,34.07729721069336,17094601
2025-10-03,ITUB4,36.805824279785156,37.09708786010742,36.621360778808594,37.09708786010742,34.328861236572266,17766985
2025-10-06,ITUB4,37.087379455566406,37.135921478271484,36.66990280151367,36.66990280151367,33.93355178833008,14832309
2025-10-07,ITUB4,36.621360778808594,36.631065368652344,35.89320373535156,36.087379455566406,33.394500732421875,20705472
2025-10-08,ITUB4,36.16504669189453,36.359222412109375,35.97087478637695,36.155338287353516,33.45737838745117,15395204
2025-10-09,ITUB4,36.33009719848633,36.33009719848633,35.88349533081055,36.09708786010742,33.40348434448242,18067539
2025-10-10,ITUB4,36.281551361083984,36.46601867675781,35.951454162597656,36.058250427246094,33.36753845214844,23250808
2025-10-13,ITUB4,36.194175720214844,36.436893463134766,36.194175720214844,36.20388412475586,33.50230407714844,8194989
2025-10-14,ITUB4,36.10679626464844,36.73786544799805,36.10679626464844,36.359222412109375,33.646053314208984,21154861
2025-10-15,ITUB4,36.233009338378906,36.6019401550293,35.98058319091797,36.359222412109375,33.646053314208984,21972166
2025-10-16,ITUB4,36.233009338378906,36.69902801513672,36.01941680908203,36.27184295654297,33.565189361572266,15847580
2025-10-17,ITUB4,36.067962646484375,36.524269104003906,35.932037353515625,36.3980598449707,33.68199157714844,17469315
2025-10-20,ITUB4,36.524269104003906,37.233009338378906,36.485435485839844,37.04854202270508,34.283935546875,19114019
2025-10-21,ITUB4,37.04854202270508,37.11650466918945,36.66990280151367,36.69902801513672,33.96050262451172,14013871
2025-10-22,ITUB4,36.82524108886719,37.0,36.640777587890625,37.0,34.23902130126953,13890374
2025-10-23,ITUB4,37.135921478271484,37.22330093383789,36.77669906616211,36.97087478637695,34.212066650390625,11432588
2025-10-24,ITUB4,37.26213455200195,37.3980598449707,36.87378692626953,36.92232894897461,34.167144775390625,10169911
2025-10-27,ITUB4,37.20388412475586,37.485435485839844,37.077667236328125,37.233009338378906,34.45463180541992,11194349
2025-10-28,ITUB4,37.12621307373047,37.359222412109375,37.077667236328125,37.359222412109375,34.57143020629883,10478499
2025-10-29,ITUB4,37.42718505859375,38.359222412109375,37.42718505859375,38.194175720214844,35.34408187866211,27235466
2025-10-30,ITUB4,38.12621307373047,38.524269104003906,37.88349533081055,38.1456298828125,35.29915237426758,18657008
2025-10-31,ITUB4,38.291263580322266,38.47572708129883,38.17475509643555,38.291263580322266,35.43392562866211,16449821
2025-11-03,ITUB4,38.73786544799805,38.96116638183594,38.3980598449707,38.912620544433594,36.0250358581543,17968144
2025-11-04,ITUB4,38.88349533081055,39.0,38.65048599243164,38.79611587524414,35.91717529296875,20386481
2025-11-05,ITUB4,38.79611587524414,38.990291595458984,38.155338287353516,38.96116638183594,36.06997299194336,36312135
2025-11-06,ITUB4,38.92232894897461,39.6019401550293,38.844661712646484,38.96116638183594,36.06997299194336,23226500
2025-11-07,ITUB4,38.96116638183594,39.02912521362305,38.61164855957031,39.0,36.105926513671875,12706904
2025-11-10,ITUB4,39.17475509643555,39.339805603027344,39.04854202270508,39.26213455200195,36.348609924316406,16552409
2025-11-11,ITUB4,39.417476654052734,40.16504669189453,39.26213455200195,40.01941680908203,37.0496940612793,37289193
2025-11-12,ITUB4,40.01941680908203,40.1456298828125,38.96116638183594,39.10679626464844,36.204795837402344,36789128
2025-11-13,ITUB4,39.281551361083984,39.854366302490234,39.009708404541016,39.26213455200195,36.348609924316406,33686974
2025-11-14,ITUB4,39.24271774291992,39.49514389038086,39.03883361816406,39.417476654052734,36.492431640625,17006742
2025-11-17,ITUB4,39.417476654052734,39.514564514160156,39.01941680908203,39.12621307373047,36.22277069091797,43985120
2025-11-18,ITUB4,38.786407470703125,39.17475509643555,38.73786544799805,38.932037353515625,36.04301452636719,17147337
2025-11-19,ITUB4,38.88349533081055,39.02912521362305,38.582523345947266,38.6893196105957,35.81830596923828,25766686
2025-11-21,ITUB4,38.6893196105957,38.864078521728516,38.3980598449707,38.805824279785156,35.92616271972656,16502454
2025-11-24,ITUB4,38.75728225708008,39.0,38.563106536865234,38.660194396972656,35.79133605957031,29014997
2025-11-25,ITUB4,38.8349494934082,39.04854202270508,38.57281494140625,38.74757385253906,35.872230529785156,30345963
2025-11-26,ITUB4,38.932037353515625,39.71844482421875,38.805824279785156,39.660194396972656,36.717132568359375,22251296
2025-11-27,ITUB4,39.47572708129883,39.6893196105957,39.3980598449707,39.524269104003906,36.5912971496582,9469408
2025-11-28,ITUB4,40.067962646484375,40.6893196105957,40.0,40.42718505859375,37.427207946777344,45311657
2025-12-01,ITUB4,40.49514389038086,40.53398132324219,39.951454162597656,40.09708786010742,37.13734436035156,15912985
2025-12-02,ITUB4,40.25242614746094,40.990291595458984,40.233009338378906,40.990291595458984,37.96461868286133,21175667
2025-12-03,ITUB4,41.067962646484375,41.22330093383789,40.69902801513672,40.990291595458984,37.96461868286133,23159653
2025-12-04,ITUB4,41.12621307373047,42.0,41.11650466918945,42.0,38.89979934692383,23199514
2025-12-05,ITUB4,42.04854202270508,42.135921478271484,39.951454162597656,40.058250427246094,37.101375579833984,39832160
2025-12-08,ITUB4,40.728153228759766,40.854366302490234,40.01941680908203,40.25242614746094,37.281211853027344,40458400
2025-12-09,ITUB4,40.16504669189453,40.291263580322266,39.5436897277832,40.16504669189453,37.20029067993164,24725047
2025-12-10,ITUB4,38.058250427246094,38.485435485839844,37.75728225708008,38.291263580322266,37.493064880371094,25643189
2025-12-11,ITUB4,38.25242614746094,38.6019401550293,38.077667236328125,38.26213455200195,37.46453857421875,21275268
2025-12-12,ITUB4,38.5436897277832,38.89320373535156,38.20388412475586,38.6019401550293,37.79725646972656,17595593
2025-12-15,ITUB4,39.009708404541016,39.3980598449707,38.73786544799805,39.18446731567383,38.36764144897461,17767809
2025-12-16,ITUB4,38.990291595458984,39.03883361816406,38.17475509643555,38.17475509643555,37.37898254394531,20379168
2025-12-17,ITUB4,37.96116638183594,38.194175720214844,37.621360778808594,37.8349494934082,37.046260833740234,31625017
2025-12-18,ITUB4,37.6893196105957,38.11650466918945,37.6893196105957,38.02912521362305,37.23638916015625,21898830
2025-12-19,ITUB4,38.20388412475586,38.8349494934082,38.04854202270508,38.378639221191406,37.578609466552734,35446214
2025-12-22,ITUB4,38.32038879394531,38.563106536865234,38.1456298828125,38.4563102722168,37.6546745300293,15858704
2025-12-23,ITUB4,38.640777587890625,39.17475509643555,38.582523345947266,39.087379455566406,38.272579193115234,10490138
2025-12-26,ITUB4,39.02000045776367,39.220001220703125,38.709999084472656,39.099998474121094,38.28493881225586,12196300
2025-12-29,ITUB4,39.18000030517578,39.27000045776367,38.86000061035156,38.97999954223633,38.16743850708008,10657000
2025-12-30,ITUB4,39.22999954223633,39.66999816894531,39.150001525878906,39.22999954223633,38.412235260009766,13764900
2026-01-02,ITUB4,39.630001068115234,39.77000045776367,39.150001525878906,39.150001525878906,38.35166931152344,18846800
2026-01-05,ITUB4,39.2400016784668,40.13999938964844,39.060001373291016,39.720001220703125,38.91004943847656,24438700
2026-01-06,ITUB4,40.09000015258789,40.47999954223633,39.959999084472656,39.959999084472656,39.1451530456543,21959800
2026-01-07,ITUB4,39.900001525878906,39.97999954223633,39.189998626708984,39.31999969482422,38.51821517944336,20894500
2026-01-08,ITUB4,39.349998474121094,40.09000015258789,39.22999954223633,39.93000030517578,39.11577224731445,17209400
2026-01-09,ITUB4,39.93000030517578,40.290000915527344,39.77000045776367,39.849998474121094,39.03739929199219,17023600
2026-01-12,ITUB4,39.849998474121094,39.90999984741211,39.4900016784668,39.4900016784668,38.68474197387695,10672200
2026-01-13,ITUB4,39.470001220703125,39.56999969482422,39.16999816894531,39.16999816894531,38.37126541137695,17397400
2026-01-14,ITUB4,39.470001220703125,39.65999984741211,39.220001220703125,39.599998474121094,38.79249572753906,21222100
2026-01-15,ITUB4,39.79999923706055,40.220001220703125,39.65999984741211,39.939998626708984,39.125572204589844,19093500
2026-01-16,ITUB4,39.970001220703125,40.09000015258789,39.459999084472656,39.61000061035156,38.80229187011719,19742500
2026-01-19,ITUB4,39.720001220703125,39.869998931884766,39.529998779296875,39.54999923706055,38.7435188293457,7190900
2026-01-20,ITUB4,39.349998474121094,40.09000015258789,39.06999969482422,39.91999816894531,39.10597229003906,20693900
2026-01-21,ITUB4,40.27000045776367,41.77000045776367,40.2400016784668,41.66999816894531,40.82027816772461,39510800
2026-01-22,ITUB4,41.959999084472656,43.56999969482422,41.900001525878906,43.08000183105469,42.2015380859375,42959700
2026-01-23,ITUB4,43.189998626708984,43.90999984741211,43.040000915527344,43.56999969482422,42.681549072265625,41025100
2026-01-26,ITUB4,43.5099983215332,44.34000015258789,43.279998779296875,44.150001525878906,43.249717712402344,25371700
2026-01-27,ITUB4,44.779998779296875,46.06999969482422,44.689998626708984,45.31999969482422,44.39585494995117,40280000
2026-01-28,ITUB4,45.63999938964844,46.41999816894531,45.630001068115234,46.34000015258789,45.39505386352539,36337500
2026-01-29,ITUB4,46.68000030517578,47.04999923706055,45.650001525878906,46.150001525878906,45.20893859863281,36252700
2026-01-30,ITUB4,46.09000015258789,46.380001068115234,44.97999954223633,45.5,44.572181701660156,38117000
2026-02-02,ITUB4,45.790000915527344,46.099998474121094,45.43000030517578,45.880001068115234,44.962406158447266,28095400
2026-02-03,ITUB4,46.29999923706055,46.97999954223633,45.88999938964844,46.13999938964844,45.21720504760742,48570600
2026-02-04,ITUB4,45.900001525878906,45.97999954223633,44.04999923706055,44.619998931884766,43.72760009765625,48683500
2026-02-05,ITUB4,45.2400016784668,45.880001068115234,44.7400016784668,45.52000045776367,44.60961151123047,36014400
2026-02-06,ITUB4,45.59000015258789,46.939998626708984,45.11000061035156,46.75,45.815006256103516,38175900
2026-02-09,ITUB4,47.0,48.400001525878906,46.7400016784668,48.310001373291016,47.34381103515625,41656900
2026-02-10,ITUB4,48.310001373291016,49.189998626708984,48.189998626708984,48.41999816894531,47.45160675048828,43939300
2026-02-11,ITUB4,48.79999923706055,49.66999816894531,48.599998474121094,49.369998931884766,48.382606506347656,45819200
2026-02-12,ITUB4,49.04999923706055,49.099998474121094,47.869998931884766,48.2400016784668,47.275211334228516,42023800
2026-02-13,ITUB4,48.06999969482422,48.06999969482422,46.599998474121094,47.77000045776367,46.81460189819336,32353500
2026-02-18,ITUB4,48.06999969482422,48.41999816894531,47.52000045776367,47.9900016784668,47.03021240234375,23368500
2026-02-19,ITUB4,48.099998474121094,49.16999816894531,47.93000030517578,48.54999923706055,47.579002380371094,32026400
2026-02-20,ITUB4,48.04999923706055,49.290000915527344,48.02000045776367,49.22999954223633,48.24540710449219,31655900
2026-02-23,ITUB4,48.79999923706055,48.88999938964844,47.290000915527344,47.45000076293945,46.501007080078125,34148200
2026-02-24,ITUB4,47.63999938964844,48.349998474121094,47.25,48.16999816894531,47.206607818603516,38465900
2026-02-25,ITUB4,48.34000015258789,48.5,47.06999969482422,47.790000915527344,46.83420944213867,28980200
2026-02-26,ITUB4,47.790000915527344,48.150001525878906,47.15999984741211,47.66999816894531,46.71660232543945,26516600
2026-02-27,ITUB4,47.599998474121094,47.619998931884766,46.279998779296875,46.779998779296875,45.84440612792969,44765800
2026-03-02,ITUB4,45.83000183105469,46.33000183105469,45.58000183105469,45.91999816894531,45.01910400390625,47144000
2026-03-03,ITUB4,44.220001220703125,44.869998931884766,43.439998626708984,44.380001068115234,43.50931167602539,54352300
2026-03-04,ITUB4,45.2400016784668,45.4900016784668,44.52000045776367,45.0099983215332,44.126953125,27146100
2026-03-05,ITUB4,44.79999923706055,45.0,43.33000183105469,43.5099983215332,42.65637969970703,37085400
2026-03-06,ITUB4,43.459999084472656,43.59000015258789,42.650001525878906,42.93000030517578,42.087764739990234,26063600
2026-03-09,ITUB4,42.52000045776367,43.279998779296875,42.349998474121094,43.15999984741211,42.31324768066406,40970400
2026-03-10,ITUB4,43.58000183105469,44.20000076293945,42.81999969482422,43.79999923706055,42.94069290161133,50383100
2026-03-11,ITUB4,43.27000045776367,44.439998626708984,43.20000076293945,43.88999938964844,43.028926849365234,18482600
2026-03-12,ITUB4,43.09000015258789,43.220001220703125,42.29999923706055,42.689998626708984,41.85246658325195,27095200
2026-03-13,ITUB4,42.83000183105469,43.349998474121094,42.33000183105469,42.400001525878906,41.56816101074219,24896600
2026-03-16,ITUB4,43.25,43.470001220703125,42.849998474121094,43.0,42.15639114379883,17777300
2026-03-17,ITUB4,42.900001525878906,43.380001068115234,42.27000045776367,42.709999084472656,41.87207794189453,22436600
2026-03-18,ITUB4,42.5,43.040000915527344,42.27000045776367,42.279998779296875,41.45051956176758,23872800
2026-03-19,ITUB4,41.70000076293945,42.599998474121094,41.369998931884766,42.58000183105469,41.74462890625,32908000
2026-03-20,ITUB4,42.11000061035156,42.27000045776367,41.20000076293945,41.54999923706055,41.07135772705078,37660900
2026-03-23,ITUB4,42.540000915527344,43.13999938964844,42.060001373291016,42.779998779296875,42.28718185424805,27535500
2026-03-24,ITUB4,42.5,42.810001373291016,41.959999084472656,42.540000915527344,42.04994583129883,18609000
2026-03-25,ITUB4,43.150001525878906,43.5,42.849998474121094,43.099998474121094,42.60350036621094,35148900
2026-03-26,ITUB4,42.689998626708984,42.84000015258789,41.939998626708984,41.939998626708984,41.45686340332031,18260900
2026-03-27,ITUB4,41.810001373291016,41.810001373291016,41.18000030517578,41.45000076293945,40.972511291503906,27910700
2026-03-30,ITUB4,42.0,42.060001373291016,41.22999954223633,41.599998474121094,41.12077713012695,18528100
2026-03-31,ITUB4,42.290000915527344,43.63999938964844,42.150001525878906,43.47999954223633,42.979122161865234,33419700
2026-04-01,ITUB4,43.84000015258789,44.279998779296875,43.5,43.83000183105469,43.343223571777344,26681100
2026-04-02,ITUB4,42.619998931884766,44.0099983215332,42.470001220703125,43.29999923706055,42.81910705566406,17811800
2026-04-06,ITUB4,43.349998474121094,43.7400016784668,43.20000076293945,43.4900016784668,43.00699234008789,11004600
2026-04-07,ITUB4,43.29999923706055,43.470001220703125,42.63999938964844,43.459999084472656,42.977325439453125,20302000
2026-04-08,ITUB4,45.70000076293945,45.72999954223633,44.70000076293945,44.97999954223633,44.480445861816406,35777600
2026-04-09,ITUB4,45.20000076293945,45.959999084472656,44.9900016784668,45.75,45.24188995361328,22162900
2026-04-10,ITUB4,45.83000183105469,46.380001068115234,45.77000045776367,46.06999969482422,45.5583381652832,29705900
2026-04-13,ITUB4,45.7599983215332,46.040000915527344,45.2400016784668,45.83000183105469,45.32100296020508,31011600
2026-04-14,ITUB4,46.0,46.84000015258789,45.849998474121094,46.529998779296875,46.01323318481445,23343300
2026-04-15,ITUB4,46.369998931884766,47.40999984741211,46.369998931884766,47.040000915527344,46.5175666809082,28907200
2026-04-16,ITUB4,47.27000045776367,47.470001220703125,46.52000045776367,46.97999954223633,46.45823287963867,22566300
2026-04-17,ITUB4,47.5,47.900001525878906,46.75,46.79999923706055,46.28022766113281,39165500
2026-04-20,ITUB4,46.79999923706055,47.029998779296875,46.22999954223633,46.369998931884766,45.85500717163086,19194500
2026-04-22,ITUB4,46.2599983215332,46.2599983215332,44.97999954223633,45.029998779296875,44.52988815307617,25440000
2026-04-23,ITUB4,44.900001525878906,45.119998931884766,44.119998931884766,44.18000030517578,43.689327239990234,20444200
2026-04-24,ITUB4,44.459999084472656,44.52000045776367,43.88999938964844,44.369998931884766,43.87722396850586,18234600
2026-04-27,ITUB4,44.5,44.560001373291016,43.97999954223633,43.9900016784668,43.501441955566406,13718400
2026-04-28,ITUB4,43.68000030517578,44.61000061035156,43.20000076293945,44.099998474121094,43.6102180480957,27131800
2026-04-29,ITUB4,43.849998474121094,44.0099983215332,42.7599983215332,42.869998931884766,42.39387512207031,18628100
2026-04-30,ITUB4,43.31999969482422,43.560001373291016,43.130001068115234,43.189998626708984,42.7103271484375,22735500
2026-05-04,ITUB4,43.11000061035156,43.25,42.25,42.400001525878906,41.94675827026367,25336300
2026-05-05,ITUB4,42.5,42.70000076293945,42.119998931884766,42.459999084472656,42.0061149597168,29386700
2026-05-06,ITUB4,43.2400016784668,43.290000915527344,41.540000915527344,41.779998779296875,41.33338165283203,38718400
2026-05-07,ITUB4,41.790000915527344,41.869998931884766,40.52000045776367,40.790000915527344,40.353965759277344,36335300
2026-05-08,ITUB4,41.15999984741211,41.54999923706055,40.97999954223633,41.2599983215332,40.81894302368164,35920000
2026-05-11,ITUB4,40.95000076293945,41.11000061035156,40.11000061035156,40.33000183105469,39.898887634277344,41215600
2026-05-12,ITUB4,40.290000915527344,40.33000183105469,39.77000045776367,39.869998931884766,39.44379806518555,43381700
2026-05-13,ITUB4,39.93000030517578,40.56999969482422,39.369998931884766,39.630001068115234,39.20636749267578,48564700
2026-05-14,ITUB4,40.150001525878906,40.650001525878906,39.9900016784668,40.400001525878906,39.968135833740234,34925200
2026-05-15,ITUB4,39.779998779296875,40.04999923706055,39.58000183105469,39.70000076293945,39.27561950683594,46869600
2026-05-18,ITUB4,39.66999816894531,39.849998474121094,39.29999923706055,39.619998931884766,39.19647216796875,22993100
2026-05-19,ITUB4,39.04999923706055,39.41999816894531,38.70000076293945,38.779998779296875,38.365455627441406,41150400
2026-05-20,ITUB4,39.220001220703125,39.97999954223633,39.099998474121094,39.66999816894531,39.24593734741211,38261500
2026-05-21,ITUB4,39.43000030517578,40.45000076293945,39.25,40.119998931884766,39.69112777709961,40949800
2026-05-22,ITUB4,40.0099983215332,40.040000915527344,39.310001373291016,39.43000030517578,39.00850296020508,21539700
2026-05-25,ITUB4,39.86000061035156,40.4900016784668,39.86000061035156,40.31999969482422,39.88899230957031,11436200
2026-05-26,ITUB4,40.220001220703125,40.36000061035156,39.650001525878906,40.060001373291016,39.63176727294922,23046600
2026-05-27,ITUB4,40.599998474121094,40.81999969482422,40.290000915527344,40.31999969482422,39.88899230957031,21601400
2026-05-28,ITUB4,40.31999969482422,40.45000076293945,39.720001220703125,40.0,39.57241439819336,20196600
2026-05-29,ITUB4,39.869998931884766,40.15999984741211,39.540000915527344,40.040000915527344,39.61198425292969,80334400
2026-06-01,ITUB4,40.04999923706055,40.060001373291016,39.25,39.36000061035156,38.95694351196289,32832400
2026-06-02,ITUB4,39.630001068115234,39.9900016784668,39.470001220703125,39.560001373291016,39.15489959716797,23121000
2026-06-03,ITUB4,39.22999954223633,39.29999923706055,38.63999938964844,38.720001220703125,38.3234977722168,40844400
2026-06-05,ITUB4,38.75,39.16999816894531,38.56999969482422,38.83000183105469,38.432373046875,34727700
2026-06-08,ITUB4,38.720001220703125,39.08000183105469,38.43000030517578,38.52000045776367,38.12554168701172,23153100
2026-06-09,ITUB4,38.91999816894531,39.34000015258789,38.77000045776367,39.220001220703125,38.81837844848633,28212000
2026-06-10,ITUB4,39.029998779296875,39.59000015258789,38.650001525878906,39.36000061035156,38.95694351196289,41470600
2026-06-11,ITUB4,39.2400016784668,40.619998931884766,39.220001220703125,40.5,40.085269927978516,57558800
2026-06-12,ITUB4,40.220001220703125,41.119998931884766,40.11000061035156,40.599998474121094,40.18423843383789,30651000
2026-06-15,ITUB4,41.279998779296875,41.4900016784668,40.31999969482422,40.400001525878906,39.98629379272461,25132500
2026-06-16,ITUB4,40.279998779296875,40.630001068115234,40.130001068115234,40.45000076293945,40.0357780456543,20052700
2026-06-17,ITUB4,40.95000076293945,41.630001068115234,40.630001068115234,40.79999923706055,40.38219451904297,28205700
2026-06-18,ITUB4,40.91999816894531,41.380001068115234,40.459999084472656,40.4900016784668,40.07537841796875,20051100
2026-06-19,ITUB4,40.36000061035156,40.369998931884766,39.7599983215332,39.869998931884766,39.817588806152344,48413400
2026-06-22,ITUB4,40.15999984741211,41.02000045776367,40.099998474121094,40.939998626708984,40.88618469238281,25404800
2026-06-23,ITUB4,40.52000045776367,41.380001068115234,40.38999938964844,41.04999923706055,40.996036529541016,21074900
2026-06-24,ITUB4,40.810001373291016,41.47999954223633,40.810001373291016,40.970001220703125,40.91614532470703,22041600
2026-06-25,ITUB4,41.29999923706055,42.11000061035156,41.220001220703125,41.70000076293945,41.64518737792969,20778400
2026-06-26,ITUB4,41.5099983215332,42.540000915527344,41.400001525878906,42.2400016784668,42.18447494506836,23047700
2026-06-29,ITUB4,42.2400016784668,42.61000061035156,42.040000915527344,42.40999984741211,42.354251861572266,21151300
2026-06-30,ITUB4,42.09000015258789,42.52000045776367,41.63999938964844,42.18000030517578,42.12455749511719,40172400
2026-07-01,ITUB4,41.70000076293945,42.79999923706055,41.470001220703125,42.439998626708984,42.402488708496094,26405300
2026-07-02,ITUB4,42.709999084472656,43.15999984741211,42.310001373291016,42.470001220703125,42.43246841430664,15005100
2026-07-03,ITUB4,42.790000915527344,42.88999938964844,42.529998779296875,42.7400016784668,42.70222854614258,9878400
2026-07-06,ITUB4,42.4900016784668,42.66999816894531,42.04999923706055,42.560001373291016,42.52238845825195,19170500
2026-07-07,ITUB4,42.66999816894531,43.18000030517578,42.36000061035156,42.43000030517578,42.39250183105469,21184500
2026-07-08,ITUB4,42.33000183105469,42.33000183105469,41.560001373291016,41.88999938964844,41.85297775268555,18564500
2026-07-09,ITUB4,41.95000076293945,42.75,41.939998626708984,42.59000015258789,42.5523567199707,18657300
2026-07-10,ITUB4,43.38999938964844,44.34000015258789,43.22999954223633,44.29999923706055,44.26084518432617,28815100
2026-07-13,ITUB4,44.11000061035156,44.63999938964844,43.47999954223633,43.52000045776367,43.481536865234375,17749900
2026-07-14,ITUB4,43.810001373291016,44.0,43.2400016784668,43.630001068115234,43.5914421081543,15398000
2026-07-15,ITUB4,43.52000045776367,43.619998931884766,43.04999923706055,43.13999938964844,43.101871490478516,18975900
2026-07-16,ITUB4,43.22999954223633,43.22999954223633,42.34000015258789,42.54999923706055,42.512393951416016,18156600
2026-07-17,ITUB4,42.5,42.61000061035156,41.869998931884766,41.959999084472656,41.92291259765625,19576400
2026-07-20,ITUB4,42.13999938964844,42.529998779296875,42.099998474121094,42.29999923706055,42.26261520385742,12612200
2026-07-21,ITUB4,42.380001068115234,42.58000183105469,42.18000030517578,42.529998779296875,42.492408752441406,9834900
2026-07-22,ITUB4,42.68000030517578,42.97999954223633,42.27000045776367,42.900001525878906,42.86208724975586,21986300
2026-07-23,ITUB4,42.63999938964844,42.869998931884766,42.27000045776367,42.560001373291016,42.52238845825195,22570600
2026-07-24,ITUB4,42.29999923706055,42.45000076293945,42.040000915527344,42.099998474121094,42.06278991699219,10443700
2026-07-27,ITUB4,42.45000076293945,42.86000061035156,42.33000183105469,42.689998626708984,42.65226745605469,14920100
2026-07-28,ITUB4,43.5,43.66999816894531,42.599998474121094,42.86000061035156,42.822120666503906,19096400
2026-07-29,ITUB4,42.650001525878906,42.72999954223633,41.81999969482422,41.81999969482422,41.78303909301758,20532400
2026-07-30,ITUB4,42.189998626708984,42.849998474121094,41.83000183105469,42.7400016784668,42.70222854614258,12531700
2026-07-31,ITUB4,43.25,43.29999923706055,42.88999938964844,42.88999938964844,42.85209274291992,10285400
2026-08-03,ITUB4,43.349998474121094,43.470001220703125,42.83000183105469,43.16999816894531,43.1501350402832,17043500
2026-08-04,ITUB4,43.81999969482422,43.86000061035156,42.04999923706055,42.099998474121094,42.08062744140625,26508600
2026-08-05,ITUB4,42.61000061035156,43.380001068115234,42.279998779296875,42.380001068115234,42.360504150390625,30166400
2026-08-06,ITUB4,42.29999923706055,42.900001525878906,41.83000183105469,41.83000183105469,41.81075668334961,22055300
2026-08-07,ITUB4,42.0099983215332,42.130001068115234,40.5,40.75,40.73125076293945,25577700
2026-08-10,ITUB4,40.75,40.880001068115234,40.34000015258789,40.41999816894531,40.40140151977539,19652700
2026-08-11,ITUB4,40.45000076293945,40.54999923706055,38.79999923706055,39.0,38.9820556640625,44710200
2026-08-12,ITUB4,39.209999084472656,39.34000015258789,38.38999938964844,38.43000030517578,38.41231918334961,49492600
2026-08-13,ITUB4,38.380001068115234,38.90999984741211,38.15999984741211,38.310001373291016,38.29237365722656,24129000
2026-08-14,ITUB4,38.2599983215332,39.130001068115234,37.869998931884766,39.0,38.9820556640625,39681400
2026-08-17,ITUB4,38.91999816894531,38.97999954223633,38.16999816894531,38.380001068115234,38.362342834472656,21823400
2026-08-18,ITUB4,38.47999954223633,38.7400016784668,38.099998474121094,38.189998626708984,38.172428131103516,14745300
2026-08-19,ITUB4,38.720001220703125,39.0,38.15999984741211,38.369998931884766,38.35234451293945,35577300
2026-08-20,ITUB4,38.220001220703125,38.34000015258789,37.349998474121094,37.5099983215332,37.492740631103516,27458900
2026-08-21,ITUB4,37.79999923706055,38.720001220703125,37.560001373291016,38.599998474121094,38.582237243652344,29492600
2026-08-24,ITUB4,38.25,39.13999938964844,38.150001525878906,38.72999954223633,38.712181091308594,18970400
2026-08-25,ITUB4,38.849998474121094,39.56999969482422,38.43000030517578,39.439998626708984,39.421852111816406,18255700
2026-08-26,ITUB4,39.5,40.15999984741211,39.29999923706055,39.45000076293945,39.43185043334961,20036200
2026-08-27,ITUB4,39.25,39.439998626708984,38.869998931884766,39.099998474121094,39.082008361816406,24225700
2026-08-28,ITUB4,39.31999969482422,39.380001068115234,38.72999954223633,39.189998626708984,39.171966552734375,20889700
2026-08-31,ITUB4,39.58000183105469,39.849998474121094,39.27000045776367,39.52000045776367,39.5018196105957,25694900
2026-09-01,ITUB4,39.779998779296875,40.41999816894531,39.36000061035156,39.880001068115234,39.880001068115234,27032600
2026-09-02,ITUB4,40.27000045776367,41.599998474121094,40.0,41.40999984741211,41.40999984741211,44023900
2026-09-03,ITUB4,41.869998931884766,42.58000183105469,41.59000015258789,41.91999816894531,41.91999816894531,42338500
2026-09-04,ITUB4,41.91999816894531,42.4900016784668,41.38999938964844,41.91999816894531,41.91999816894531,23959900
2026-09-08,ITUB4,42.630001068115234,43.150001525878906,42.349998474121094,42.43000030517578,42.43000030517578,23857400
2023-09-11,WEGE3,35.56999969482422,35.68000030517578,34.810001373291016,35.279998779296875,32.59080123901367,6954500
2023-09-12,WEGE3,35.279998779296875,35.650001525878906,35.08000183105469,35.650001525878906,32.93260955810547,8096700
2023-09-13,WEGE3,35.959999084472656,37.720001220703125,35.86000061035156,36.93000030517578,34.11503219604492,14268900
2023-09-14,WEGE3,37.04999923706055,37.220001220703125,36.08000183105469,36.08000183105469,33.329830169677734,6123300
2023-09-15,WEGE3,36.099998474121094,36.5,35.95000076293945,36.099998474121094,33.34830093383789,9770200
2023-09-18,WEGE3,36.22999954223633,36.279998779296875,35.61000061035156,35.790000915527344,33.061927795410156,4523900
2023-09-19,WEGE3,35.810001373291016,36.31999969482422,35.650001525878906,35.97999954223633,33.23744583129883,4680200
2023-09-20,WEGE3,36.040000915527344,36.36000061035156,35.790000915527344,35.790000915527344,33.061927795410156,3614500
2023-09-21,WEGE3,35.52000045776367,35.619998931884766,34.84000015258789,34.97999954223633,32.31367492675781,8498600
2023-09-22,WEGE3,35.08000183105469,35.15999984741211,34.59000015258789,34.59000015258789,31.953399658203125,4730200
2023-09-25,WEGE3,35.20000076293945,36.400001525878906,35.0,36.130001068115234,33.433841705322266,12727400
2023-09-26,WEGE3,35.189998626708984,36.220001220703125,35.11000061035156,36.08000183105469,33.3875732421875,9274100
2023-09-27,WEGE3,36.18000030517578,36.720001220703125,35.7599983215332,36.02000045776367,33.33204650878906,10447500
2023-09-28,WEGE3,36.099998474121094,36.56999969482422,35.810001373291016,36.38999938964844,33.674434661865234,5738900
2023-09-29,WEGE3,36.619998931884766,36.709999084472656,36.150001525878906,36.27000045776367,33.563385009765625,5247900
2023-10-02,WEGE3,36.27000045776367,36.540000915527344,35.9900016784668,36.150001525878906,33.45234680175781,5406700
2023-10-03,WEGE3,36.02000045776367,36.130001068115234,35.040000915527344,35.16999816894531,32.54547882080078,7549900
2023-10-04,WEGE3,35.29999923706055,35.54999923706055,35.04999923706055,35.15999984741211,32.53622055053711,5224100
2023-10-05,WEGE3,35.29999923706055,35.5099983215332,34.880001068115234,34.97999954223633,32.369659423828125,4103700
2023-10-06,WEGE3,34.79999923706055,35.150001525878906,34.2599983215332,34.79999923706055,32.203086853027344,6279600
2023-10-09,WEGE3,34.68000030517578,35.029998779296875,34.540000915527344,34.849998474121094,32.24935531616211,3984400
2023-10-10,WEGE3,34.9900016784668,35.40999984741211,34.88999938964844,35.29999923706055,32.665775299072266,4115100
2023-10-11,WEGE3,35.130001068115234,35.560001373291016,34.90999984741211,35.16999816894531,32.54547882080078,5169500
2023-10-13,WEGE3,35.0099983215332,35.150001525878906,34.540000915527344,34.540000915527344,31.962486267089844,5443600
2023-10-16,WEGE3,34.900001525878906,35.08000183105469,34.63999938964844,34.650001525878906,32.06428527832031,3835500
2023-10-17,WEGE3,34.630001068115234,34.869998931884766,34.279998779296875,34.279998779296875,31.72188377380371,5700600
2023-10-18,WEGE3,34.2400016784668,34.91999816894531,34.11000061035156,34.290000915527344,31.73114585876465,8699900
2023-10-19,WEGE3,34.310001373291016,34.38999938964844,33.36000061035156,33.939998626708984,31.407262802124023,8305700
2023-10-20,WEGE3,33.869998931884766,34.33000183105469,33.709999084472656,33.810001373291016,31.28696060180664,4624100
2023-10-23,WEGE3,33.52000045776367,34.15999984741211,33.400001525878906,33.900001525878906,31.3702449798584,6072400
2023-10-24,WEGE3,34.540000915527344,35.099998474121094,34.220001220703125,35.0099983215332,32.39740753173828,9893700
2023-10-25,WEGE3,33.52000045776367,33.70000076293945,31.469999313354492,31.469999313354492,29.121585845947266,43128700
2023-10-26,WEGE3,31.829999923706055,33.290000915527344,31.520000457763672,32.65999984741211,30.2227840423584,19917500
2023-10-27,WEGE3,32.79999923706055,33.15999984741211,31.479999542236328,31.6299991607666,29.269641876220703,13106900
2023-10-30,WEGE3,31.979999542236328,32.470001220703125,31.729999542236328,32.29999923706055,29.889646530151367,14193400
2023-10-31,WEGE3,32.459999084472656,33.220001220703125,32.36000061035156,33.0099983215332,30.54666519165039,13609300
2023-11-01,WEGE3,32.95000076293945,33.290000915527344,32.79999923706055,33.08000183105469,30.61144256591797,11413500
2023-11-03,WEGE3,33.45000076293945,34.02000045776367,33.29999923706055,33.529998779296875,31.02785873413086,8785500
2023-11-06,WEGE3,33.75,33.95000076293945,33.06999969482422,33.209999084472656,30.73173713684082,8521100
2023-11-07,WEGE3,33.209999084472656,33.279998779296875,32.630001068115234,32.779998779296875,30.333818435668945,15716300
2023-11-08,WEGE3,32.70000076293945,32.869998931884766,32.2599983215332,32.45000076293945,30.028451919555664,6569200
2023-11-09,WEGE3,32.5099983215332,32.70000076293945,32.20000076293945,32.40999984741211,29.991436004638672,5700600
2023-11-10,WEGE3,32.560001373291016,33.40999984741211,32.45000076293945,33.16999816894531,30.69471549987793,7267300
2023-11-13,WEGE3,33.08000183105469,33.08000183105469,32.45000076293945,32.720001220703125,30.27830696105957,7939500
2023-11-14,WEGE3,32.95000076293945,33.599998474121094,32.70000076293945,33.459999084472656,30.963077545166016,8465100
2023-11-16,WEGE3,33.459999084472656,33.619998931884766,33.18000030517578,33.47999954223633,30.98158836364746,10829700
2023-11-17,WEGE3,33.5099983215332,33.66999816894531,32.849998474121094,33.2599983215332,30.77800178527832,8961500
2023-11-20,WEGE3,33.2599983215332,33.540000915527344,33.040000915527344,33.47999954223633,30.98158836364746,6991600
2023-11-21,WEGE3,33.45000076293945,33.65999984741211,33.209999084472656,33.65999984741211,31.148155212402344,4985800
2023-11-22,WEGE3,33.70000076293945,34.34000015258789,33.68000030517578,34.099998474121094,31.555326461791992,5651700
2023-11-23,WEGE3,34.099998474121094,34.119998931884766,33.84000015258789,34.060001373291016,31.518310546875,3008100
2023-11-24,WEGE3,34.0,34.189998626708984,33.720001220703125,33.720001220703125,31.203683853149414,2542400
2023-11-27,WEGE3,33.720001220703125,34.290000915527344,33.22999954223633,34.13999938964844,31.592336654663086,4968000
2023-11-28,WEGE3,34.130001068115234,34.56999969482422,33.83000183105469,34.369998931884766,31.8051700592041,5627600
2023-11-29,WEGE3,34.400001525878906,34.56999969482422,34.099998474121094,34.130001068115234,31.583080291748047,3021400
2023-11-30,WEGE3,34.16999816894531,34.33000183105469,33.7400016784668,34.189998626708984,31.63860321044922,8086700
2023-12-01,WEGE3,34.189998626708984,34.88999938964844,34.16999816894531,34.779998779296875,32.1845817565918,5005000
2023-12-04,WEGE3,34.349998474121094,35.279998779296875,34.29999923706055,34.7599983215332,32.16606521606445,5514000
2023-12-05,WEGE3,34.77000045776367,35.540000915527344,34.7599983215332,35.29999923706055,32.665775299072266,5143900
2023-12-06,WEGE3,35.43000030517578,36.099998474121094,35.310001373291016,35.38999938964844,32.74905776977539,5700700
2023-12-07,WEGE3,35.47999954223633,35.79999923706055,35.02000045776367,35.36000061035156,32.72129440307617,4183000
2023-12-08,WEGE3,35.36000061035156,35.540000915527344,34.349998474121094,34.650001525878906,32.06428527832031,5927600
2023-12-11,WEGE3,34.63999938964844,35.349998474121094,34.56999969482422,34.869998931884766,32.267860412597656,4105000
2023-12-12,WEGE3,34.900001525878906,35.119998931884766,34.7599983215332,35.029998779296875,32.415916442871094,3469600
2023-12-13,WEGE3,34.880001068115234,36.150001525878906,34.619998931884766,36.060001373291016,33.36906051635742,6245100
2023-12-14,WEGE3,36.369998931884766,36.529998779296875,35.880001068115234,36.29999923706055,33.59115219116211,5864700
2023-12-15,WEGE3,36.5,36.77000045776367,36.029998779296875,36.029998779296875,33.3412971496582,11388200
2023-12-18,WEGE3,36.20000076293945,36.4900016784668,35.939998626708984,36.040000915527344,33.41727828979492,5052100
2023-12-19,WEGE3,36.119998931884766,36.619998931884766,36.04999923706055,36.41999816894531,33.76961898803711,4893400
2023-12-20,WEGE3,36.36000061035156,36.7400016784668,36.15999984741211,36.15999984741211,33.52854537963867,6796400
2023-12-21,WEGE3,36.5,36.5,36.08000183105469,36.38999938964844,33.74180603027344,4939500
2023-12-22,WEGE3,36.38999938964844,36.54999923706055,36.16999816894531,36.5099983215332,33.85306930541992,4733200
2023-12-26,WEGE3,36.56999969482422,36.91999816894531,36.45000076293945,36.720001220703125,34.047794342041016,3173100
2023-12-27,WEGE3,36.720001220703125,36.9900016784668,36.5099983215332,36.84000015258789,34.1590576171875,2730800
2023-12-28,WEGE3,36.84000015258789,37.220001220703125,36.709999084472656,36.90999984741211,34.223960876464844,3536300
2024-01-02,WEGE3,36.90999984741211,37.04999923706055,36.33000183105469,36.56999969482422,33.9087028503418,3991200
2024-01-03,WEGE3,36.380001068115234,37.290000915527344,36.380001068115234,36.849998474121094,34.1683349609375,6435500
2024-01-04,WEGE3,36.70000076293945,37.099998474121094,36.2599983215332,36.36000061035156,33.713985443115234,5461100
2024-01-05,WEGE3,36.029998779296875,36.349998474121094,35.56999969482422,35.970001220703125,33.35236740112305,9274700
2024-01-08,WEGE3,35.86000061035156,36.29999923706055,35.63999938964844,36.060001373291016,33.435821533203125,3433300
2024-01-09,WEGE3,35.79999923706055,35.97999954223633,35.040000915527344,35.16999816894531,32.610591888427734,5964800
2024-01-10,WEGE3,35.36000061035156,35.56999969482422,35.2400016784668,35.31999969482422,32.74966812133789,3191100
2024-01-11,WEGE3,35.220001220703125,35.380001068115234,34.79999923706055,34.81999969482422,32.28606033325195,4883200
2024-01-12,WEGE3,34.79999923706055,35.09000015258789,34.47999954223633,34.66999816894531,32.146976470947266,4474600
2024-01-15,WEGE3,34.66999816894531,34.790000915527344,34.209999084472656,34.31999969482422,31.822439193725586,2592600
2024-01-16,WEGE3,34.20000076293945,34.209999084472656,33.470001220703125,33.61000061035156,31.164108276367188,7196800
2024-01-17,WEGE3,33.43000030517578,33.58000183105469,33.16999816894531,33.400001525878906,30.969398498535156,4706900
2024-01-18,WEGE3,33.45000076293945,33.560001373291016,32.900001525878906,33.13999938964844,30.728321075439453,4085900
2024-01-19,WEGE3,33.33000183105469,33.939998626708984,32.630001068115234,33.47999954223633,31.0435733795166,6901200
2024-01-22,WEGE3,33.4900016784668,33.65999984741211,33.20000076293945,33.380001068115234,30.950851440429688,3767000
2024-01-23,WEGE3,33.5099983215332,33.810001373291016,33.38999938964844,33.77000045776367,31.31246566772461,5512800
2024-01-24,WEGE3,33.95000076293945,33.95000076293945,33.36000061035156,33.470001220703125,31.034303665161133,6881200
2024-01-25,WEGE3,33.47999954223633,33.61000061035156,33.209999084472656,33.25,30.83030891418457,4835300
2024-01-26,WEGE3,33.400001525878906,33.5,33.040000915527344,33.16999816894531,30.756126403808594,3828900
2024-01-29,WEGE3,33.150001525878906,33.77000045776367,33.119998931884766,33.25,30.83030891418457,4135300
2024-01-30,WEGE3,33.29999923706055,33.470001220703125,32.75,32.9900016784668,30.589231491088867,4833100
2024-01-31,WEGE3,33.0,33.189998626708984,32.25,32.34000015258789,29.986530303955078,6014500
2024-02-01,WEGE3,32.369998931884766,33.220001220703125,32.09000015258789,32.630001068115234,30.25543212890625,9860000
2024-02-02,WEGE3,32.63999938964844,32.9900016784668,32.25,32.59000015258789,30.21834373474121,6217700
2024-02-05,WEGE3,32.59000015258789,33.41999816894531,32.5,33.2599983215332,30.83957862854004,7346000
2024-02-06,WEGE3,33.349998474121094,33.68000030517578,32.900001525878906,33.2400016784668,30.821043014526367,5566400
2024-02-07,WEGE3,33.369998931884766,33.900001525878906,33.220001220703125,33.630001068115234,31.182659149169922,4950400
2024-02-08,WEGE3,33.45000076293945,33.86000061035156,33.349998474121094,33.79999923706055,31.34028434753418,5247100
2024-02-09,WEGE3,33.790000915527344,33.79999923706055,33.27000045776367,33.369998931884766,30.94158172607422,4039600
2024-02-14,WEGE3,33.369998931884766,33.7599983215332,33.290000915527344,33.529998779296875,31.089937210083008,4030600
2024-02-15,WEGE3,33.70000076293945,33.869998931884766,33.029998779296875,33.209999084472656,30.793222427368164,4843200
2024-02-16,WEGE3,33.400001525878906,33.56999969482422,33.150001525878906,33.400001525878906,30.969398498535156,6446000
2024-02-19,WEGE3,33.33000183105469,33.4900016784668,33.04999923706055,33.4900016784668,31.052852630615234,2780000
2024-02-20,WEGE3,33.439998626708984,34.40999984741211,33.2599983215332,34.27000045776367,31.776086807250977,8284100
2024-02-21,WEGE3,35.86000061035156,36.630001068115234,35.5099983215332,36.630001068115234,33.96434020996094,23108000
2024-02-22,WEGE3,36.54999923706055,36.790000915527344,34.939998626708984,35.470001220703125,32.888755798339844,12996800
2024-02-23,WEGE3,35.5,36.380001068115234,35.380001068115234,35.97999954223633,33.36164093017578,8754900
2024-02-26,WEGE3,35.869998931884766,36.88999938964844,35.65999984741211,36.56999969482422,34.19184875488281,8763800
2024-02-27,WEGE3,36.619998931884766,37.08000183105469,36.25,36.959999084472656,34.556480407714844,5350600
2024-02-28,WEGE3,36.900001525878906,37.04999923706055,36.61000061035156,36.90999984741211,34.50973892211914,3790300
2024-02-29,WEGE3,36.7599983215332,37.09000015258789,36.56999969482422,36.689998626708984,34.30404281616211,7661800
2024-03-01,WEGE3,36.779998779296875,37.58000183105469,36.77000045776367,37.290000915527344,34.86503601074219,6122500
2024-03-04,WEGE3,37.220001220703125,37.43000030517578,36.66999816894531,37.13999938964844,34.72476577758789,4485100
2024-03-05,WEGE3,37.13999938964844,37.54999923706055,36.91999816894531,37.43000030517578,34.99591064453125,6135700
2024-03-06,WEGE3,37.400001525878906,37.540000915527344,37.029998779296875,37.130001068115234,34.71542739868164,4409400
2024-03-07,WEGE3,37.0,37.11000061035156,36.52000045776367,36.900001525878906,34.500389099121094,3489600
2024-03-08,WEGE3,36.849998474121094,37.13999938964844,36.560001373291016,36.91999816894531,34.519081115722656,2724400
2024-03-11,WEGE3,36.68000030517578,37.33000183105469,36.650001525878906,37.15999984741211,34.743473052978516,3755200
2024-03-12,WEGE3,37.220001220703125,37.880001068115234,37.150001525878906,37.61000061035156,35.16421127319336,5878500
2024-03-13,WEGE3,37.54999923706055,38.15999984741211,37.5,38.02000045776367,35.547550201416016,4603100
2024-03-14,WEGE3,37.689998626708984,38.04999923706055,37.59000015258789,37.790000915527344,35.33250427246094,4046200
2024-03-15,WEGE3,38.15999984741211,38.83000183105469,37.54999923706055,38.0,35.528846740722656,9875600
2024-03-18,WEGE3,37.95000076293945,38.15999984741211,37.68000030517578,38.0,35.528846740722656,5536500
2024-03-19,WEGE3,38.099998474121094,38.939998626708984,38.02000045776367,38.7599983215332,36.23942565917969,8934600
2024-03-20,WEGE3,38.90999984741211,38.970001220703125,38.599998474121094,38.83000183105469,36.304874420166016,4640600
2024-03-21,WEGE3,38.790000915527344,39.869998931884766,38.75,39.43000030517578,36.8658561706543,9309100
2024-03-22,WEGE3,39.38999938964844,40.02000045776367,39.310001373291016,39.7400016784668,37.155696868896484,5473300
2024-03-25,WEGE3,39.560001373291016,39.68000030517578,38.97999954223633,39.040000915527344,36.55434799194336,3554400
2024-03-26,WEGE3,38.939998626708984,39.380001068115234,38.65999984741211,38.779998779296875,36.31090545654297,7648500
2024-03-27,WEGE3,38.7599983215332,38.93000030517578,38.2400016784668,38.54999923706055,36.095542907714844,4968600
2024-03-28,WEGE3,38.4900016784668,38.720001220703125,38.060001373291016,38.20000076293945,35.7678337097168,5257500
2024-04-01,WEGE3,38.20000076293945,38.34000015258789,37.56999969482422,37.9900016784668,35.57121276855469,6335000
2024-04-02,WEGE3,37.86000061035156,38.310001373291016,37.79999923706055,38.16999816894531,35.73973846435547,5312400
2024-04-03,WEGE3,38.220001220703125,38.459999084472656,37.68000030517578,37.88999938964844,35.47757339477539,7117600
2024-04-04,WEGE3,37.88999938964844,38.66999816894531,37.81999969482422,38.099998474121094,35.674198150634766,4821600
2024-04-05,WEGE3,37.91999816894531,38.20000076293945,37.81999969482422,37.9900016784668,35.57121276855469,4478300
2024-04-08,WEGE3,37.95000076293945,38.349998474121094,37.7400016784668,38.20000076293945,35.7678337097168,3081900
2024-04-09,WEGE3,38.15999984741211,38.900001525878906,38.11000061035156,38.79999923706055,36.329627990722656,3764800
2024-04-10,WEGE3,38.70000076293945,39.209999084472656,38.310001373291016,38.400001525878906,35.955108642578125,7144900
2024-04-11,WEGE3,38.220001220703125,38.7400016784668,38.040000915527344,38.2400016784668,35.80529022216797,4135800
2024-04-12,WEGE3,38.0,38.459999084472656,37.66999816894531,37.97999954223633,35.56184005737305,6024400
2024-04-15,WEGE3,37.97999954223633,38.099998474121094,37.470001220703125,37.63999938964844,35.243492126464844,4838200
2024-04-16,WEGE3,37.290000915527344,39.0,37.029998779296875,38.77000045776367,36.301544189453125,13386100
2024-04-17,WEGE3,38.77000045776367,38.849998474121094,38.060001373291016,38.220001220703125,35.786563873291016,6574700
2024-04-18,WEGE3,38.220001220703125,38.65999984741211,38.099998474121094,38.599998474121094,36.142364501953125,6347300
2024-04-19,WEGE3,38.459999084472656,38.91999816894531,38.33000183105469,38.54999923706055,36.095542907714844,8284900
2024-04-22,WEGE3,38.2599983215332,38.56999969482422,38.11000061035156,38.27000045776367,35.8333740234375,5350900
2024-04-23,WEGE3,38.08000183105469,38.380001068115234,37.79999923706055,37.9900016784668,35.57121276855469,4381600
2024-04-24,WEGE3,37.970001220703125,38.630001068115234,37.95000076293945,38.22999954223633,35.795921325683594,4946800
2024-04-25,WEGE3,38.08000183105469,38.7599983215332,37.97999954223633,38.66999816894531,36.207908630371094,5460400
2024-04-26,WEGE3,38.869998931884766,39.380001068115234,38.65999984741211,39.220001220703125,36.722896575927734,5979700
2024-04-29,WEGE3,39.220001220703125,39.470001220703125,38.939998626708984,39.36000061035156,36.853981018066406,4677100
2024-04-30,WEGE3,39.2400016784668,39.77000045776367,39.15999984741211,39.54999923706055,37.03187942504883,6934600
2024-05-02,WEGE3,39.689998626708984,40.0,38.0,38.849998474121094,36.37644577026367,12268300
2024-05-03,WEGE3,38.9900016784668,38.9900016784668,38.2400016784668,38.77000045776367,36.301544189453125,5092600
2024-05-06,WEGE3,38.61000061035156,38.91999816894531,38.400001525878906,38.630001068115234,36.17045974731445,2810000
2024-05-07,WEGE3,38.599998474121094,39.209999084472656,38.5,38.900001525878906,36.42326354980469,4895900
2024-05-08,WEGE3,38.70000076293945,39.09000015258789,38.560001373291016,39.09000015258789,36.601158142089844,3759000
2024-05-09,WEGE3,38.66999816894531,38.93000030517578,38.27000045776367,38.900001525878906,36.42326354980469,4949800
2024-05-10,WEGE3,38.86000061035156,39.11000061035156,38.720001220703125,38.970001220703125,36.48881530761719,3462100
2024-05-13,WEGE3,39.09000015258789,39.31999969482422,38.5,39.08000183105469,36.59180450439453,11032700
2024-05-14,WEGE3,39.0099983215332,39.790000915527344,38.9900016784668,39.61000061035156,37.08806228637695,9947400
2024-05-15,WEGE3,39.650001525878906,39.970001220703125,39.380001068115234,39.619998931884766,37.0974235534668,3768600
2024-05-16,WEGE3,39.720001220703125,39.79999923706055,39.099998474121094,39.599998474121094,37.07870101928711,3271800
2024-05-17,WEGE3,39.310001373291016,39.63999938964844,38.91999816894531,39.63999938964844,37.116146087646484,6701800
2024-05-20,WEGE3,39.45000076293945,39.849998474121094,39.27000045776367,39.849998474121094,37.31277847290039,8148200
2024-05-21,WEGE3,39.720001220703125,39.91999816894531,39.5,39.7599983215332,37.22850799560547,6672800
2024-05-22,WEGE3,39.599998474121094,39.75,39.209999084472656,39.279998779296875,36.77906799316406,7065600
2024-05-23,WEGE3,39.0,39.18000030517578,38.79999923706055,39.029998779296875,36.54499816894531,5413400
2024-05-24,WEGE3,38.88999938964844,38.88999938964844,38.06999969482422,38.34000015258789,35.8989143371582,9008900
2024-05-27,WEGE3,38.34000015258789,38.40999984741211,38.130001068115234,38.349998474121094,35.90828323364258,1905700
2024-05-28,WEGE3,38.40999984741211,38.459999084472656,38.0099983215332,38.22999954223633,35.795921325683594,4937400
2024-05-29,WEGE3,37.900001525878906,37.959999084472656,37.5,37.72999954223633,35.327762603759766,7136500
2024-05-31,WEGE3,37.560001373291016,37.83000183105469,37.36000061035156,37.54999923706055,35.15922546386719,21946000
2024-06-03,WEGE3,37.72999954223633,37.849998474121094,37.31999969482422,37.34000015258789,34.96259307861328,5074200
2024-06-04,WEGE3,37.29999923706055,38.04999923706055,37.18000030517578,37.79999923706055,35.393306732177734,4322600
2024-06-05,WEGE3,37.09000015258789,37.75,36.790000915527344,37.540000915527344,35.14986038208008,8883900
2024-06-06,WEGE3,37.36000061035156,38.130001068115234,37.33000183105469,37.810001373291016,35.40266036987305,5135800
2024-06-07,WEGE3,37.43000030517578,37.9900016784668,37.400001525878906,37.849998474121094,35.440120697021484,6847500
2024-06-10,WEGE3,37.84000015258789,38.27000045776367,37.779998779296875,37.810001373291016,35.40266036987305,4491300
2024-06-11,WEGE3,37.90999984741211,38.099998474121094,37.720001220703125,37.79999923706055,35.393306732177734,5918200
2024-06-12,WEGE3,37.810001373291016,38.16999816894531,37.099998474121094,38.06999969482422,35.646114349365234,12710400
2024-06-13,WEGE3,38.150001525878906,38.470001220703125,37.970001220703125,38.41999816894531,35.97382354736328,5056600
2024-06-14,WEGE3,38.2400016784668,39.29999923706055,38.2400016784668,38.77000045776367,36.301544189453125,11832200
2024-06-17,WEGE3,38.599998474121094,39.27000045776367,38.400001525878906,38.77000045776367,36.301544189453125,6603100
2024-06-18,WEGE3,38.77000045776367,39.08000183105469,38.41999816894531,38.86000061035156,36.38581085205078,4188300
2024-06-19,WEGE3,39.29999923706055,39.81999969482422,39.02000045776367,39.810001373291016,37.275325775146484,7729100
2024-06-20,WEGE3,39.869998931884766,40.779998779296875,39.869998931884766,40.779998779296875,38.183563232421875,10168600
2024-06-21,WEGE3,40.720001220703125,41.40999984741211,40.470001220703125,41.08000183105469,38.4644660949707,12574100
2024-06-24,WEGE3,40.79999923706055,41.290000915527344,40.630001068115234,40.869998931884766,38.26784133911133,8649700
2024-06-25,WEGE3,40.849998474121094,41.720001220703125,40.70000076293945,41.56999969482422,38.92327117919922,7233100
2024-06-26,WEGE3,41.290000915527344,42.13999938964844,41.130001068115234,41.95000076293945,39.279083251953125,9408900
2024-06-27,WEGE3,42.0,42.34000015258789,41.380001068115234,41.70000076293945,39.04500198364258,8056700
2024-06-28,WEGE3,41.70000076293945,42.189998626708984,41.349998474121094,42.189998626708984,39.5037956237793,11180100
2024-07-01,WEGE3,41.849998474121094,42.459999084472656,41.779998779296875,41.970001220703125,39.35634994506836,3981200
2024-07-02,WEGE3,42.02000045776367,42.38999938964844,41.95000076293945,42.029998779296875,39.4126091003418,5461800
2024-07-03,WEGE3,42.31999969482422,42.58000183105469,42.0,42.11000061035156,39.48762893676758,4894700
2024-07-04,WEGE3,42.29999923706055,42.310001373291016,41.7599983215332,41.88999938964844,39.28132629394531,3864100
2024-07-05,WEGE3,42.02000045776367,42.43000030517578,41.970001220703125,42.189998626708984,39.562652587890625,3948100
2024-07-08,WEGE3,42.189998626708984,44.470001220703125,42.18000030517578,44.470001220703125,41.70066833496094,11694400
2024-07-09,WEGE3,44.09000015258789,44.599998474121094,44.04999923706055,44.54999923706055,41.77568435668945,5605400
2024-07-10,WEGE3,44.54999923706055,44.84000015258789,43.91999816894531,44.04999923706055,41.30682373046875,4993800
2024-07-11,WEGE3,43.900001525878906,44.959999084472656,43.900001525878906,44.959999084472656,42.160152435302734,5502300
2024-07-12,WEGE3,44.959999084472656,46.459999084472656,44.95000076293945,45.880001068115234,43.02285385131836,8072900
2024-07-15,WEGE3,45.88999938964844,46.630001068115234,45.77000045776367,46.5099983215332,43.61362838745117,4646400
2024-07-16,WEGE3,46.56999969482422,47.209999084472656,46.38999938964844,46.68000030517578,43.77303695678711,8663600
2024-07-17,WEGE3,46.880001068115234,47.36000061035156,46.54999923706055,47.04999923706055,44.119998931884766,5579100
2024-07-18,WEGE3,46.97999954223633,47.400001525878906,46.54999923706055,47.400001525878906,44.448204040527344,7334900
2024-07-19,WEGE3,47.70000076293945,47.91999816894531,47.130001068115234,47.290000915527344,44.34505081176758,4210800
2024-07-22,WEGE3,47.290000915527344,47.459999084472656,46.95000076293945,47.16999816894531,44.232521057128906,3704000
2024-07-23,WEGE3,46.79999923706055,47.369998931884766,46.79999923706055,47.04999923706055,44.119998931884766,4935300
2024-07-24,WEGE3,46.95000076293945,47.13999938964844,46.40999984741211,46.650001525878906,43.74491500854492,3907100
2024-07-25,WEGE3,46.34000015258789,46.4900016784668,45.66999816894531,45.95000076293945,43.088504791259766,5990900
2024-07-26,WEGE3,46.04999923706055,46.959999084472656,45.95000076293945,46.91999816894531,43.99808883666992,5986900
2024-07-29,WEGE3,46.72999954223633,47.02000045776367,46.400001525878906,46.47999954223633,43.58549118041992,3952200
2024-07-30,WEGE3,46.459999084472656,46.5099983215332,45.709999084472656,45.86000061035156,43.00409698486328,7409900
2024-07-31,WEGE3,47.220001220703125,50.880001068115234,47.13999938964844,50.65999984741211,47.505184173583984,21911100
2024-08-01,WEGE3,50.599998474121094,52.93000030517578,50.029998779296875,52.84000015258789,49.5494270324707,13624400
2024-08-02,WEGE3,52.650001525878906,52.84000015258789,49.66999816894531,49.81999969482422,46.71750259399414,15383100
2024-08-05,WEGE3,48.0,49.43000030517578,47.56999969482422,48.86000061035156,45.990421295166016,10892300
2024-08-06,WEGE3,49.310001373291016,49.310001373291016,48.31999969482422,48.970001220703125,46.09395217895508,5361900
2024-08-07,WEGE3,49.119998931884766,49.13999938964844,48.16999816894531,48.31999969482422,45.48212814331055,4746100
2024-08-08,WEGE3,48.29999923706055,50.150001525878906,48.25,49.689998626708984,46.77166748046875,6144900
2024-08-09,WEGE3,49.77000045776367,50.099998474121094,48.689998626708984,49.70000076293945,46.78108215332031,7694400
2024-08-12,WEGE3,50.06999969482422,50.77000045776367,49.790000915527344,50.58000183105469,47.60940170288086,8193400
2024-08-13,WEGE3,50.97999954223633,52.290000915527344,50.81999969482422,51.130001068115234,48.127098083496094,10203100
2024-08-14,WEGE3,51.15999984741211,51.810001373291016,50.900001525878906,51.540000915527344,48.51301574707031,7557200
2024-08-15,WEGE3,51.970001220703125,53.08000183105469,51.880001068115234,52.70000076293945,49.604888916015625,6993700
2024-08-16,WEGE3,52.97999954223633,53.97999954223633,52.400001525878906,53.25,50.12258529663086,10598700
2024-08-19,WEGE3,53.66999816894531,54.0,51.790000915527344,51.790000915527344,48.74833297729492,11183700
2024-08-20,WEGE3,52.279998779296875,53.41999816894531,51.91999816894531,53.11000061035156,49.99081039428711,6174500
2024-08-21,WEGE3,53.04999923706055,53.599998474121094,52.66999816894531,53.43000030517578,50.292015075683594,4524500
2024-08-22,WEGE3,53.45000076293945,54.779998779296875,53.45000076293945,54.20000076293945,51.01679992675781,6979500
2024-08-23,WEGE3,54.5,54.75,53.77000045776367,53.810001373291016,50.64970016479492,4682400
2024-08-26,WEGE3,53.810001373291016,54.20000076293945,53.15999984741211,54.08000183105469,50.903846740722656,4814100
2024-08-27,WEGE3,54.08000183105469,54.31999969482422,53.400001525878906,54.0,50.82853698730469,3857600
2024-08-28,WEGE3,54.0099983215332,54.56999969482422,53.689998626708984,54.0,50.82853698730469,3555600
2024-08-29,WEGE3,53.75,54.02000045776367,53.349998474121094,53.540000915527344,50.39555358886719,6435200
2024-08-30,WEGE3,53.22999954223633,54.150001525878906,52.959999084472656,54.150001525878906,50.9697380065918,17140300
2024-09-02,WEGE3,54.4900016784668,54.59000015258789,52.16999816894531,52.349998474121094,49.27544021606445,5049200
2024-09-03,WEGE3,52.380001068115234,53.11000061035156,52.20000076293945,52.79999923706055,49.699012756347656,4760400
2024-09-04,WEGE3,52.93000030517578,53.61000061035156,52.529998779296875,53.38999938964844,50.254371643066406,4687100
2024-09-05,WEGE3,53.02000045776367,54.099998474121094,52.86000061035156,53.9900016784668,50.819122314453125,3816500
2024-09-06,WEGE3,53.790000915527344,53.90999984741211,52.720001220703125,52.880001068115234,49.774314880371094,4776400
2024-09-09,WEGE3,52.849998474121094,53.029998779296875,52.06999969482422,52.45000076293945,49.36957550048828,4805900
2024-09-10,WEGE3,52.349998474121094,52.88999938964844,51.95000076293945,52.88999938964844,49.78373336791992,5643900
2024-09-11,WEGE3,52.61000061035156,53.810001373291016,52.61000061035156,53.5,50.357906341552734,6069800
2024-09-12,WEGE3,53.349998474121094,54.279998779296875,52.63999938964844,53.310001373291016,50.17906951904297,6480500
2024-09-13,WEGE3,53.2599983215332,54.150001525878906,52.97999954223633,53.619998931884766,50.470855712890625,2955000
2024-09-16,WEGE3,53.619998931884766,53.91999816894531,52.650001525878906,53.0,49.88727569580078,2720400
2024-09-17,WEGE3,53.0,53.47999954223633,52.7599983215332,53.31999969482422,50.1884765625,4258700
2024-09-18,WEGE3,53.20000076293945,54.27000045776367,52.95000076293945,53.599998474121094,50.4520263671875,6973800
2024-09-19,WEGE3,53.29999923706055,53.5,52.81999969482422,53.2599983215332,50.13200378417969,4842400
2024-09-20,WEGE3,53.0099983215332,53.56999969482422,52.52000045776367,52.52000045776367,49.435455322265625,11824400
2024-09-23,WEGE3,52.40999984741211,54.31999969482422,52.38999938964844,54.31999969482422,51.12974548339844,4877100
2024-09-24,WEGE3,54.5,55.779998779296875,54.470001220703125,55.38999938964844,52.136905670166016,8896000
2024-09-25,WEGE3,55.54999923706055,55.86000061035156,55.04999923706055,55.68000030517578,52.40987014770508,6674000
2024-09-26,WEGE3,55.79999923706055,56.13999938964844,55.209999084472656,56.04999923706055,52.758140563964844,5616900
2024-09-27,WEGE3,55.95000076293945,56.09000015258789,55.5099983215332,56.029998779296875,52.73931121826172,6450600
2024-09-30,WEGE3,55.630001068115234,56.2400016784668,54.38999938964844,54.38999938964844,51.259727478027344,6435400
2024-10-01,WEGE3,55.0,56.220001220703125,54.79999923706055,55.880001068115234,52.663978576660156,8044000
2024-10-02,WEGE3,56.130001068115234,56.369998931884766,55.13999938964844,55.349998474121094,52.16447448730469,5130300
2024-10-03,WEGE3,54.7599983215332,55.0,53.95000076293945,54.599998474121094,51.4576416015625,4470600
2024-10-04,WEGE3,54.36000061035156,54.97999954223633,54.2599983215332,54.5,51.3634033203125,4819200
2024-10-07,WEGE3,54.650001525878906,54.709999084472656,53.36000061035156,53.400001525878906,50.32671356201172,5409300
2024-10-08,WEGE3,54.150001525878906,54.56999969482422,54.0099983215332,54.310001373291016,51.1843376159668,6798000
2024-10-09,WEGE3,53.91999816894531,54.310001373291016,53.290000915527344,54.0,50.89216995239258,5806100
2024-10-10,WEGE3,53.70000076293945,54.18000030517578,53.52000045776367,54.18000030517578,51.06181335449219,3762500
2024-10-11,WEGE3,54.189998626708984,54.380001068115234,53.630001068115234,54.16999816894531,51.052391052246094,3283900
2024-10-14,WEGE3,54.16999816894531,55.040000915527344,53.70000076293945,55.040000915527344,51.8723258972168,5422800
2024-10-15,WEGE3,55.400001525878906,56.529998779296875,54.880001068115234,56.529998779296875,53.27656555175781,8123800
2024-10-16,WEGE3,56.0099983215332,57.220001220703125,56.0099983215332,57.189998626708984,53.898590087890625,10016400
2024-10-17,WEGE3,56.900001525878906,57.09000015258789,56.0,56.220001220703125,52.98440933227539,5134400
2024-10-18,WEGE3,56.540000915527344,56.68000030517578,54.939998626708984,55.220001220703125,52.04195785522461,5431900
2024-10-21,WEGE3,55.529998779296875,55.54999923706055,54.75,55.040000915527344,51.8723258972168,5297800
2024-10-22,WEGE3,54.79999923706055,55.95000076293945,54.599998474121094,55.95000076293945,52.72994613647461,4733100
2024-10-23,WEGE3,55.45000076293945,56.54999923706055,55.119998931884766,56.20000076293945,52.96555709838867,4913300
2024-10-24,WEGE3,56.25,56.599998474121094,55.5,56.27000045776367,53.03153610229492,3520800
2024-10-25,WEGE3,56.150001525878906,56.279998779296875,55.43000030517578,55.470001220703125,52.27758026123047,3796300
2024-10-28,WEGE3,56.20000076293945,56.45000076293945,55.86000061035156,56.2599983215332,53.02210235595703,2063700
2024-10-29,WEGE3,56.119998931884766,57.0099983215332,56.040000915527344,56.939998626708984,53.66297149658203,4877100
2024-10-30,WEGE3,55.27000045776367,55.380001068115234,53.45000076293945,54.0,50.89216995239258,20716600
2024-10-31,WEGE3,53.900001525878906,54.650001525878906,53.25,54.11000061035156,50.995849609375,9694500
2024-11-01,WEGE3,54.95000076293945,55.54999923706055,54.630001068115234,54.70000076293945,51.55188751220703,6364400
2024-11-04,WEGE3,55.220001220703125,56.189998626708984,54.220001220703125,56.189998626708984,52.95613479614258,6547400
2024-11-05,WEGE3,55.880001068115234,56.31999969482422,54.91999816894531,56.0099983215332,52.78649139404297,5779800
2024-11-06,WEGE3,55.619998931884766,56.61000061035156,55.16999816894531,56.09000015258789,52.86189270019531,5170500
2024-11-07,WEGE3,55.86000061035156,56.189998626708984,54.86000061035156,55.77000045776367,52.560306549072266,4521400
2024-11-08,WEGE3,55.0099983215332,55.709999084472656,54.900001525878906,55.09000015258789,51.9194450378418,7160900
2024-11-11,WEGE3,54.65999984741211,55.4900016784668,54.54999923706055,55.4900016784668,52.29642105102539,3348100
2024-11-12,WEGE3,55.099998474121094,55.470001220703125,55.0,55.41999816894531,52.23045349121094,3988000
2024-11-13,WEGE3,55.15999984741211,55.54999923706055,54.5099983215332,54.70000076293945,51.55188751220703,9208500
2024-11-14,WEGE3,54.650001525878906,54.790000915527344,53.900001525878906,54.349998474121094,51.22203063964844,6074900
2024-11-18,WEGE3,53.91999816894531,54.310001373291016,53.59000015258789,54.0,50.89216995239258,3437300
2024-11-19,WEGE3,53.9900016784668,54.5099983215332,53.540000915527344,54.130001068115234,51.014686584472656,4176900
2024-11-21,WEGE3,53.7400016784668,53.95000076293945,53.15999984741211,53.72999954223633,50.63771057128906,6608700
2024-11-22,WEGE3,53.95000076293945,54.25,53.630001068115234,54.0099983215332,50.90159606933594,5034900
2024-11-25,WEGE3,54.02000045776367,54.209999084472656,52.08000183105469,52.150001525878906,49.148651123046875,12443900
2024-11-26,WEGE3,52.15999984741211,53.09000015258789,52.029998779296875,52.779998779296875,49.74238586425781,8886200
2024-11-27,WEGE3,52.93000030517578,53.2599983215332,51.900001525878906,52.11000061035156,49.11095428466797,6111900
2024-11-28,WEGE3,51.90999984741211,53.59000015258789,51.529998779296875,52.90999984741211,49.864906311035156,7146300
2024-11-29,WEGE3,52.75,54.290000915527344,52.279998779296875,53.939998626708984,50.83562469482422,8458300
2024-12-02,WEGE3,53.540000915527344,54.34000015258789,53.209999084472656,53.849998474121094,50.75080490112305,6197600
2024-12-03,WEGE3,53.849998474121094,54.939998626708984,53.5,54.599998474121094,51.4576416015625,6016400
2024-12-04,WEGE3,54.54999923706055,56.0,54.470001220703125,55.0,51.83462905883789,5505900
2024-12-05,WEGE3,55.16999816894531,55.70000076293945,54.619998931884766,54.93000030517578,51.76865005493164,5198100
2024-12-06,WEGE3,54.779998779296875,55.84000015258789,54.75,55.599998474121094,52.400089263916016,6487900
2024-12-09,WEGE3,55.599998474121094,55.970001220703125,55.41999816894531,55.75,52.54145812988281,4459000
2024-12-10,WEGE3,55.9900016784668,57.310001373291016,55.91999816894531,56.880001068115234,53.606422424316406,5662200
2024-12-11,WEGE3,57.0,59.83000183105469,56.72999954223633,58.54999923706055,55.18031311035156,10358000
2024-12-12,WEGE3,58.470001220703125,58.52000045776367,57.130001068115234,57.79999923706055,54.473472595214844,10479800
2024-12-13,WEGE3,57.79999923706055,58.52000045776367,57.63999938964844,57.65999984741211,54.34153366088867,6356600
2024-12-16,WEGE3,57.849998474121094,58.16999816894531,57.11000061035156,57.11000061035156,53.82318878173828,5966200
2024-12-17,WEGE3,57.709999084472656,58.4900016784668,57.33000183105469,57.900001525878906,54.56772232055664,9401900
2024-12-18,WEGE3,57.790000915527344,58.54999923706055,56.560001373291016,57.04999923706055,53.766639709472656,10121900
2024-12-19,WEGE3,57.5099983215332,58.65999984741211,56.439998626708984,56.459999084472656,53.210594177246094,9028800
2024-12-20,WEGE3,56.13999938964844,56.369998931884766,54.40999984741211,55.540000915527344,52.343544006347656,14233300
2024-12-23,WEGE3,55.4900016784668,55.4900016784668,54.220001220703125,54.2400016784668,51.19188690185547,4062300
2024-12-26,WEGE3,54.2400016784668,54.900001525878906,54.099998474121094,54.65999984741211,51.58828353881836,3560800
2024-12-27,WEGE3,54.900001525878906,55.0,53.68000030517578,53.68000030517578,50.663352966308594,3720300
2024-12-30,WEGE3,53.689998626708984,54.0099983215332,52.72999954223633,52.77000045776367,49.80449676513672,4283000
2025-01-02,WEGE3,52.61000061035156,53.060001373291016,52.25,52.720001220703125,49.75730514526367,4029300
2025-01-03,WEGE3,52.599998474121094,53.11000061035156,52.2599983215332,52.459999084472656,49.51191711425781,5796000
2025-01-06,WEGE3,52.56999969482422,52.7400016784668,51.65999984741211,52.470001220703125,49.52135467529297,5551100
2025-01-07,WEGE3,52.79999923706055,53.650001525878906,52.439998626708984,53.52000045776367,50.5123405456543,7466200
2025-01-08,WEGE3,52.77000045776367,54.369998931884766,52.66999816894531,53.209999084472656,50.219764709472656,6627600
2025-01-09,WEGE3,53.20000076293945,54.45000076293945,53.20000076293945,54.290000915527344,51.239070892333984,4555800
2025-01-10,WEGE3,54.06999969482422,54.470001220703125,52.869998931884766,53.349998474121094,50.351898193359375,5768000
2025-01-13,WEGE3,53.38999938964844,53.849998474121094,52.689998626708984,53.25,50.25751876831055,4563200
2025-01-14,WEGE3,53.29999923706055,53.59000015258789,52.56999969482422,52.93000030517578,49.955501556396484,5413100
2025-01-15,WEGE3,53.59000015258789,54.2599983215332,52.720001220703125,54.15999984741211,51.11638259887695,4634000
2025-01-16,WEGE3,54.130001068115234,54.41999816894531,53.189998626708984,53.66999816894531,50.65391540527344,4442000
2025-01-17,WEGE3,53.709999084472656,54.16999816894531,53.369998931884766,54.16999816894531,51.12580871582031,4222700
2025-01-20,WEGE3,54.11000061035156,55.29999923706055,53.86000061035156,55.130001068115234,52.031864166259766,2471800
2025-01-21,WEGE3,54.90999984741211,55.959999084472656,54.63999938964844,55.630001068115234,52.5037727355957,3951600
2025-01-22,WEGE3,56.02000045776367,56.47999954223633,55.58000183105469,56.439998626708984,53.26824951171875,4930100
2025-01-23,WEGE3,56.439998626708984,57.27000045776367,56.349998474121094,57.25,54.0327262878418,4528400
2025-01-24,WEGE3,56.970001220703125,57.900001525878906,56.83000183105469,57.869998931884766,54.617889404296875,4763100
2025-01-27,WEGE3,56.59000015258789,56.72999954223633,52.79999923706055,53.310001373291016,50.314144134521484,22361900
2025-01-28,WEGE3,54.4900016784668,55.439998626708984,53.7400016784668,54.09000015258789,51.05030822753906,10279700
2025-01-29,WEGE3,53.79999923706055,55.72999954223633,53.75,54.43000030517578,51.37120819091797,7108300
2025-01-30,WEGE3,54.779998779296875,56.380001068115234,54.40999984741211,56.209999084472656,53.05117416381836,6202600
2025-01-31,WEGE3,56.209999084472656,56.40999984741211,54.70000076293945,55.040000915527344,51.94692611694336,7220600
2025-02-03,WEGE3,54.61000061035156,55.0,53.63999938964844,53.900001525878906,50.87098693847656,7771800
2025-02-04,WEGE3,54.0,54.61000061035156,53.900001525878906,54.060001373291016,51.02199935913086,5745400
2025-02-05,WEGE3,54.36000061035156,54.97999954223633,54.310001373291016,54.470001220703125,51.40895462036133,4234700
2025-02-06,WEGE3,54.459999084472656,54.68000030517578,53.689998626708984,54.529998779296875,51.465579986572266,5926400
2025-02-07,WEGE3,54.529998779296875,54.79999923706055,53.58000183105469,53.939998626708984,50.90874099731445,4872800
2025-02-10,WEGE3,54.20000076293945,54.439998626708984,53.79999923706055,54.209999084472656,51.1635627746582,3066100
2025-02-11,WEGE3,54.209999084472656,54.5,52.81999969482422,53.11000061035156,50.125389099121094,6808600
2025-02-12,WEGE3,52.5,53.09000015258789,51.599998474121094,52.70000076293945,49.73843002319336,8590300
2025-02-13,WEGE3,52.47999954223633,53.029998779296875,51.959999084472656,52.470001220703125,49.52135467529297,5410300
2025-02-14,WEGE3,52.79999923706055,54.22999954223633,52.689998626708984,53.79999923706055,50.776611328125,7097900
2025-02-17,WEGE3,53.11000061035156,53.41999816894531,52.40999984741211,52.45000076293945,49.502471923828125,5452400
2025-02-18,WEGE3,52.70000076293945,53.79999923706055,52.65999984741211,52.88999938964844,49.917747497558594,8727000
2025-02-19,WEGE3,52.7400016784668,53.09000015258789,51.880001068115234,52.209999084472656,49.27595901489258,6153300
2025-02-20,WEGE3,52.20000076293945,52.349998474121094,51.83000183105469,52.099998474121094,49.17214584350586,6433300
2025-02-21,WEGE3,52.400001525878906,52.95000076293945,51.5099983215332,52.95000076293945,49.9743766784668,8664000
2025-02-24,WEGE3,52.880001068115234,53.25,51.41999816894531,51.54999923706055,48.653053283691406,9130900
2025-02-25,WEGE3,52.18000030517578,52.72999954223633,51.900001525878906,52.400001525878906,49.45528793334961,8806700
2025-02-26,WEGE3,49.86000061035156,50.16999816894531,47.720001220703125,47.849998474121094,45.160987854003906,25725700
2025-02-27,WEGE3,48.189998626708984,49.439998626708984,47.900001525878906,48.900001525878906,46.15196990966797,11326100
2025-02-28,WEGE3,48.7400016784668,48.79999923706055,47.900001525878906,48.41999816894531,45.698944091796875,7843900
2025-03-05,WEGE3,48.0,48.380001068115234,47.349998474121094,47.650001525878906,45.255088806152344,9387200
2025-03-06,WEGE3,47.65999984741211,47.900001525878906,46.279998779296875,47.279998779296875,44.9036865234375,7728600
2025-03-07,WEGE3,46.970001220703125,48.33000183105469,46.93000030517578,47.88999938964844,45.4830207824707,7584000
2025-03-10,WEGE3,47.279998779296875,47.720001220703125,47.040000915527344,47.68000030517578,45.2835807800293,5747800
2025-03-11,WEGE3,47.41999816894531,47.72999954223633,46.470001220703125,46.599998474121094,44.25785827636719,8850600
2025-03-12,WEGE3,46.72999954223633,47.4900016784668,46.540000915527344,47.20000076293945,44.82770919799805,6859100
2025-03-13,WEGE3,47.20000076293945,47.27000045776367,46.290000915527344,46.7400016784668,44.39082336425781,6531300
2025-03-14,WEGE3,46.70000076293945,46.790000915527344,46.040000915527344,46.7400016784668,44.39082336425781,8528600
2025-03-17,WEGE3,47.95000076293945,48.08000183105469,46.93000030517578,47.650001525878906,45.255088806152344,8931300
2025-03-18,WEGE3,47.619998931884766,47.95000076293945,46.84000015258789,47.650001525878906,45.255088806152344,5953500
2025-03-19,WEGE3,47.709999084472656,48.20000076293945,47.709999084472656,48.13999938964844,45.720462799072266,5319200
2025-03-20,WEGE3,48.25,48.2599983215332,47.790000915527344,47.900001525878906,45.49252700805664,4807700
2025-03-21,WEGE3,47.970001220703125,48.150001525878906,47.20000076293945,47.849998474121094,45.445030212402344,9662300
2025-03-24,WEGE3,47.70000076293945,47.7599983215332,47.0099983215332,47.36000061035156,45.05565643310547,4934900
2025-03-25,WEGE3,47.439998626708984,47.63999938964844,46.869998931884766,47.0,44.71317672729492,5214000
2025-03-26,WEGE3,47.0,47.11000061035156,46.150001525878906,46.75,44.475341796875,6298500
2025-03-27,WEGE3,46.95000076293945,47.060001373291016,46.13999938964844,46.38999938964844,44.132850646972656,8070000
2025-03-28,WEGE3,46.38999938964844,46.45000076293945,45.599998474121094,45.849998474121094,43.61912536621094,3862500
2025-03-31,WEGE3,45.58000183105469,45.72999954223633,45.150001525878906,45.279998779296875,43.07685852050781,6231100
2025-04-01,WEGE3,45.61000061035156,45.63999938964844,44.779998779296875,45.349998474121094,43.14345169067383,5457000
2025-04-02,WEGE3,45.349998474121094,45.47999954223633,44.54999923706055,44.900001525878906,42.715354919433594,5444800
2025-04-03,WEGE3,44.439998626708984,45.220001220703125,44.060001373291016,44.27000045776367,42.11600112915039,8146000
2025-04-04,WEGE3,43.9900016784668,44.13999938964844,42.720001220703125,43.720001220703125,41.59276580810547,10632400
2025-04-07,WEGE3,43.150001525878906,44.06999969482422,42.650001525878906,44.0,41.8591423034668,9948200
2025-04-08,WEGE3,44.52000045776367,44.77000045776367,43.75,44.0,41.8591423034668,8394700
2025-04-09,WEGE3,43.77000045776367,46.08000183105469,43.65999984741211,45.40999984741211,43.20053482055664,11604000
2025-04-10,WEGE3,45.400001525878906,45.459999084472656,44.29999923706055,44.90999984741211,42.72486877441406,5364200
2025-04-11,WEGE3,45.099998474121094,45.349998474121094,44.7400016784668,45.119998931884766,42.92464828491211,3282900
2025-04-14,WEGE3,45.5,45.849998474121094,45.04999923706055,45.81999969482422,43.59058380126953,5625800
2025-04-15,WEGE3,45.849998474121094,46.33000183105469,45.5,45.81999969482422,43.59058380126953,4444900
2025-04-16,WEGE3,45.81999969482422,46.06999969482422,45.209999084472656,45.84000015258789,43.609615325927734,7962000
2025-04-17,WEGE3,45.72999954223633,46.18000030517578,45.47999954223633,45.95000076293945,43.71426010131836,3543500
2025-04-22,WEGE3,46.209999084472656,46.47999954223633,45.61000061035156,46.2400016784668,43.99014663696289,3871500
2025-04-23,WEGE3,46.5099983215332,47.119998931884766,46.2400016784668,46.27000045776367,44.01869201660156,8449700
2025-04-24,WEGE3,46.45000076293945,48.97999954223633,46.38999938964844,48.59000015258789,46.22581100463867,13221900
2025-04-25,WEGE3,48.880001068115234,50.290000915527344,48.58000183105469,49.88999938964844,47.462554931640625,10397400
2025-04-28,WEGE3,50.0099983215332,50.79999923706055,49.91999816894531,50.31999969482422,47.87163162231445,8104100
2025-04-29,WEGE3,50.29999923706055,50.86000061035156,50.119998931884766,50.470001220703125,48.01433563232422,5513900
2025-04-30,WEGE3,47.0,47.279998779296875,44.63999938964844,44.63999938964844,42.46799850463867,34414500
2025-05-02,WEGE3,44.95000076293945,45.220001220703125,44.41999816894531,44.41999816894531,42.258705139160156,18290500
2025-05-05,WEGE3,43.9900016784668,44.150001525878906,42.25,42.529998779296875,40.460662841796875,15804300
2025-05-06,WEGE3,42.81999969482422,43.380001068115234,42.720001220703125,42.95000076293945,40.8602294921875,6818100
2025-05-07,WEGE3,43.20000076293945,43.29999923706055,41.790000915527344,41.95000076293945,39.90888595581055,9070700
2025-05-08,WEGE3,42.41999816894531,42.939998626708984,42.09000015258789,42.209999084472656,40.15623474121094,12632900
2025-05-09,WEGE3,42.5,42.529998779296875,41.790000915527344,41.790000915527344,39.75667953491211,5972700
2025-05-12,WEGE3,42.150001525878906,43.08000183105469,42.04999923706055,42.66999816894531,40.593849182128906,10286700
2025-05-13,WEGE3,43.0,44.20000076293945,42.970001220703125,44.0,41.8591423034668,11479300
2025-05-14,WEGE3,44.029998779296875,44.400001525878906,43.810001373291016,44.06999969482422,41.92573547363281,7012500
2025-05-15,WEGE3,43.91999816894531,44.459999084472656,43.849998474121094,44.16999816894531,42.020870208740234,6936800
2025-05-16,WEGE3,44.0,45.5,43.97999954223633,45.0,42.81048583984375,8772000
2025-05-19,WEGE3,44.95000076293945,45.11000061035156,44.36000061035156,44.54999923706055,42.38237762451172,3814500
2025-05-20,WEGE3,44.54999923706055,44.709999084472656,43.709999084472656,44.529998779296875,42.36335372924805,4196400
2025-05-21,WEGE3,44.36000061035156,44.619998931884766,43.119998931884766,43.45000076293945,41.33590316772461,7585500
2025-05-22,WEGE3,43.70000076293945,44.380001068115234,43.310001373291016,43.66999816894531,41.545196533203125,8321200
2025-05-23,WEGE3,43.33000183105469,43.689998626708984,42.939998626708984,43.689998626708984,41.56422424316406,5707900
2025-05-26,WEGE3,43.88999938964844,44.13999938964844,43.689998626708984,43.72999954223633,41.60227966308594,1926500
2025-05-27,WEGE3,44.2400016784668,44.779998779296875,43.959999084472656,44.59000015258789,42.420433044433594,5502100
2025-05-28,WEGE3,44.599998474121094,44.65999984741211,44.060001373291016,44.65999984741211,42.487030029296875,5306500
2025-05-29,WEGE3,44.400001525878906,44.599998474121094,43.900001525878906,44.02000045776367,41.878170013427734,6974600
2025-05-30,WEGE3,44.09000015258789,44.13999938964844,42.349998474121094,42.349998474121094,40.289424896240234,13668500
2025-06-02,WEGE3,42.349998474121094,42.349998474121094,41.599998474121094,41.849998474121094,39.813751220703125,7716100
2025-06-03,WEGE3,41.70000076293945,42.380001068115234,41.68000030517578,41.70000076293945,39.671051025390625,6516500
2025-06-04,WEGE3,42.09000015258789,43.27000045776367,41.959999084472656,43.15999984741211,41.06001281738281,12869400
2025-06-05,WEGE3,43.130001068115234,43.900001525878906,42.540000915527344,42.540000915527344,40.47018051147461,12056700
2025-06-06,WEGE3,42.540000915527344,43.0,42.4900016784668,42.56999969482422,40.49871826171875,4539700
2025-06-09,WEGE3,42.43000030517578,42.959999084472656,41.81999969482422,42.84000015258789,40.755577087402344,4151900
2025-06-10,WEGE3,43.38999938964844,43.38999938964844,42.150001525878906,42.29999923706055,40.241851806640625,5988000
2025-06-11,WEGE3,42.29999923706055,42.58000183105469,41.619998931884766,42.290000915527344,40.23234558105469,5025600
2025-06-12,WEGE3,42.0,42.63999938964844,41.599998474121094,42.2599983215332,40.20380401611328,5467300
2025-06-13,WEGE3,41.75,42.93000030517578,41.599998474121094,42.38999938964844,40.327476501464844,4923100
2025-06-16,WEGE3,42.709999084472656,43.43000030517578,42.41999816894531,42.540000915527344,40.47018051147461,5928600
2025-06-17,WEGE3,42.52000045776367,42.900001525878906,41.11000061035156,41.40999984741211,39.3951530456543,8397400
2025-06-18,WEGE3,41.54999923706055,42.040000915527344,41.439998626708984,41.86000061035156,39.823265075683594,4336700
2025-06-20,WEGE3,41.43000030517578,42.400001525878906,41.310001373291016,41.63999938964844,39.61397171020508,9459600
2025-06-23,WEGE3,41.349998474121094,41.790000915527344,40.849998474121094,41.599998474121094,39.66551208496094,6081400
2025-06-24,WEGE3,42.0,42.099998474121094,41.220001220703125,41.439998626708984,39.5129508972168,4735500
2025-06-25,WEGE3,41.5099983215332,41.90999984741211,41.11000061035156,41.81999969482422,39.87528610229492,4072000
2025-06-26,WEGE3,41.88999938964844,43.619998931884766,41.88999938964844,43.06999969482422,41.06715393066406,11156400
2025-06-27,WEGE3,42.709999084472656,43.45000076293945,42.349998474121094,42.349998474121094,40.38063430786133,6984100
2025-06-30,WEGE3,42.310001373291016,43.130001068115234,42.22999954223633,42.779998779296875,40.79064178466797,10282300
2025-07-01,WEGE3,42.68000030517578,42.9900016784668,42.36000061035156,42.5,40.523658752441406,7110200
2025-07-02,WEGE3,42.279998779296875,43.119998931884766,42.11000061035156,42.43000030517578,40.4569206237793,7025100
2025-07-03,WEGE3,42.5,42.95000076293945,42.22999954223633,42.709999084472656,40.72389602661133,6963500
2025-07-04,WEGE3,42.869998931884766,43.380001068115234,42.790000915527344,43.0,41.00041198730469,3488100
2025-07-07,WEGE3,43.0,43.11000061035156,42.2400016784668,42.33000183105469,40.36156463623047,4161300
2025-07-08,WEGE3,42.689998626708984,42.689998626708984,40.439998626708984,40.61000061035156,38.721553802490234,11029800
2025-07-09,WEGE3,40.5,40.54999923706055,39.959999084472656,40.11000061035156,38.24480438232422,11678900
2025-07-10,WEGE3,39.439998626708984,40.2400016784668,39.189998626708984,39.900001525878906,38.04456329345703,12622900
2025-07-11,WEGE3,39.86000061035156,40.08000183105469,39.369998931884766,39.75,37.90154266357422,11076600
2025-07-14,WEGE3,39.58000183105469,40.099998474121094,39.529998779296875,39.529998779296875,37.6917724609375,5026100
2025-07-15,WEGE3,39.599998474121094,39.970001220703125,39.220001220703125,39.66999816894531,37.825260162353516,7131200
2025-07-16,WEGE3,39.849998474121094,41.29999923706055,39.70000076293945,41.119998931884766,39.20783615112305,11531300
2025-07-17,WEGE3,41.400001525878906,42.5099983215332,41.380001068115234,42.09000015258789,40.13273239135742,17894300
2025-07-18,WEGE3,42.2400016784668,42.880001068115234,42.02000045776367,42.369998931884766,40.39970016479492,13711800
2025-07-21,WEGE3,43.040000915527344,43.04999923706055,41.779998779296875,41.970001220703125,40.018306732177734,7733200
2025-07-22,WEGE3,42.0,42.25,41.31999969482422,41.31999969482422,39.39853286743164,8965700
2025-07-23,WEGE3,39.310001373291016,39.939998626708984,38.0099983215332,38.0099983215332,36.242454528808594,31116000
2025-07-24,WEGE3,38.20000076293945,38.599998474121094,36.08000183105469,36.22999954223633,34.545230865478516,30042500
2025-07-25,WEGE3,36.4900016784668,36.599998474121094,35.939998626708984,36.16999816894531,34.488014221191406,19069200
2025-07-28,WEGE3,36.099998474121094,36.72999954223633,36.0,36.72999954223633,35.18877410888672,11133300
2025-07-29,WEGE3,37.150001525878906,37.939998626708984,36.58000183105469,36.58000183105469,35.045074462890625,14293400
2025-07-30,WEGE3,36.650001525878906,37.47999954223633,35.75,36.849998474121094,35.303741455078125,18990800
2025-07-31,WEGE3,36.61000061035156,37.33000183105469,35.900001525878906,37.11000061035156,35.55283737182617,15042800
2025-08-01,WEGE3,37.27000045776367,37.31999969482422,36.34000015258789,37.18000030517578,35.61989212036133,16118400
2025-08-04,WEGE3,37.40999984741211,37.790000915527344,37.02000045776367,37.06999969482422,35.51451110839844,6629900
2025-08-05,WEGE3,37.06999969482422,37.40999984741211,36.93000030517578,37.130001068115234,35.57199478149414,5735100
2025-08-06,WEGE3,37.400001525878906,38.220001220703125,37.31999969482422,38.15999984741211,36.55876922607422,9789400
2025-08-07,WEGE3,38.18000030517578,39.630001068115234,38.15999984741211,39.0,37.363525390625,14205400
2025-08-08,WEGE3,38.93000030517578,39.34000015258789,37.959999084472656,38.099998474121094,36.501285552978516,7471100
2025-08-11,WEGE3,38.130001068115234,38.16999816894531,37.029998779296875,37.220001220703125,35.65821838378906,9567300
2025-08-12,WEGE3,37.650001525878906,37.650001525878906,36.52000045776367,36.61000061035156,35.073814392089844,6654500
2025-08-13,WEGE3,36.619998931884766,36.880001068115234,36.2599983215332,36.619998931884766,35.08339309692383,7988800
2025-08-14,WEGE3,36.43000030517578,36.880001068115234,36.04999923706055,36.4900016784668,34.9588508605957,5821900
2025-08-15,WEGE3,36.79999923706055,36.79999923706055,35.720001220703125,35.970001220703125,34.460670471191406,7183300
2025-08-18,WEGE3,36.150001525878906,36.560001373291016,36.08000183105469,36.40999984741211,34.882205963134766,5425600
2025-08-19,WEGE3,36.0,36.130001068115234,35.369998931884766,35.599998474121094,34.1061897277832,5848800
2025-08-20,WEGE3,35.540000915527344,36.06999969482422,35.25,36.06999969482422,34.55647277832031,7037900
2025-08-21,WEGE3,35.81999969482422,36.290000915527344,35.81999969482422,35.90999984741211,34.4031867980957,4723200
2025-08-22,WEGE3,36.150001525878906,37.54999923706055,35.93000030517578,37.5,35.92646408081055,10637800
2025-08-25,WEGE3,37.63999938964844,37.9900016784668,37.459999084472656,37.72999954223633,36.146820068359375,8394800
2025-08-26,WEGE3,37.79999923706055,37.939998626708984,37.369998931884766,37.59000015258789,36.0126953125,13465700
2025-08-27,WEGE3,37.68000030517578,38.06999969482422,37.369998931884766,37.7400016784668,36.15639877319336,7509800
2025-08-28,WEGE3,38.0,38.31999969482422,37.63999938964844,37.81999969482422,36.233036041259766,11601700
2025-08-29,WEGE3,37.86000061035156,38.099998474121094,37.58000183105469,37.65999984741211,36.07975387573242,12724500
2025-09-01,WEGE3,37.93000030517578,37.9900016784668,37.5,37.810001373291016,36.22345733642578,4831500
2025-09-02,WEGE3,37.540000915527344,38.0,37.470001220703125,37.68000030517578,36.09891128540039,7248500
2025-09-03,WEGE3,37.77000045776367,37.86000061035156,37.40999984741211,37.849998474121094,36.26177978515625,8758100
2025-09-04,WEGE3,37.72999954223633,37.95000076293945,37.25,37.25,35.68696212768555,8614300
2025-09-05,WEGE3,37.54999923706055,38.2400016784668,37.54999923706055,37.849998474121094,36.26177978515625,6112300
2025-09-08,WEGE3,37.86000061035156,38.0,37.18000030517578,37.439998626708984,35.86898422241211,6063500
2025-09-09,WEGE3,37.2599983215332,37.630001068115234,36.959999084472656,36.97999954223633,35.42828369140625,5401000
2025-09-10,WEGE3,37.0,37.54999923706055,36.959999084472656,37.279998779296875,35.715694427490234,6369400
2025-09-11,WEGE3,37.38999938964844,37.45000076293945,36.709999084472656,36.83000183105469,35.284584045410156,6560300
2025-09-12,WEGE3,36.630001068115234,37.0,36.470001220703125,36.95000076293945,35.3995475769043,4908900
2025-09-15,WEGE3,36.66999816894531,37.029998779296875,36.29999923706055,36.5099983215332,34.97800827026367,6287600
2025-09-16,WEGE3,36.72999954223633,36.90999984741211,36.439998626708984,36.77000045776367,35.22710418701172,6047700
2025-09-17,WEGE3,36.790000915527344,36.97999954223633,36.459999084472656,36.709999084472656,35.16961669921875,9531700
2025-09-18,WEGE3,36.810001373291016,36.95000076293945,36.40999984741211,36.72999954223633,35.18877410888672,7699800
2025-09-19,WEGE3,36.72999954223633,36.9900016784668,36.349998474121094,36.349998474121094,34.82472229003906,9696300
2025-09-22,WEGE3,36.31999969482422,37.2400016784668,36.06999969482422,37.11000061035156,35.55283737182617,17499300
2025-09-23,WEGE3,37.11000061035156,37.40999984741211,36.630001068115234,36.70000076293945,35.1600341796875,6867600
2025-09-24,WEGE3,36.7400016784668,37.09000015258789,36.599998474121094,36.88999938964844,35.342063903808594,4562300
2025-09-25,WEGE3,36.9900016784668,36.9900016784668,36.11000061035156,36.349998474121094,34.82472229003906,8075800
2025-09-26,WEGE3,36.4900016784668,36.599998474121094,36.209999084472656,36.31999969482422,34.79597854614258,4491900
2025-09-29,WEGE3,36.970001220703125,36.970001220703125,36.029998779296875,36.369998931884766,34.9499626159668,4873200
2025-09-30,WEGE3,36.599998474121094,36.790000915527344,36.25,36.59000015258789,35.16136932373047,7668000
2025-10-01,WEGE3,36.290000915527344,36.36000061035156,35.52000045776367,35.790000915527344,34.392608642578125,11275700
2025-10-02,WEGE3,35.869998931884766,36.349998474121094,35.7400016784668,36.130001068115234,34.71933364868164,8501800
2025-10-03,WEGE3,36.20000076293945,37.150001525878906,36.189998626708984,36.400001525878906,34.978790283203125,7971200
2025-10-06,WEGE3,36.40999984741211,36.56999969482422,35.540000915527344,35.68000030517578,34.28689956665039,10721600
2025-10-07,WEGE3,35.66999816894531,36.310001373291016,35.599998474121094,35.72999954223633,34.3349494934082,5190500
2025-10-08,WEGE3,35.88999938964844,36.0099983215332,35.40999984741211,35.5,34.113929748535156,6387700
2025-10-09,WEGE3,35.61000061035156,37.349998474121094,35.61000061035156,37.20000076293945,35.74755096435547,14768200
2025-10-10,WEGE3,37.25,37.68000030517578,36.689998626708984,36.689998626708984,35.25746536254883,10273600
2025-10-13,WEGE3,36.790000915527344,37.959999084472656,36.779998779296875,37.84000015258789,36.36256408691406,11420200
2025-10-14,WEGE3,37.68000030517578,38.099998474121094,37.310001373291016,37.33000183105469,35.87248229980469,10186200
2025-10-15,WEGE3,37.380001068115234,37.849998474121094,37.279998779296875,37.41999816894531,35.958961486816406,7314800
2025-10-16,WEGE3,37.59000015258789,38.58000183105469,37.29999923706055,38.43000030517578,36.929527282714844,10795000
2025-10-17,WEGE3,38.310001373291016,40.65999984741211,38.22999954223633,40.150001525878906,38.582374572753906,28853800
2025-10-20,WEGE3,40.09000015258789,40.20000076293945,39.540000915527344,39.540000915527344,37.996192932128906,12463500
2025-10-21,WEGE3,39.63999938964844,39.97999954223633,39.380001068115234,39.66999816894531,38.12111282348633,10407600
2025-10-22,WEGE3,39.20000076293945,40.779998779296875,38.68000030517578,40.02000045776367,38.45745086669922,16229100
2025-10-23,WEGE3,40.47999954223633,41.66999816894531,40.189998626708984,41.439998626708984,39.82200241088867,15783500
2025-10-24,WEGE3,41.45000076293945,41.790000915527344,41.0,41.369998931884766,39.754737854003906,10015800
2025-10-27,WEGE3,42.0,42.349998474121094,41.5,41.66999816894531,40.043025970458984,11591400
2025-10-28,WEGE3,41.75,42.86000061035156,41.66999816894531,42.31999969482422,40.66764831542969,9574200
2025-10-29,WEGE3,42.43000030517578,43.22999954223633,41.97999954223633,42.04999923706055,40.40818786621094,12072900
2025-10-30,WEGE3,41.91999816894531,42.08000183105469,41.310001373291016,41.45000076293945,39.83161926269531,11980500
2025-10-31,WEGE3,41.709999084472656,42.15999984741211,41.439998626708984,42.099998474121094,40.45623779296875,12528200
2025-11-03,WEGE3,42.38999938964844,42.900001525878906,41.97999954223633,42.79999923706055,41.128910064697266,8375200
2025-11-04,WEGE3,42.79999923706055,43.189998626708984,42.72999954223633,42.75,41.08086013793945,7341200
2025-11-05,WEGE3,42.75,43.599998474121094,42.43000030517578,43.5099983215332,41.811180114746094,6623200
2025-11-06,WEGE3,43.5,44.130001068115234,43.33000183105469,43.90999984741211,42.1955680847168,11139300
2025-11-07,WEGE3,43.900001525878906,45.119998931884766,43.70000076293945,45.0,43.24300765991211,12825500
2025-11-10,WEGE3,45.20000076293945,45.38999938964844,44.959999084472656,45.369998931884766,43.59856033325195,10066300
2025-11-11,WEGE3,45.7599983215332,46.63999938964844,45.5,46.029998779296875,44.232791900634766,10291400
2025-11-12,WEGE3,45.95000076293945,46.20000076293945,44.720001220703125,44.88999938964844,43.13730239868164,10226300
2025-11-13,WEGE3,44.79999923706055,45.130001068115234,44.41999816894531,44.81999969482422,43.070037841796875,10736800
2025-11-14,WEGE3,44.63999938964844,44.959999084472656,44.209999084472656,44.439998626708984,42.704872131347656,6639800
2025-11-17,WEGE3,44.29999923706055,44.5099983215332,43.68000030517578,43.970001220703125,42.25322723388672,9531800
2025-11-18,WEGE3,43.83000183105469,43.93000030517578,43.439998626708984,43.439998626708984,41.743919372558594,7190100
2025-11-19,WEGE3,43.400001525878906,43.88999938964844,43.20000076293945,43.650001525878906,41.945716857910156,7656600
2025-11-21,WEGE3,43.459999084472656,43.86000061035156,42.689998626708984,43.220001220703125,41.53251266479492,9992100
2025-11-24,WEGE3,43.40999984741211,43.40999984741211,43.0099983215332,43.189998626708984,41.50367736816406,12391300
2025-11-25,WEGE3,43.43000030517578,43.4900016784668,42.77000045776367,42.959999084472656,41.28266525268555,4409100
2025-11-26,WEGE3,43.119998931884766,44.650001525878906,43.119998931884766,44.400001525878906,42.666439056396484,8639200
2025-11-27,WEGE3,44.58000183105469,44.630001068115234,44.0099983215332,44.04999923706055,42.33009719848633,3006400
2025-11-28,WEGE3,44.04999923706055,44.38999938964844,43.470001220703125,44.25,42.52229690551758,7531800
2025-12-01,WEGE3,44.68000030517578,45.43000030517578,44.0,45.18000030517578,43.415985107421875,17188500
2025-12-02,WEGE3,45.20000076293945,45.939998626708984,44.880001068115234,45.61000061035156,43.82918930053711,5818500
2025-12-03,WEGE3,45.79999923706055,45.810001373291016,45.04999923706055,45.04999923706055,43.29105758666992,10377300
2025-12-04,WEGE3,44.880001068115234,45.5,44.650001525878906,45.5,44.167606353759766,7415000
2025-12-05,WEGE3,45.5,46.88999938964844,45.5,46.70000076293945,45.33246994018555,15748300
2025-12-08,WEGE3,46.400001525878906,47.86000061035156,46.400001525878906,47.77000045776367,46.37113571166992,10859600
2025-12-09,WEGE3,47.5,47.810001373291016,46.810001373291016,47.65999984741211,46.26435470581055,8650500
2025-12-10,WEGE3,47.70000076293945,48.56999969482422,47.5,48.470001220703125,47.050636291503906,4290600
2025-12-11,WEGE3,48.59000015258789,48.779998779296875,48.11000061035156,48.54999923706055,47.128292083740234,5154200
2025-12-12,WEGE3,48.70000076293945,49.52000045776367,47.97999954223633,49.52000045776367,48.069889068603516,9931700
2025-12-15,WEGE3,49.56999969482422,50.0,49.060001373291016,49.68000030517578,48.22520065307617,12049800
2025-12-16,WEGE3,49.290000915527344,50.099998474121094,49.04999923706055,49.939998626708984,48.47759246826172,10274800
2025-12-17,WEGE3,50.0,50.209999084472656,49.310001373291016,49.79999923706055,48.34169006347656,10202400
2025-12-18,WEGE3,49.63999938964844,50.65999984741211,49.56999969482422,50.0,48.535831451416016,5144100
2025-12-19,WEGE3,50.0,50.720001220703125,49.29999923706055,49.720001220703125,48.264034271240234,12839100
2025-12-22,WEGE3,48.70000076293945,48.849998474121094,47.18000030517578,47.65999984741211,47.44621276855469,6391700
2025-12-23,WEGE3,47.810001373291016,48.279998779296875,47.720001220703125,48.279998779296875,48.06343078613281,4886100
2025-12-26,WEGE3,48.02000045776367,48.75,47.97999954223633,48.75,48.53132247924805,1829300
2025-12-29,WEGE3,48.9900016784668,49.060001373291016,48.27000045776367,48.709999084472656,48.49150085449219,3845900
2025-12-30,WEGE3,48.779998779296875,49.04999923706055,48.279998779296875,48.5099983215332,48.292396545410156,4334800
2026-01-02,WEGE3,48.5099983215332,49.099998474121094,48.150001525878906,48.25,48.033565521240234,4801300
2026-01-05,WEGE3,48.2599983215332,48.86000061035156,48.04999923706055,48.08000183105469,47.86433029174805,4531300
2026-01-06,WEGE3,48.529998779296875,48.68000030517578,47.599998474121094,48.16999816894531,47.953922271728516,5168600
2026-01-07,WEGE3,48.0,48.040000915527344,47.529998779296875,47.70000076293945,47.48603057861328,4904900
2026-01-08,WEGE3,47.54999923706055,47.810001373291016,45.65999984741211,45.709999084472656,45.50495910644531,9557100
2026-01-09,WEGE3,45.75,46.380001068115234,45.65999984741211,46.099998474121094,45.89320755004883,4871300
2026-01-12,WEGE3,45.93000030517578,46.9900016784668,45.810001373291016,46.75,46.5402946472168,4361500
2026-01-13,WEGE3,46.709999084472656,46.7599983215332,45.810001373291016,46.400001525878906,46.191864013671875,5294900
2026-01-14,WEGE3,46.45000076293945,47.099998474121094,46.06999969482422,47.0099983215332,46.79912567138672,6175000
2026-01-15,WEGE3,47.349998474121094,47.349998474121094,46.22999954223633,46.439998626708984,46.23168182373047,4604100
2026-01-16,WEGE3,46.650001525878906,47.09000015258789,45.5,46.31999969482422,46.11222457885742,9477300
2026-01-19,WEGE3,46.33000183105469,46.7400016784668,45.79999923706055,46.220001220703125,46.012672424316406,5052000
2026-01-20,WEGE3,46.540000915527344,47.279998779296875,46.0,46.43000030517578,46.22172927856445,5987900
2026-01-21,WEGE3,47.0,47.9900016784668,46.650001525878906,47.59000015258789,47.37652587890625,7600400
2026-01-22,WEGE3,47.900001525878906,49.54999923706055,47.56999969482422,49.22999954223633,49.00917053222656,14397700
2026-01-23,WEGE3,49.349998474121094,51.189998626708984,49.16999816894531,49.869998931884766,49.646297454833984,9064000
2026-01-26,WEGE3,50.0,51.75,50.0,51.61000061035156,51.37849426269531,14664900
2026-01-27,WEGE3,52.0,53.08000183105469,51.59000015258789,52.70000076293945,52.46360778808594,11316600
2026-01-28,WEGE3,52.70000076293945,53.0,50.720001220703125,51.56999969482422,51.33867263793945,13110700
2026-01-29,WEGE3,52.06999969482422,53.38999938964844,51.59000015258789,52.06999969482422,51.836429595947266,9387700
2026-01-30,WEGE3,52.099998474121094,52.29999923706055,51.529998779296875,51.720001220703125,51.48800277709961,7212600
2026-02-02,WEGE3,51.77000045776367,52.38999938964844,51.31999969482422,51.95000076293945,51.71696853637695,6846500
2026-02-03,WEGE3,52.79999923706055,54.0,52.2400016784668,54.0,53.757774353027344,6917500
2026-02-04,WEGE3,53.439998626708984,53.45000076293945,51.189998626708984,51.400001525878906,51.169437408447266,8893000
2026-02-05,WEGE3,51.45000076293945,53.27000045776367,51.43000030517578,52.209999084472656,51.97580337524414,7437700
2026-02-06,WEGE3,52.369998931884766,52.79999923706055,51.5,51.849998474121094,51.61741638183594,5766400
2026-02-09,WEGE3,52.0,53.88999938964844,51.709999084472656,53.75,53.50889205932617,7661100
2026-02-10,WEGE3,53.70000076293945,53.97999954223633,52.02000045776367,52.400001525878906,52.16495132446289,8866200
2026-02-11,WEGE3,53.04999923706055,53.97999954223633,52.630001068115234,53.59000015258789,53.349613189697266,6680100
2026-02-12,WEGE3,53.2599983215332,54.06999969482422,52.59000015258789,54.029998779296875,53.787635803222656,6660500
2026-02-13,WEGE3,53.2400016784668,54.52000045776367,53.150001525878906,53.79999923706055,53.55867004394531,7178500
2026-02-18,WEGE3,54.529998779296875,54.529998779296875,53.2400016784668,53.38999938964844,53.15050506591797,7766100
2026-02-19,WEGE3,53.43000030517578,54.0,50.849998474121094,51.369998931884766,51.13956832885742,11680200
2026-02-20,WEGE3,51.20000076293945,52.599998474121094,49.900001525878906,51.9900016784668,51.75679016113281,14808500
2026-02-23,WEGE3,51.540000915527344,52.43000030517578,51.220001220703125,51.970001220703125,51.736881256103516,5164300
2026-02-24,WEGE3,51.970001220703125,52.209999084472656,51.22999954223633,51.40999984741211,51.17939376831055,11974100
2026-02-25,WEGE3,51.130001068115234,51.41999816894531,49.959999084472656,50.279998779296875,50.0544548034668,10719400
2026-02-26,WEGE3,49.900001525878906,49.9900016784668,48.11000061035156,49.380001068115234,49.15849685668945,9902400
2026-02-27,WEGE3,49.31999969482422,49.79999923706055,48.709999084472656,49.70000076293945,49.4770622253418,7316400
2026-03-02,WEGE3,49.29999923706055,49.29999923706055,48.43000030517578,48.689998626708984,48.471588134765625,5402000
2026-03-03,WEGE3,47.220001220703125,48.18000030517578,46.04999923706055,47.400001525878906,47.1873779296875,13648400
2026-03-04,WEGE3,48.0,48.220001220703125,46.81999969482422,47.34000015258789,47.127647399902344,6449100
2026-03-05,WEGE3,47.099998474121094,47.470001220703125,46.47999954223633,46.709999084472656,46.50046920776367,7897500
2026-03-06,WEGE3,46.599998474121094,47.349998474121094,46.18000030517578,46.619998931884766,46.4108772277832,5517900
2026-03-09,WEGE3,46.540000915527344,47.2400016784668,45.869998931884766,46.58000183105469,46.371055603027344,5742300
2026-03-10,WEGE3,47.02000045776367,47.95000076293945,46.20000076293945,47.189998626708984,46.97831726074219,5655000
2026-03-11,WEGE3,47.0,47.58000183105469,46.599998474121094,46.880001068115234,46.669708251953125,3420400
2026-03-12,WEGE3,46.72999954223633,46.79999923706055,45.08000183105469,45.81999969482422,45.614463806152344,7215300
2026-03-13,WEGE3,46.5,46.88999938964844,45.90999984741211,46.209999084472656,46.002716064453125,4406200
2026-03-16,WEGE3,47.220001220703125,47.220001220703125,45.560001373291016,45.970001220703125,45.7637939453125,5913000
2026-03-17,WEGE3,45.84000015258789,47.27000045776367,45.7400016784668,46.20000076293945,45.99276351928711,5780200
2026-03-18,WEGE3,46.150001525878906,46.75,45.93000030517578,46.15999984741211,45.95294189453125,5688200
2026-03-19,WEGE3,45.0,46.81999969482422,44.95000076293945,46.59000015258789,46.381011962890625,5299300
2026-03-20,WEGE3,46.5,46.529998779296875,45.439998626708984,45.959999084472656,45.75383758544922,10234300
2026-03-23,WEGE3,46.52000045776367,47.810001373291016,46.279998779296875,47.25,47.140743255615234,5584500
2026-03-24,WEGE3,47.25,47.61000061035156,46.52000045776367,47.45000076293945,47.34028244018555,5779900
2026-03-25,WEGE3,48.279998779296875,48.970001220703125,47.66999816894531,48.18000030517578,48.0685920715332,8453500
2026-03-26,WEGE3,47.790000915527344,48.349998474121094,47.29999923706055,47.52000045776367,47.410118103027344,4612800
2026-03-27,WEGE3,47.540000915527344,47.68000030517578,46.91999816894531,47.40999984741211,47.30037307739258,3314900
2026-03-30,WEGE3,48.7599983215332,49.7599983215332,48.380001068115234,49.04999923706055,48.936580657958984,8682700
2026-03-31,WEGE3,49.56999969482422,51.349998474121094,49.41999816894531,51.0099983215332,50.89204788208008,11795500
2026-04-01,WEGE3,51.369998931884766,51.650001525878906,50.75,51.0099983215332,50.89204788208008,12831600
2026-04-02,WEGE3,49.5,51.4900016784668,49.400001525878906,50.310001373291016,50.193668365478516,7547300
2026-04-06,WEGE3,50.310001373291016,50.90999984741211,50.06999969482422,50.619998931884766,50.50294876098633,2617700
2026-04-07,WEGE3,50.22999954223633,50.7400016784668,49.540000915527344,50.650001525878906,50.53288269042969,3983500
2026-04-08,WEGE3,52.2400016784668,52.900001525878906,51.91999816894531,52.77000045776367,52.647979736328125,10118800
2026-04-09,WEGE3,52.54999923706055,52.869998931884766,51.900001525878906,52.5,52.378604888916016,6218000
2026-04-10,WEGE3,52.5,53.34000015258789,52.310001373291016,52.880001068115234,52.75772476196289,6331700
2026-04-13,WEGE3,52.77000045776367,52.880001068115234,52.040000915527344,52.040000915527344,51.91967010498047,5536700
2026-04-14,WEGE3,52.290000915527344,52.349998474121094,50.59000015258789,51.900001525878906,51.779991149902344,11897600
2026-04-15,WEGE3,51.900001525878906,52.099998474121094,49.310001373291016,49.959999084472656,49.84447479248047,14915400
2026-04-16,WEGE3,50.20000076293945,50.25,48.15999984741211,48.400001525878906,48.2880859375,10979400
2026-04-17,WEGE3,49.099998474121094,49.95000076293945,48.599998474121094,48.650001525878906,48.537506103515625,9369900
2026-04-20,WEGE3,48.75,49.02000045776367,48.2400016784668,48.47999954223633,48.36790084838867,4448400
2026-04-22,WEGE3,48.279998779296875,48.93000030517578,46.619998931884766,47.189998626708984,47.08087921142578,10210700
2026-04-23,WEGE3,47.459999084472656,49.04999923706055,47.29999923706055,48.279998779296875,48.16836166381836,10526700
2026-04-24,WEGE3,48.630001068115234,48.630001068115234,47.369998931884766,47.79999923706055,47.68947219848633,5113600
2026-04-27,WEGE3,47.880001068115234,48.5099983215332,47.619998931884766,48.189998626708984,48.07856750488281,5188300
2026-04-28,WEGE3,47.70000076293945,48.0,47.0099983215332,47.290000915527344,47.1806526184082,6446500
2026-04-29,WEGE3,46.02000045776367,46.790000915527344,43.900001525878906,44.099998474121094,43.99802780151367,18546300
2026-04-30,WEGE3,44.31999969482422,45.459999084472656,44.099998474121094,44.86000061035156,44.75627136230469,11343400
2026-05-04,WEGE3,44.91999816894531,45.119998931884766,44.029998779296875,44.36000061035156,44.25742721557617,7037600
2026-05-05,WEGE3,44.27000045776367,44.7400016784668,43.470001220703125,43.540000915527344,43.43932342529297,7527400
2026-05-06,WEGE3,44.06999969482422,45.349998474121094,44.0,44.939998626708984,44.836082458496094,6614900
2026-05-07,WEGE3,44.77000045776367,45.04999923706055,44.310001373291016,44.310001373291016,44.207542419433594,4182700
2026-05-08,WEGE3,44.810001373291016,46.56999969482422,44.709999084472656,45.52000045776367,45.41474533081055,10953200
2026-05-11,WEGE3,45.119998931884766,45.279998779296875,44.02000045776367,44.15999984741211,44.05788803100586,6362800
2026-05-12,WEGE3,44.0099983215332,44.119998931884766,43.040000915527344,43.38999938964844,43.289669036865234,7511100
2026-05-13,WEGE3,43.380001068115234,43.5,42.189998626708984,43.310001373291016,43.20985412597656,9255500
2026-05-14,WEGE3,43.86000061035156,44.470001220703125,43.58000183105469,43.720001220703125,43.6189079284668,7130800
2026-05-15,WEGE3,43.130001068115234,43.5,42.83000183105469,43.130001068115234,43.030269622802734,5283900
2026-05-18,WEGE3,43.27000045776367,43.27000045776367,42.0099983215332,42.34000015258789,42.242095947265625,6993100
2026-05-19,WEGE3,42.189998626708984,42.41999816894531,41.5099983215332,41.81999969482422,41.72330093383789,6814600
2026-05-20,WEGE3,42.25,42.900001525878906,41.810001373291016,42.58000183105469,42.481544494628906,6975500
2026-05-21,WEGE3,42.119998931884766,42.83000183105469,41.93000030517578,42.470001220703125,42.37179946899414,3527300
2026-05-22,WEGE3,42.13999938964844,43.27000045776367,42.04999923706055,42.72999954223633,42.631195068359375,4827600
2026-05-25,WEGE3,43.27000045776367,43.52000045776367,43.0,43.310001373291016,43.20985412597656,2514500
2026-05-26,WEGE3,43.0,43.439998626708984,42.65999984741211,43.439998626708984,43.33955383300781,3932200
2026-05-27,WEGE3,44.18000030517578,44.36000061035156,43.400001525878906,43.45000076293945,43.34953308105469,3920700
2026-05-28,WEGE3,43.88999938964844,44.0,43.279998779296875,43.720001220703125,43.6189079284668,4259200
2026-05-29,WEGE3,43.599998474121094,44.29999923706055,43.099998474121094,44.099998474121094,43.99802780151367,25788200
2026-06-01,WEGE3,44.54999923706055,44.86000061035156,42.84000015258789,43.0,42.900569915771484,10985100
2026-06-02,WEGE3,42.880001068115234,43.36000061035156,41.630001068115234,42.0,41.90288162231445,9991100
2026-06-03,WEGE3,41.599998474121094,42.45000076293945,41.290000915527344,41.779998779296875,41.68339157104492,6573100
2026-06-05,WEGE3,41.91999816894531,42.65999984741211,41.52000045776367,42.459999084472656,42.361820220947266,10064100
2026-06-08,WEGE3,42.54999923706055,44.36000061035156,42.31999969482422,44.0,43.898258209228516,9657900
2026-06-09,WEGE3,44.09000015258789,44.16999816894531,42.779998779296875,43.33000183105469,43.22980880737305,9564900
2026-06-10,WEGE3,43.130001068115234,43.220001220703125,42.06999969482422,42.38999938964844,42.2919807434082,7939100
2026-06-11,WEGE3,42.11000061035156,42.790000915527344,41.68000030517578,42.349998474121094,42.252071380615234,9103200
2026-06-12,WEGE3,41.86000061035156,43.22999954223633,41.86000061035156,42.61000061035156,42.511474609375,5024100
2026-06-15,WEGE3,43.27000045776367,43.959999084472656,42.45000076293945,42.779998779296875,42.68107986450195,6230000
2026-06-16,WEGE3,42.779998779296875,43.06999969482422,42.18000030517578,42.83000183105469,42.73096466064453,5226700
2026-06-17,WEGE3,42.619998931884766,44.38999938964844,42.599998474121094,43.79999923706055,43.6987190246582,9704200
2026-06-18,WEGE3,43.810001373291016,46.22999954223633,43.810001373291016,45.810001373291016,45.70407485961914,16176500
2026-06-19,WEGE3,46.04999923706055,46.20000076293945,44.849998474121094,45.15999984741211,45.05557632446289,10422100
2026-06-22,WEGE3,45.02000045776367,45.79999923706055,44.61000061035156,45.25,45.25,5109100
2026-06-23,WEGE3,44.959999084472656,46.13999938964844,44.43000030517578,45.709999084472656,45.709999084472656,8107300
2026-06-24,WEGE3,45.529998779296875,46.61000061035156,45.380001068115234,46.61000061035156,46.61000061035156,9621200
2026-06-25,WEGE3,46.88999938964844,47.369998931884766,46.22999954223633,46.5,46.5,7163600
2026-06-26,WEGE3,46.599998474121094,47.31999969482422,46.18000030517578,46.900001525878906,46.900001525878906,6014600
2026-06-29,WEGE3,46.900001525878906,46.900001525878906,46.0099983215332,46.790000915527344,46.790000915527344,3248800
2026-06-30,WEGE3,46.25,47.13999938964844,46.18000030517578,46.90999984741211,46.90999984741211,6927400
2026-07-01,WEGE3,46.90999984741211,47.130001068115234,46.099998474121094,46.2599983215332,46.2599983215332,4539000
2026-07-02,WEGE3,46.400001525878906,46.45000076293945,45.90999984741211,46.2599983215332,46.2599983215332,7406500
2026-07-03,WEGE3,46.29999923706055,46.900001525878906,46.27000045776367,46.47999954223633,46.47999954223633,2348100
2026-07-06,WEGE3,46.20000076293945,46.54999923706055,45.77000045776367,46.2599983215332,46.2599983215332,3598900
2026-07-07,WEGE3,46.25,46.43000030517578,45.7599983215332,45.869998931884766,45.869998931884766,4428600
2026-07-08,WEGE3,45.70000076293945,45.97999954223633,45.119998931884766,45.349998474121094,45.349998474121094,3293300
2026-07-09,WEGE3,45.5099983215332,45.939998626708984,45.15999984741211,45.7400016784668,45.7400016784668,4324900
2026-07-10,WEGE3,46.79999923706055,46.79999923706055,46.11000061035156,46.5099983215332,46.5099983215332,7150700
2026-07-13,WEGE3,46.4900016784668,46.4900016784668,44.189998626708984,44.38999938964844,44.38999938964844,10194000
2026-07-14,WEGE3,44.619998931884766,44.779998779296875,44.150001525878906,44.20000076293945,44.20000076293945,6736400
2026-07-15,WEGE3,44.209999084472656,44.369998931884766,43.209999084472656,44.2599983215332,44.2599983215332,7916900
2026-07-16,WEGE3,44.06999969482422,44.349998474121094,43.119998931884766,43.4900016784668,43.4900016784668,5658700
2026-07-17,WEGE3,43.29999923706055,44.02000045776367,43.150001525878906,43.630001068115234,43.630001068115234,8201000
2026-07-20,WEGE3,43.630001068115234,43.790000915527344,43.02000045776367,43.130001068115234,43.130001068115234,3975400
2026-07-21,WEGE3,43.09000015258789,43.34000015258789,42.459999084472656,42.470001220703125,42.470001220703125,8949800
2026-07-22,WEGE3,44.79999923706055,47.060001373291016,44.79999923706055,46.7400016784668,46.7400016784668,34084500
2026-07-23,WEGE3,46.43000030517578,46.86000061035156,44.68000030517578,45.66999816894531,45.66999816894531,13598900
2026-07-24,WEGE3,45.41999816894531,46.189998626708984,44.939998626708984,45.9900016784668,45.9900016784668,7721100
2026-07-27,WEGE3,48.04999923706055,48.4900016784668,45.470001220703125,46.400001525878906,46.400001525878906,12593500
2026-07-28,WEGE3,47.04999923706055,47.56999969482422,46.209999084472656,46.70000076293945,46.70000076293945,10923600
2026-07-29,WEGE3,46.61000061035156,46.68000030517578,45.33000183105469,45.63999938964844,45.63999938964844,6456400
2026-07-30,WEGE3,45.91999816894531,46.959999084472656,45.810001373291016,46.81999969482422,46.81999969482422,7612900
2026-07-31,WEGE3,47.0,47.77000045776367,46.90999984741211,47.20000076293945,47.20000076293945,5153000
2026-08-03,WEGE3,47.900001525878906,48.630001068115234,47.27000045776367,48.20000076293945,48.20000076293945,6927700
2026-08-04,WEGE3,48.900001525878906,49.16999816894531,48.369998931884766,49.16999816894531,49.16999816894531,6265600
2026-08-05,WEGE3,49.18000030517578,49.959999084472656,48.79999923706055,48.79999923706055,48.79999923706055,5897400
2026-08-06,WEGE3,48.79999923706055,49.130001068115234,48.25,48.400001525878906,48.400001525878906,5958300
2026-08-07,WEGE3,48.119998931884766,48.400001525878906,47.65999984741211,48.119998931884766,48.119998931884766,6880500
2026-08-10,WEGE3,47.630001068115234,48.130001068115234,47.470001220703125,47.630001068115234,47.630001068115234,3125400
2026-08-11,WEGE3,47.56999969482422,47.939998626708984,46.93000030517578,47.36000061035156,47.36000061035156,5572800
2026-08-12,WEGE3,47.36000061035156,48.08000183105469,47.36000061035156,47.63999938964844,47.63999938964844,8033500
2026-08-13,WEGE3,47.400001525878906,48.13999938964844,47.2400016784668,47.5,47.5,4982500
2026-08-14,WEGE3,47.5,47.61000061035156,46.65999984741211,47.5,47.5,7327700
2026-08-17,WEGE3,47.5,48.400001525878906,47.4900016784668,47.9900016784668,47.9900016784668,7151700
2026-08-18,WEGE3,47.84000015258789,48.52000045776367,47.599998474121094,48.470001220703125,48.470001220703125,5889600
2026-08-19,WEGE3,48.650001525878906,48.970001220703125,48.20000076293945,48.5099983215332,48.5099983215332,5763600
2026-08-20,WEGE3,48.0,49.08000183105469,47.75,48.400001525878906,48.400001525878906,5478400
2026-08-21,WEGE3,48.4900016784668,49.63999938964844,48.209999084472656,49.27000045776367,49.27000045776367,7851700
2026-08-24,WEGE3,48.90999984741211,49.66999816894531,48.63999938964844,49.06999969482422,49.06999969482422,7208200
2026-08-25,WEGE3,49.0099983215332,49.849998474121094,48.16999816894531,49.58000183105469,49.58000183105469,10726700
2026-08-26,WEGE3,49.779998779296875,50.52000045776367,49.630001068115234,50.41999816894531,50.41999816894531,6706500
2026-08-27,WEGE3,49.9900016784668,51.099998474121094,49.9900016784668,50.25,50.25,8768100
2026-08-28,WEGE3,50.31999969482422,50.45000076293945,49.869998931884766,49.97999954223633,49.97999954223633,3841400
2026-08-31,WEGE3,50.22999954223633,50.54999923706055,49.529998779296875,50.150001525878906,50.150001525878906,11278700
2026-09-01,WEGE3,50.310001373291016,50.540000915527344,49.54999923706055,49.70000076293945,49.70000076293945,7960100
2026-09-02,WEGE3,50.0,51.0,49.630001068115234,50.84000015258789,50.84000015258789,9517600
2026-09-03,WEGE3,51.220001220703125,52.38999938964844,50.970001220703125,52.060001373291016,52.060001373291016,10693400
2026-09-04,WEGE3,51.939998626708984,52.540000915527344,51.08000183105469,51.7400016784668,51.7400016784668,6753800
2026-09-08,WEGE3,52.650001525878906,52.9900016784668,52.04999923706055,52.650001525878906,52.650001525878906,7319400
2023-09-11,ABEV3,13.789999961853027,13.920000076293945,13.710000038146973,13.869999885559082,11.589995384216309,14866900
2023-09-12,ABEV3,13.850000381469727,13.899999618530273,13.65999984741211,13.710000038146973,11.45629596710205,18024700
2023-09-13,ABEV3,13.710000038146973,13.819999694824219,13.630000114440918,13.640000343322754,11.397802352905273,32126800
2023-09-14,ABEV3,13.680000305175781,13.720000267028809,13.5,13.529999732971191,11.305885314941406,21983200
2023-09-15,ABEV3,13.550000190734863,13.609999656677246,13.399999618530273,13.420000076293945,11.213966369628906,39186700
2023-09-18,ABEV3,13.390000343322754,13.479999542236328,13.3100004196167,13.390000343322754,11.188899040222168,19997200
2023-09-19,ABEV3,13.3100004196167,13.550000190734863,13.300000190734863,13.430000305175781,11.22232437133789,25991300
2023-09-20,ABEV3,13.470000267028809,13.5600004196167,13.449999809265137,13.470000267028809,11.255748748779297,15729400
2023-09-21,ABEV3,13.319999694824219,13.399999618530273,13.199999809265137,13.239999771118164,11.063555717468262,29875400
2023-09-22,ABEV3,13.25,13.279999732971191,13.100000381469727,13.119999885559082,10.963281631469727,16325200
2023-09-25,ABEV3,13.149999618530273,13.329999923706055,13.109999656677246,13.220000267028809,11.046844482421875,20229100
2023-09-26,ABEV3,13.1899995803833,13.229999542236328,13.0,13.039999961853027,10.89643383026123,29094600
2023-09-27,ABEV3,13.079999923706055,13.100000381469727,12.859999656677246,12.970000267028809,10.837940216064453,32045700
2023-09-28,ABEV3,13.0,13.130000114440918,12.930000305175781,12.979999542236328,10.846295356750488,43949200
2023-09-29,ABEV3,13.079999923706055,13.170000076293945,13.050000190734863,13.109999656677246,10.954925537109375,22876500
2023-10-02,ABEV3,13.109999656677246,13.149999618530273,12.979999542236328,13.09000015258789,10.938214302062988,17955500
2023-10-03,ABEV3,13.0600004196167,13.289999961853027,12.9399995803833,13.050000190734863,10.904788970947266,31511700
2023-10-04,ABEV3,13.050000190734863,13.270000457763672,13.039999961853027,13.210000038146973,11.038488388061523,15774100
2023-10-05,ABEV3,13.180000305175781,13.229999542236328,12.859999656677246,12.890000343322754,10.771090507507324,31497000
2023-10-06,ABEV3,12.800000190734863,13.279999732971191,12.739999771118164,13.1899995803833,11.02177619934082,40211800
2023-10-09,ABEV3,13.149999618530273,13.1899995803833,13.050000190734863,13.170000076293945,11.0050630569458,15459500
2023-10-10,ABEV3,13.170000076293945,13.359999656677246,13.119999885559082,13.25,11.071911811828613,18408800
2023-10-11,ABEV3,13.25,13.329999923706055,13.1899995803833,13.289999961853027,11.105338096618652,14042700
2023-10-13,ABEV3,13.279999732971191,13.279999732971191,12.920000076293945,12.979999542236328,10.846295356750488,24773100
2023-10-16,ABEV3,13.010000228881836,13.079999923706055,12.949999809265137,13.010000228881836,10.87136459350586,12422600
2023-10-17,ABEV3,12.899999618530273,12.989999771118164,12.779999732971191,12.800000190734863,10.695884704589844,21533400
2023-10-18,ABEV3,12.739999771118164,12.779999732971191,12.489999771118164,12.529999732971191,10.470269203186035,41902700
2023-10-19,ABEV3,12.5600004196167,12.6899995803833,12.510000228881836,12.520000457763672,10.461913108825684,15581700
2023-10-20,ABEV3,12.449999809265137,12.630000114440918,12.399999618530273,12.489999771118164,10.436843872070312,14749400
2023-10-23,ABEV3,12.460000038146973,12.569999694824219,12.380000114440918,12.479999542236328,10.428487777709961,11943700
2023-10-24,ABEV3,12.579999923706055,12.59000015258789,12.329999923706055,12.520000457763672,10.461913108825684,32749400
2023-10-25,ABEV3,12.510000228881836,12.539999961853027,12.399999618530273,12.4399995803833,10.395062446594238,14976900
2023-10-26,ABEV3,12.479999542236328,12.779999732971191,12.40999984741211,12.630000114440918,10.553831100463867,25002300
2023-10-27,ABEV3,12.579999923706055,12.630000114440918,12.279999732971191,12.289999961853027,10.269721984863281,27730300
2023-10-30,ABEV3,12.399999618530273,12.489999771118164,12.300000190734863,12.359999656677246,10.328213691711426,26078000
2023-10-31,ABEV3,12.949999809265137,12.949999809265137,12.609999656677246,12.859999656677246,10.746021270751953,64210200
2023-11-01,ABEV3,12.899999618530273,13.0,12.760000228881836,12.989999771118164,10.85465145111084,40528700
2023-11-03,ABEV3,13.100000381469727,13.369999885559082,13.050000190734863,13.289999961853027,11.105338096618652,27360200
2023-11-06,ABEV3,13.34000015258789,13.569999694824219,13.289999961853027,13.510000228881836,11.289173126220703,20562100
2023-11-07,ABEV3,13.5,13.59000015258789,13.460000038146973,13.569999694824219,11.339309692382812,20565500
2023-11-08,ABEV3,13.59000015258789,13.680000305175781,13.520000457763672,13.539999961853027,11.314241409301758,29629700
2023-11-09,ABEV3,13.569999694824219,13.569999694824219,13.369999885559082,13.40999984741211,11.205611228942871,18858200
2023-11-10,ABEV3,13.449999809265137,13.489999771118164,13.350000381469727,13.350000381469727,11.155474662780762,15140600
2023-11-13,ABEV3,13.369999885559082,13.550000190734863,13.289999961853027,13.430000305175781,11.22232437133789,16559200
2023-11-14,ABEV3,13.5,13.75,13.449999809265137,13.699999809265137,11.447937965393066,24478100
2023-11-16,ABEV3,13.699999809265137,13.800000190734863,13.550000190734863,13.670000076293945,11.422870635986328,45772900
2023-11-17,ABEV3,13.710000038146973,13.739999771118164,13.520000457763672,13.600000381469727,11.3643798828125,36893100
2023-11-20,ABEV3,13.609999656677246,13.710000038146973,13.470000267028809,13.600000381469727,11.3643798828125,15170600
2023-11-21,ABEV3,13.600000381469727,13.619999885559082,13.359999656677246,13.4399995803833,11.230679512023926,17196400
2023-11-22,ABEV3,13.489999771118164,13.600000381469727,13.430000305175781,13.569999694824219,11.339309692382812,29650400
2023-11-23,ABEV3,13.609999656677246,13.760000228881836,13.270000457763672,13.550000190734863,11.32259750366211,32233900
2023-11-24,ABEV3,13.5,13.539999961853027,13.279999732971191,13.390000343322754,11.188899040222168,18133100
2023-11-27,ABEV3,13.4399995803833,13.630000114440918,13.369999885559082,13.579999923706055,11.347665786743164,22972800
2023-11-28,ABEV3,13.520000457763672,13.710000038146973,13.520000457763672,13.649999618530273,11.406157493591309,14913700
2023-11-29,ABEV3,13.630000114440918,13.6899995803833,13.300000190734863,13.300000190734863,11.113693237304688,19363500
2023-11-30,ABEV3,13.300000190734863,13.739999771118164,13.25,13.6899995803833,11.439582824707031,41991100
2023-12-01,ABEV3,13.6899995803833,14.079999923706055,13.600000381469727,14.079999923706055,11.765474319458008,30042200
2023-12-04,ABEV3,14.029999732971191,14.09000015258789,13.989999771118164,14.0600004196167,11.748762130737305,9861400
2023-12-05,ABEV3,14.079999923706055,14.369999885559082,14.069999694824219,14.239999771118164,11.89917278289795,36765000
2023-12-06,ABEV3,14.270000457763672,14.319999694824219,13.90999984741211,13.989999771118164,11.690268516540527,20919500
2023-12-07,ABEV3,14.020000457763672,14.279999732971191,14.020000457763672,14.079999923706055,11.765474319458008,11940500
2023-12-08,ABEV3,14.279999732971191,14.489999771118164,14.170000076293945,14.3100004196167,11.95766544342041,16690900
2023-12-11,ABEV3,14.239999771118164,14.390000343322754,14.220000267028809,14.319999694824219,11.966021537780762,11080900
2023-12-12,ABEV3,14.279999732971191,14.34000015258789,14.180000305175781,14.229999542236328,11.890815734863281,10541600
2023-12-13,ABEV3,14.270000457763672,14.800000190734863,14.140000343322754,14.699999809265137,12.283555030822754,53960800
2023-12-14,ABEV3,14.850000381469727,14.869999885559082,14.300000190734863,14.5,12.116433143615723,60791700
2023-12-15,ABEV3,14.5,14.569999694824219,14.390000343322754,14.470000267028809,12.091364860534668,33747300
2023-12-18,ABEV3,14.5,14.640000343322754,14.430000305175781,14.550000190734863,12.15821361541748,24363100
2023-12-19,ABEV3,14.59000015258789,14.779999732971191,14.550000190734863,14.699999809265137,12.283555030822754,32674700
2023-12-20,ABEV3,13.9399995803833,13.949999809265137,13.670000076293945,13.739999771118164,12.081493377685547,24316200
2023-12-21,ABEV3,13.819999694824219,13.819999694824219,13.59000015258789,13.699999809265137,12.046320915222168,28969600
2023-12-22,ABEV3,13.6899995803833,13.829999923706055,13.65999984741211,13.710000038146973,12.05511474609375,19864700
2023-12-26,ABEV3,13.720000267028809,13.8100004196167,13.6899995803833,13.770000457763672,12.10787296295166,6884800
2023-12-27,ABEV3,13.779999732971191,13.84000015258789,13.720000267028809,13.84000015258789,12.169424057006836,10305900
2023-12-28,ABEV3,13.800000190734863,13.850000381469727,13.729999542236328,13.729999542236328,12.072700500488281,16500300
2024-01-02,ABEV3,13.720000267028809,13.729999542236328,13.59000015258789,13.710000038146973,12.05511474609375,11690200
2024-01-03,ABEV3,13.670000076293945,13.75,13.569999694824219,13.600000381469727,11.958393096923828,17612200
2024-01-04,ABEV3,13.600000381469727,13.680000305175781,13.520000457763672,13.649999618530273,12.00235652923584,19996000
2024-01-05,ABEV3,13.619999885559082,13.6899995803833,13.529999732971191,13.600000381469727,11.958393096923828,18293900
2024-01-08,ABEV3,13.609999656677246,13.75,13.579999923706055,13.710000038146973,12.05511474609375,11014600
2024-01-09,ABEV3,13.6899995803833,13.6899995803833,13.550000190734863,13.619999885559082,11.975976943969727,15705100
2024-01-10,ABEV3,13.619999885559082,13.829999923706055,13.600000381469727,13.760000228881836,12.099080085754395,18313300
2024-01-11,ABEV3,13.710000038146973,13.770000457763672,13.510000228881836,13.5600004196167,11.923222541809082,22254100
2024-01-12,ABEV3,13.520000457763672,13.720000267028809,13.4399995803833,13.59000015258789,11.949600219726562,20300600
2024-01-15,ABEV3,13.479999542236328,13.600000381469727,13.460000038146973,13.59000015258789,11.949600219726562,4752100
2024-01-16,ABEV3,13.4399995803833,13.520000457763672,13.34000015258789,13.350000381469727,11.738569259643555,24233000
2024-01-17,ABEV3,13.329999923706055,13.510000228881836,13.329999923706055,13.430000305175781,11.808913230895996,12493800
2024-01-18,ABEV3,13.420000076293945,13.420000076293945,13.25,13.34000015258789,11.729775428771973,18425500
2024-01-19,ABEV3,13.40999984741211,13.420000076293945,13.260000228881836,13.350000381469727,11.738569259643555,28017100
2024-01-22,ABEV3,13.380000114440918,13.449999809265137,13.229999542236328,13.359999656677246,11.747361183166504,16245600
2024-01-23,ABEV3,13.390000343322754,13.430000305175781,13.229999542236328,13.369999885559082,11.756155014038086,16851900
2024-01-24,ABEV3,13.4399995803833,13.4399995803833,13.1899995803833,13.279999732971191,11.677018165588379,16080200
2024-01-25,ABEV3,13.220000267028809,13.279999732971191,13.140000343322754,13.199999809265137,11.606675148010254,12841800
2024-01-26,ABEV3,13.260000228881836,13.289999961853027,13.149999618530273,13.199999809265137,11.606675148010254,6568000
2024-01-29,ABEV3,13.15999984741211,13.289999961853027,13.119999885559082,13.25,11.650639533996582,10163100
2024-01-30,ABEV3,13.220000267028809,13.25,13.029999732971191,13.039999961853027,11.465988159179688,22516400
2024-01-31,ABEV3,13.079999923706055,13.220000267028809,13.029999732971191,13.079999923706055,11.501158714294434,25269100
2024-02-01,ABEV3,13.069999694824219,13.109999656677246,12.899999618530273,13.069999694824219,11.492366790771484,27075000
2024-02-02,ABEV3,13.079999923706055,13.199999809265137,12.960000038146973,13.069999694824219,11.492366790771484,22938800
2024-02-05,ABEV3,13.079999923706055,13.1899995803833,13.039999961853027,13.09000015258789,11.509952545166016,16606500
2024-02-06,ABEV3,13.069999694824219,13.300000190734863,13.069999694824219,13.229999542236328,11.63305377960205,29715800
2024-02-07,ABEV3,13.25,13.3100004196167,12.930000305175781,13.0,11.430815696716309,37752200
2024-02-08,ABEV3,12.960000038146973,13.039999961853027,12.899999618530273,12.949999809265137,11.386852264404297,23297000
2024-02-09,ABEV3,12.920000076293945,12.979999542236328,12.8100004196167,12.949999809265137,11.386852264404297,15447300
2024-02-14,ABEV3,12.880000114440918,12.9399995803833,12.819999694824219,12.920000076293945,11.360472679138184,16255700
2024-02-15,ABEV3,12.930000305175781,13.020000457763672,12.84000015258789,12.850000381469727,11.298922538757324,27820200
2024-02-16,ABEV3,12.899999618530273,12.899999618530273,12.75,12.760000228881836,11.219785690307617,21074800
2024-02-19,ABEV3,12.770000457763672,12.8100004196167,12.649999618530273,12.8100004196167,11.263750076293945,9229700
2024-02-20,ABEV3,12.8100004196167,13.09000015258789,12.779999732971191,12.850000381469727,11.298922538757324,26872100
2024-02-21,ABEV3,12.84000015258789,12.920000076293945,12.75,12.899999618530273,11.342886924743652,13911900
2024-02-22,ABEV3,12.930000305175781,13.010000228881836,12.859999656677246,12.960000038146973,11.395646095275879,16110800
2024-02-23,ABEV3,13.0,13.010000228881836,12.819999694824219,12.890000343322754,11.334095001220703,18944400
2024-02-26,ABEV3,12.829999923706055,13.100000381469727,12.829999923706055,13.039999961853027,11.465988159179688,12942000
2024-02-27,ABEV3,13.109999656677246,13.329999923706055,13.069999694824219,13.3100004196167,11.703397750854492,31668800
2024-02-28,ABEV3,13.270000457763672,13.59000015258789,13.260000228881836,13.449999809265137,11.826497077941895,34495200
2024-02-29,ABEV3,12.920000076293945,12.989999771118164,12.399999618530273,12.579999923706055,11.061513900756836,88182100
2024-03-01,ABEV3,12.460000038146973,12.670000076293945,12.300000190734863,12.4399995803833,10.938410758972168,51174000
2024-03-04,ABEV3,12.449999809265137,12.569999694824219,12.40999984741211,12.479999542236328,10.97358226776123,16560500
2024-03-05,ABEV3,12.529999732971191,12.829999923706055,12.449999809265137,12.75,11.210992813110352,33369400
2024-03-06,ABEV3,12.800000190734863,12.979999542236328,12.569999694824219,12.6899995803833,11.158235549926758,45103900
2024-03-07,ABEV3,12.630000114440918,12.729999542236328,12.520000457763672,12.649999618530273,11.123064041137695,12954500
2024-03-08,ABEV3,12.550000190734863,12.920000076293945,12.550000190734863,12.84000015258789,11.290129661560059,54292500
2024-03-11,ABEV3,12.770000457763672,12.899999618530273,12.680000305175781,12.800000190734863,11.25495719909668,20348100
2024-03-12,ABEV3,12.829999923706055,12.899999618530273,12.760000228881836,12.84000015258789,11.290129661560059,25358500
2024-03-13,ABEV3,12.819999694824219,12.90999984741211,12.699999809265137,12.75,11.210992813110352,24872300
2024-03-14,ABEV3,12.739999771118164,12.8100004196167,12.670000076293945,12.800000190734863,11.25495719909668,27666100
2024-03-15,ABEV3,12.859999656677246,12.859999656677246,12.609999656677246,12.630000114440918,11.105478286743164,36174000
2024-03-18,ABEV3,12.649999618530273,12.680000305175781,12.539999961853027,12.630000114440918,11.105478286743164,24187500
2024-03-19,ABEV3,12.630000114440918,12.6899995803833,12.470000267028809,12.539999961853027,11.026342391967773,26464600
2024-03-20,ABEV3,12.529999732971191,12.59000015258789,12.369999885559082,12.539999961853027,11.026342391967773,48407800
2024-03-21,ABEV3,12.520000457763672,12.609999656677246,12.4399995803833,12.609999656677246,11.087892532348633,29217300
2024-03-22,ABEV3,12.5600004196167,12.569999694824219,12.369999885559082,12.40999984741211,10.912033081054688,18151900
2024-03-25,ABEV3,12.399999618530273,12.5,12.229999542236328,12.229999542236328,10.75376033782959,21593700
2024-03-26,ABEV3,12.199999809265137,12.489999771118164,12.170000076293945,12.40999984741211,10.912033081054688,32319600
2024-03-27,ABEV3,12.359999656677246,12.449999809265137,12.300000190734863,12.449999809265137,10.947205543518066,26211600
2024-03-28,ABEV3,12.380000114440918,12.550000190734863,12.359999656677246,12.489999771118164,10.982377052307129,44405600
2024-04-01,ABEV3,12.5,12.539999961853027,12.270000457763672,12.329999923706055,10.841691017150879,21031000
2024-04-02,ABEV3,12.34000015258789,12.420000076293945,12.270000457763672,12.270000457763672,10.788932800292969,19115800
2024-04-03,ABEV3,12.25,12.510000228881836,12.130000114440918,12.449999809265137,10.947205543518066,36137900
2024-04-04,ABEV3,12.470000267028809,12.699999809265137,12.460000038146973,12.470000267028809,10.964791297912598,31881300
2024-04-05,ABEV3,12.520000457763672,12.550000190734863,12.039999961853027,12.229999542236328,10.75376033782959,71144500
2024-04-08,ABEV3,12.220000267028809,12.270000457763672,12.119999885559082,12.170000076293945,10.701004028320312,18919200
2024-04-09,ABEV3,12.210000038146973,12.420000076293945,12.180000305175781,12.359999656677246,10.868067741394043,23795200
2024-04-10,ABEV3,12.270000457763672,12.380000114440918,12.100000381469727,12.100000381469727,10.639452934265137,23028800
2024-04-11,ABEV3,12.100000381469727,12.3100004196167,12.069999694824219,12.199999809265137,10.727380752563477,21019300
2024-04-12,ABEV3,12.15999984741211,12.210000038146973,12.050000190734863,12.119999885559082,10.657037734985352,16269700
2024-04-15,ABEV3,12.100000381469727,12.149999618530273,11.979999542236328,12.069999694824219,10.613072395324707,31625300
2024-04-16,ABEV3,12.0,12.109999656677246,11.9399995803833,11.9399995803833,10.498764991760254,31317300
2024-04-17,ABEV3,12.0,12.039999961853027,11.84000015258789,11.90999984741211,10.472386360168457,26530200
2024-04-18,ABEV3,11.920000076293945,12.020000457763672,11.84000015258789,11.960000038146973,10.516352653503418,28663900
2024-04-19,ABEV3,11.970000267028809,12.100000381469727,11.949999809265137,11.949999809265137,10.50755786895752,25809800
2024-04-22,ABEV3,11.989999771118164,12.100000381469727,11.949999809265137,11.949999809265137,10.50755786895752,23450600
2024-04-23,ABEV3,11.899999618530273,12.0,11.829999923706055,11.859999656677246,10.428421020507812,18581900
2024-04-24,ABEV3,11.84000015258789,12.100000381469727,11.84000015258789,12.039999961853027,10.586692810058594,37013000
2024-04-25,ABEV3,12.0600004196167,12.100000381469727,11.880000114440918,12.020000457763672,10.569108009338379,23667800
2024-04-26,ABEV3,12.029999732971191,12.079999923706055,11.979999542236328,12.010000228881836,10.56031608581543,16180400
2024-04-29,ABEV3,12.0,12.130000114440918,11.960000038146973,12.100000381469727,10.639452934265137,26520800
2024-04-30,ABEV3,12.079999923706055,12.369999885559082,12.079999923706055,12.149999618530273,10.683417320251465,25146600
2024-05-02,ABEV3,12.25,12.510000228881836,12.25,12.329999923706055,10.841691017150879,27782000
2024-05-03,ABEV3,12.470000267028809,12.479999542236328,12.350000381469727,12.369999885559082,10.876861572265625,23380200
2024-05-06,ABEV3,12.390000343322754,12.510000228881836,12.289999961853027,12.449999809265137,10.947205543518066,18713000
2024-05-07,ABEV3,12.470000267028809,12.630000114440918,12.460000038146973,12.600000381469727,11.079099655151367,27522500
2024-05-08,ABEV3,12.390000343322754,12.4399995803833,11.90999984741211,12.170000076293945,10.701004028320312,50692500
2024-05-09,ABEV3,11.979999542236328,12.199999809265137,11.970000267028809,12.050000190734863,10.595488548278809,25762900
2024-05-10,ABEV3,12.050000190734863,12.09000015258789,11.949999809265137,12.039999961853027,10.586692810058594,29029300
2024-05-13,ABEV3,12.069999694824219,12.109999656677246,11.960000038146973,12.0600004196167,10.604280471801758,22472500
2024-05-14,ABEV3,12.079999923706055,12.25,12.079999923706055,12.15999984741211,10.692209243774414,32670400
2024-05-15,ABEV3,12.1899995803833,12.430000305175781,12.170000076293945,12.3100004196167,10.824104309082031,36630700
2024-05-16,ABEV3,12.449999809265137,12.510000228881836,12.239999771118164,12.380000114440918,10.88565444946289,32475700
2024-05-17,ABEV3,12.399999618530273,12.40999984741211,12.279999732971191,12.380000114440918,10.88565444946289,28118800
2024-05-20,ABEV3,12.329999923706055,12.390000343322754,12.050000190734863,12.100000381469727,10.639452934265137,38940700
2024-05-21,ABEV3,12.100000381469727,12.25,12.020000457763672,12.020000457763672,10.569108009338379,38371300
2024-05-22,ABEV3,11.979999542236328,12.109999656677246,11.930000305175781,11.970000267028809,10.525144577026367,49248200
2024-05-23,ABEV3,11.920000076293945,12.069999694824219,11.920000076293945,11.960000038146973,10.516352653503418,28419600
2024-05-24,ABEV3,11.960000038146973,11.989999771118164,11.869999885559082,11.869999885559082,10.437214851379395,22790000
2024-05-27,ABEV3,11.930000305175781,11.949999809265137,11.789999961853027,11.8100004196167,10.3844575881958,16530500
2024-05-28,ABEV3,11.890000343322754,11.890000343322754,11.5600004196167,11.59000015258789,10.191012382507324,40481600
2024-05-29,ABEV3,11.529999732971191,11.609999656677246,11.34000015258789,11.520000457763672,10.129463195800781,34350900
2024-05-31,ABEV3,11.460000038146973,11.65999984741211,11.460000038146973,11.5600004196167,10.164634704589844,62942000
2024-06-03,ABEV3,11.569999694824219,11.699999809265137,11.460000038146973,11.550000190734863,10.155839920043945,24967400
2024-06-04,ABEV3,11.569999694824219,11.729999542236328,11.4399995803833,11.6899995803833,10.27894115447998,36455800
2024-06-05,ABEV3,11.6899995803833,11.800000190734863,11.520000457763672,11.569999694824219,10.173426628112793,35635900
2024-06-06,ABEV3,11.539999961853027,11.84000015258789,11.539999961853027,11.819999694824219,10.39324951171875,34548200
2024-06-07,ABEV3,11.710000038146973,11.760000228881836,11.529999732971191,11.5600004196167,10.164634704589844,32079700
2024-06-10,ABEV3,11.520000457763672,11.579999923706055,11.430000305175781,11.460000038146973,10.076704025268555,23774700
2024-06-11,ABEV3,11.569999694824219,11.569999694824219,11.390000343322754,11.399999618530273,10.023945808410645,20061200
2024-06-12,ABEV3,11.449999809265137,11.470000267028809,11.1899995803833,11.270000457763672,9.909639358520508,40929700
2024-06-13,ABEV3,11.170000076293945,11.210000038146973,11.069999694824219,11.09000015258789,9.751365661621094,39287400
2024-06-14,ABEV3,11.09000015258789,11.279999732971191,10.979999542236328,11.239999771118164,9.883259773254395,22356900
2024-06-17,ABEV3,11.210000038146973,11.329999923706055,11.1899995803833,11.239999771118164,9.883259773254395,18072300
2024-06-18,ABEV3,11.1899995803833,11.369999885559082,11.15999984741211,11.25,9.892051696777344,37284200
2024-06-19,ABEV3,11.180000305175781,11.229999542236328,11.039999961853027,11.199999809265137,9.848088264465332,17907100
2024-06-20,ABEV3,11.25,11.399999618530273,11.199999809265137,11.279999732971191,9.918432235717773,29501600
2024-06-21,ABEV3,11.210000038146973,11.380000114440918,11.210000038146973,11.279999732971191,9.918432235717773,53470500
2024-06-24,ABEV3,11.260000228881836,11.399999618530273,11.220000267028809,11.319999694824219,9.95360279083252,32197300
2024-06-25,ABEV3,11.25,11.40999984741211,11.210000038146973,11.380000114440918,10.00636100769043,43592000
2024-06-26,ABEV3,11.300000190734863,11.520000457763672,11.270000457763672,11.449999809265137,10.067911148071289,26265300
2024-06-27,ABEV3,11.460000038146973,11.539999961853027,11.380000114440918,11.460000038146973,10.076704025268555,21499700
2024-06-28,ABEV3,11.430000305175781,11.479999542236328,11.15999984741211,11.40999984741211,10.032739639282227,51418600
2024-07-01,ABEV3,11.420000076293945,11.5,11.329999923706055,11.449999809265137,10.067911148071289,19515400
2024-07-02,ABEV3,11.449999809265137,11.579999923706055,11.390000343322754,11.460000038146973,10.076704025268555,20259500
2024-07-03,ABEV3,11.539999961853027,11.569999694824219,11.359999656677246,11.380000114440918,10.00636100769043,32807200
2024-07-04,ABEV3,11.449999809265137,11.460000038146973,11.369999885559082,11.449999809265137,10.067911148071289,7438600
2024-07-05,ABEV3,11.449999809265137,11.479999542236328,11.229999542236328,11.319999694824219,9.95360279083252,39021700
2024-07-08,ABEV3,11.329999923706055,11.350000381469727,11.239999771118164,11.25,9.892051696777344,28570100
2024-07-09,ABEV3,11.25,11.300000190734863,11.180000305175781,11.25,9.892051696777344,25686000
2024-07-10,ABEV3,11.319999694824219,11.460000038146973,11.239999771118164,11.399999618530273,10.023945808410645,29040100
2024-07-11,ABEV3,11.449999809265137,11.670000076293945,11.399999618530273,11.529999732971191,10.13825511932373,22185700
2024-07-12,ABEV3,11.510000228881836,11.65999984741211,11.510000228881836,11.640000343322754,10.234978675842285,16859800
2024-07-15,ABEV3,11.65999984741211,11.65999984741211,11.5600004196167,11.640000343322754,10.234978675842285,12421100
2024-07-16,ABEV3,11.630000114440918,11.699999809265137,11.579999923706055,11.699999809265137,10.287734985351562,19050600
2024-07-17,ABEV3,11.710000038146973,11.90999984741211,11.65999984741211,11.819999694824219,10.39324951171875,30589900
2024-07-18,ABEV3,11.760000228881836,11.859999656677246,11.640000343322754,11.670000076293945,10.26135540008545,30271600
2024-07-19,ABEV3,11.649999618530273,11.770000457763672,11.649999618530273,11.729999542236328,10.31411361694336,22774900
2024-07-22,ABEV3,11.670000076293945,11.859999656677246,11.649999618530273,11.8100004196167,10.3844575881958,23809300
2024-07-23,ABEV3,11.8100004196167,11.829999923706055,11.739999771118164,11.779999732971191,10.358078002929688,20161400
2024-07-24,ABEV3,11.75,11.869999885559082,11.729999542236328,11.789999961853027,10.366870880126953,22727500
2024-07-25,ABEV3,11.789999961853027,11.920000076293945,11.729999542236328,11.850000381469727,10.419629096984863,21585700
2024-07-26,ABEV3,11.819999694824219,11.880000114440918,11.75,11.880000114440918,10.446008682250977,23201600
2024-07-29,ABEV3,11.869999885559082,11.880000114440918,11.760000228881836,11.819999694824219,10.39324951171875,38125500
2024-07-30,ABEV3,11.789999961853027,11.8100004196167,11.640000343322754,11.640000343322754,10.234978675842285,29077200
2024-07-31,ABEV3,11.600000381469727,11.729999542236328,11.510000228881836,11.579999923706055,10.182219505310059,66719000
2024-08-01,ABEV3,11.75,11.989999771118164,11.630000114440918,11.739999771118164,10.322905540466309,37947400
2024-08-02,ABEV3,11.699999809265137,11.869999885559082,11.6899995803833,11.869999885559082,10.437214851379395,29723800
2024-08-05,ABEV3,11.829999923706055,11.90999984741211,11.579999923706055,11.850000381469727,10.419629096984863,28528000
2024-08-06,ABEV3,11.8100004196167,12.109999656677246,11.800000190734863,12.010000228881836,10.56031608581543,27415700
2024-08-07,ABEV3,12.069999694824219,12.5600004196167,12.039999961853027,12.510000228881836,10.99996280670166,48591300
2024-08-08,ABEV3,12.460000038146973,12.5600004196167,12.3100004196167,12.359999656677246,10.868067741394043,28173200
2024-08-09,ABEV3,12.4399995803833,12.479999542236328,12.3100004196167,12.449999809265137,10.947205543518066,19122000
2024-08-12,ABEV3,12.5,12.550000190734863,12.390000343322754,12.390000343322754,10.89444637298584,17501300
2024-08-13,ABEV3,12.470000267028809,12.65999984741211,12.40999984741211,12.569999694824219,11.052720069885254,30082000
2024-08-14,ABEV3,12.569999694824219,12.6899995803833,12.539999961853027,12.5600004196167,11.043927192687988,22128400
2024-08-15,ABEV3,12.649999618530273,13.149999618530273,12.579999923706055,13.029999732971191,11.457195281982422,48543500
2024-08-16,ABEV3,13.149999618530273,13.399999618530273,13.010000228881836,13.010000228881836,11.439608573913574,39842400
2024-08-19,ABEV3,13.039999961853027,13.100000381469727,12.960000038146973,13.010000228881836,11.439608573913574,29029900
2024-08-20,ABEV3,12.989999771118164,13.039999961853027,12.869999885559082,12.9399995803833,11.378059387207031,16424000
2024-08-21,ABEV3,12.920000076293945,13.039999961853027,12.84000015258789,12.9399995803833,11.378059387207031,24177300
2024-08-22,ABEV3,12.949999809265137,13.029999732971191,12.90999984741211,13.0,11.430815696716309,25724200
2024-08-23,ABEV3,13.0600004196167,13.210000038146973,13.050000190734863,13.079999923706055,11.501158714294434,33099000
2024-08-26,ABEV3,13.109999656677246,13.220000267028809,13.010000228881836,13.079999923706055,11.501158714294434,20467700
2024-08-27,ABEV3,13.020000457763672,13.119999885559082,12.949999809265137,13.029999732971191,11.457195281982422,22335000
2024-08-28,ABEV3,13.039999961853027,13.069999694824219,12.8100004196167,12.949999809265137,11.386852264404297,21175200
2024-08-29,ABEV3,12.930000305175781,12.979999542236328,12.789999961853027,12.859999656677246,11.30771541595459,17873300
2024-08-30,ABEV3,12.770000457763672,12.869999885559082,12.75,12.859999656677246,11.30771541595459,50852200
2024-09-02,ABEV3,12.8100004196167,12.890000343322754,12.699999809265137,12.869999885559082,11.316508293151855,12639100
2024-09-03,ABEV3,12.90999984741211,12.949999809265137,12.779999732971191,12.800000190734863,11.25495719909668,19701100
2024-09-04,ABEV3,12.84000015258789,13.050000190734863,12.819999694824219,12.989999771118164,11.422022819519043,22848700
2024-09-05,ABEV3,12.9399995803833,13.020000457763672,12.920000076293945,12.970000267028809,11.404438018798828,14577100
2024-09-06,ABEV3,12.920000076293945,13.069999694824219,12.90999984741211,12.989999771118164,11.422022819519043,20976300
2024-09-09,ABEV3,12.989999771118164,13.210000038146973,12.970000267028809,13.109999656677246,11.527539253234863,35098100
2024-09-10,ABEV3,13.010000228881836,13.319999694824219,13.010000228881836,13.239999771118164,11.641846656799316,27649100
2024-09-11,ABEV3,13.300000190734863,13.300000190734863,13.020000457763672,13.039999961853027,11.465988159179688,21490600
2024-09-12,ABEV3,12.960000038146973,12.989999771118164,12.760000228881836,12.90999984741211,11.351679801940918,34492700
2024-09-13,ABEV3,12.949999809265137,13.0,12.720000267028809,12.729999542236328,11.19340705871582,21946500
2024-09-16,ABEV3,12.760000228881836,12.869999885559082,12.75,12.859999656677246,11.30771541595459,20765800
2024-09-17,ABEV3,12.789999961853027,12.989999771118164,12.789999961853027,12.960000038146973,11.395646095275879,26068700
2024-09-18,ABEV3,12.859999656677246,13.140000343322754,12.850000381469727,12.979999542236328,11.413229942321777,26897100
2024-09-19,ABEV3,13.0,13.109999656677246,12.890000343322754,12.949999809265137,11.386852264404297,44713200
2024-09-20,ABEV3,12.960000038146973,13.0,12.729999542236328,12.760000228881836,11.219785690307617,41412300
2024-09-23,ABEV3,12.699999809265137,12.859999656677246,12.649999618530273,12.75,11.210992813110352,20009400
2024-09-24,ABEV3,12.789999961853027,12.899999618530273,12.6899995803833,12.760000228881836,11.219785690307617,22598600
2024-09-25,ABEV3,12.779999732971191,12.979999542236328,12.680000305175781,12.680000305175781,11.149442672729492,33524600
2024-09-26,ABEV3,12.760000228881836,12.869999885559082,12.720000267028809,12.84000015258789,11.290129661560059,16241400
2024-09-27,ABEV3,12.800000190734863,12.989999771118164,12.789999961853027,12.920000076293945,11.360472679138184,24958600
2024-09-30,ABEV3,12.9399995803833,13.170000076293945,12.899999618530273,13.079999923706055,11.501158714294434,31164900
2024-10-01,ABEV3,13.199999809265137,13.720000267028809,13.130000114440918,13.600000381469727,11.958393096923828,65825500
2024-10-02,ABEV3,13.699999809265137,13.850000381469727,13.609999656677246,13.720000267028809,12.063907623291016,51056800
2024-10-03,ABEV3,13.550000190734863,13.630000114440918,13.399999618530273,13.399999618530273,11.782533645629883,45000000
2024-10-04,ABEV3,13.260000228881836,13.449999809265137,13.170000076293945,13.279999732971191,11.677018165588379,36607700
2024-10-07,ABEV3,13.40999984741211,13.40999984741211,13.140000343322754,13.170000076293945,11.580296516418457,20788600
2024-10-08,ABEV3,13.029999732971191,13.130000114440918,13.010000228881836,13.079999923706055,11.501158714294434,35995700
2024-10-09,ABEV3,12.949999809265137,13.149999618530273,12.949999809265137,13.079999923706055,11.501158714294434,28383000
2024-10-10,ABEV3,13.050000190734863,13.1899995803833,13.050000190734863,13.109999656677246,11.527539253234863,19340400
2024-10-11,ABEV3,13.09000015258789,13.119999885559082,12.84000015258789,12.880000114440918,11.325301170349121,31193700
2024-10-14,ABEV3,12.859999656677246,12.970000267028809,12.84000015258789,12.920000076293945,11.360472679138184,21045900
2024-10-15,ABEV3,12.930000305175781,12.949999809265137,12.8100004196167,12.880000114440918,11.325301170349121,33545800
2024-10-16,ABEV3,12.890000343322754,13.0,12.850000381469727,12.9399995803833,11.378059387207031,34342600
2024-10-17,ABEV3,12.779999732971191,12.960000038146973,12.75,12.859999656677246,11.30771541595459,18266900
2024-10-18,ABEV3,12.960000038146973,12.960000038146973,12.800000190734863,12.880000114440918,11.325301170349121,19422900
2024-10-21,ABEV3,12.880000114440918,12.9399995803833,12.8100004196167,12.829999923706055,11.281335830688477,28877400
2024-10-22,ABEV3,12.770000457763672,12.899999618530273,12.729999542236328,12.819999694824219,11.272543907165527,34756100
2024-10-23,ABEV3,12.739999771118164,12.819999694824219,12.699999809265137,12.75,11.210992813110352,22384200
2024-10-24,ABEV3,12.720000267028809,12.890000343322754,12.680000305175781,12.829999923706055,11.281335830688477,19295300
2024-10-25,ABEV3,12.819999694824219,12.84000015258789,12.729999542236328,12.75,11.210992813110352,19204000
2024-10-28,ABEV3,12.8100004196167,13.0,12.779999732971191,12.890000343322754,11.334095001220703,20050900
2024-10-29,ABEV3,12.899999618530273,13.029999732971191,12.869999885559082,12.979999542236328,11.413229942321777,21500600
2024-10-30,ABEV3,13.050000190734863,13.09000015258789,12.899999618530273,12.930000305175781,11.369266510009766,21176300
2024-10-31,ABEV3,12.600000381469727,12.84000015258789,12.479999542236328,12.640000343322754,11.11427116394043,61215800
2024-11-01,ABEV3,12.510000228881836,12.649999618530273,12.479999542236328,12.539999961853027,11.026342391967773,29027800
2024-11-04,ABEV3,12.59000015258789,12.710000038146973,12.510000228881836,12.670000076293945,11.140649795532227,19442900
2024-11-05,ABEV3,12.600000381469727,12.739999771118164,12.569999694824219,12.680000305175781,11.149442672729492,18352000
2024-11-06,ABEV3,12.520000457763672,12.550000190734863,12.34000015258789,12.5,10.991169929504395,39053800
2024-11-07,ABEV3,12.390000343322754,12.6899995803833,12.390000343322754,12.550000190734863,11.035134315490723,23946600
2024-11-08,ABEV3,12.399999618530273,12.550000190734863,12.3100004196167,12.329999923706055,10.841691017150879,35013400
2024-11-11,ABEV3,12.3100004196167,12.550000190734863,12.260000228881836,12.510000228881836,10.99996280670166,20684800
2024-11-12,ABEV3,12.430000305175781,12.640000343322754,12.300000190734863,12.579999923706055,11.061513900756836,26899600
2024-11-13,ABEV3,12.520000457763672,12.770000457763672,12.460000038146973,12.729999542236328,11.19340705871582,30341700
2024-11-14,ABEV3,12.6899995803833,12.899999618530273,12.609999656677246,12.640000343322754,11.11427116394043,38027500
2024-11-18,ABEV3,12.479999542236328,12.670000076293945,12.380000114440918,12.420000076293945,10.92082691192627,37251000
2024-11-19,ABEV3,12.449999809265137,12.600000381469727,12.420000076293945,12.430000305175781,10.929618835449219,28564100
2024-11-21,ABEV3,12.3100004196167,12.479999542236328,12.300000190734863,12.390000343322754,10.89444637298584,18400700
2024-11-22,ABEV3,12.489999771118164,12.699999809265137,12.470000267028809,12.680000305175781,11.149442672729492,24116600
2024-11-25,ABEV3,12.59000015258789,12.6899995803833,12.539999961853027,12.539999961853027,11.026342391967773,22015800
2024-11-26,ABEV3,12.59000015258789,12.710000038146973,12.539999961853027,12.609999656677246,11.087892532348633,16924800
2024-11-27,ABEV3,12.630000114440918,12.739999771118164,12.510000228881836,12.550000190734863,11.035134315490723,48572000
2024-11-28,ABEV3,12.550000190734863,12.800000190734863,12.319999694824219,12.399999618530273,10.903240203857422,40805900
2024-11-29,ABEV3,12.329999923706055,12.729999542236328,12.25,12.729999542236328,11.19340705871582,62396000
2024-12-02,ABEV3,12.65999984741211,13.270000457763672,12.600000381469727,13.25,11.650639533996582,87464600
2024-12-03,ABEV3,13.25,13.880000114440918,13.1899995803833,13.850000381469727,12.178216934204102,72892200
2024-12-04,ABEV3,13.899999618530273,14.0600004196167,13.779999732971191,13.930000305175781,12.248560905456543,50659000
2024-12-05,ABEV3,14.050000190734863,14.460000038146973,14.0,14.420000076293945,12.679413795471191,38794000
2024-12-06,ABEV3,14.300000190734863,14.529999732971191,14.149999618530273,14.220000267028809,12.503555297851562,46449200
2024-12-09,ABEV3,14.220000267028809,14.329999923706055,14.140000343322754,14.210000038146973,12.494762420654297,25321800
2024-12-10,ABEV3,14.329999923706055,14.5,14.270000457763672,14.270000457763672,12.54751968383789,22942500
2024-12-11,ABEV3,14.270000457763672,14.359999656677246,13.65999984741211,13.800000190734863,12.134251594543457,49150600
2024-12-12,ABEV3,13.5,13.579999923706055,13.100000381469727,13.100000381469727,11.518746376037598,49616900
2024-12-13,ABEV3,13.100000381469727,13.359999656677246,13.010000228881836,13.079999923706055,11.501158714294434,30867900
2024-12-16,ABEV3,13.079999923706055,13.420000076293945,12.84000015258789,12.84000015258789,11.290129661560059,32095500
2024-12-17,ABEV3,13.0,13.1899995803833,12.989999771118164,13.100000381469727,11.518746376037598,39564500
2024-12-18,ABEV3,13.069999694824219,13.079999923706055,12.75,12.760000228881836,11.219785690307617,40864200
2024-12-19,ABEV3,12.760000228881836,12.90999984741211,12.640000343322754,12.779999732971191,11.237371444702148,38104000
2024-12-20,ABEV3,12.079999923706055,12.300000190734863,12.010000228881836,12.229999542236328,11.346476554870605,86074600
2024-12-23,ABEV3,12.109999656677246,12.34000015258789,11.989999771118164,12.220000267028809,11.337199211120605,40181700
2024-12-26,ABEV3,12.180000305175781,12.239999771118164,11.989999771118164,12.140000343322754,11.262978553771973,21166800
2024-12-27,ABEV3,12.15999984741211,12.1899995803833,11.970000267028809,12.069999694824219,11.19803524017334,37624000
2024-12-30,ABEV3,12.0600004196167,12.15999984741211,11.739999771118164,11.739999771118164,10.891875267028809,38907400
2025-01-02,ABEV3,11.720000267028809,11.890000343322754,11.489999771118164,11.600000381469727,10.761988639831543,33417900
2025-01-03,ABEV3,11.489999771118164,11.550000190734863,11.270000457763672,11.329999923706055,10.511493682861328,41365900
2025-01-06,ABEV3,11.359999656677246,11.5,11.210000038146973,11.289999961853027,10.474384307861328,50881500
2025-01-07,ABEV3,11.300000190734863,11.579999923706055,11.270000457763672,11.539999961853027,10.706323623657227,34905200
2025-01-08,ABEV3,11.479999542236328,11.529999732971191,11.279999732971191,11.420000076293945,10.594992637634277,39248800
2025-01-09,ABEV3,11.430000305175781,11.510000228881836,11.300000190734863,11.399999618530273,10.576436996459961,24470100
2025-01-10,ABEV3,11.399999618530273,11.430000305175781,11.079999923706055,11.15999984741211,10.353774070739746,31277300
2025-01-13,ABEV3,11.180000305175781,11.3100004196167,11.119999885559082,11.239999771118164,10.427995681762695,28945300
2025-01-14,ABEV3,11.210000038146973,11.369999885559082,11.149999618530273,11.210000038146973,10.400163650512695,42625300
2025-01-15,ABEV3,11.300000190734863,11.430000305175781,11.15999984741211,11.390000343322754,10.567160606384277,45380700
2025-01-16,ABEV3,11.420000076293945,11.420000076293945,11.039999961853027,11.079999923706055,10.27955436706543,29298500
2025-01-17,ABEV3,10.84000015258789,11.09000015258789,10.770000457763672,11.09000015258789,10.28883171081543,51433600
2025-01-20,ABEV3,11.050000190734863,11.109999656677246,10.789999961853027,11.050000190734863,10.25172233581543,22293700
2025-01-21,ABEV3,10.989999771118164,11.260000228881836,10.989999771118164,11.25,10.437273025512695,26293900
2025-01-22,ABEV3,11.180000305175781,11.220000267028809,10.9399995803833,11.020000457763672,10.22389030456543,44993500
2025-01-23,ABEV3,11.020000457763672,11.15999984741211,10.979999542236328,11.050000190734863,10.25172233581543,35708100
2025-01-24,ABEV3,11.050000190734863,11.130000114440918,10.869999885559082,10.869999885559082,10.084726333618164,44514500
2025-01-27,ABEV3,10.869999885559082,11.119999885559082,10.84000015258789,11.119999885559082,10.316665649414062,34876400
2025-01-28,ABEV3,11.050000190734863,11.210000038146973,11.020000457763672,11.109999656677246,10.307387351989746,39022900
2025-01-29,ABEV3,11.180000305175781,11.199999809265137,10.90999984741211,10.970000267028809,10.177501678466797,26199700
2025-01-30,ABEV3,10.989999771118164,11.140000343322754,10.960000038146973,11.109999656677246,10.307387351989746,22347200
2025-01-31,ABEV3,11.140000343322754,11.239999771118164,11.100000381469727,11.100000381469727,10.298110961914062,26952000
2025-02-03,ABEV3,11.149999618530273,11.220000267028809,10.960000038146973,11.029999732971191,10.23316764831543,29524300
2025-02-04,ABEV3,11.0,11.0,10.819999694824219,10.899999618530273,10.112557411193848,23133400
2025-02-05,ABEV3,10.9399995803833,10.9399995803833,10.720000267028809,10.819999694824219,10.038337707519531,44675800
2025-02-06,ABEV3,10.800000190734863,10.899999618530273,10.729999542236328,10.859999656677246,10.075448036193848,24218200
2025-02-07,ABEV3,10.859999656677246,10.920000076293945,10.800000190734863,10.850000381469727,10.066171646118164,33491500
2025-02-10,ABEV3,10.9399995803833,11.229999542236328,10.899999618530273,10.970000267028809,10.177501678466797,50519600
2025-02-11,ABEV3,11.029999732971191,11.029999732971191,10.779999732971191,10.960000038146973,10.168224334716797,35802500
2025-02-12,ABEV3,10.829999923706055,11.039999961853027,10.800000190734863,10.920000076293945,10.131113052368164,39414800
2025-02-13,ABEV3,10.869999885559082,10.989999771118164,10.84000015258789,10.979999542236328,10.186779022216797,21078300
2025-02-14,ABEV3,11.050000190734863,11.1899995803833,11.0,11.130000114440918,10.325942993164062,34084700
2025-02-17,ABEV3,11.170000076293945,11.229999542236328,11.069999694824219,11.100000381469727,10.298110961914062,9559900
2025-02-18,ABEV3,11.140000343322754,11.170000076293945,11.039999961853027,11.09000015258789,10.28883171081543,18776800
2025-02-19,ABEV3,11.0,11.039999961853027,10.930000305175781,10.970000267028809,10.177501678466797,16856200
2025-02-20,ABEV3,10.930000305175781,11.079999923706055,10.899999618530273,11.039999961853027,10.24244499206543,24406000
2025-02-21,ABEV3,11.020000457763672,11.170000076293945,11.010000228881836,11.119999885559082,10.316665649414062,34245000
2025-02-24,ABEV3,11.170000076293945,11.170000076293945,10.979999542236328,11.029999732971191,10.23316764831543,28954600
2025-02-25,ABEV3,11.029999732971191,11.140000343322754,11.020000457763672,11.09000015258789,10.28883171081543,24354400
2025-02-26,ABEV3,11.729999542236328,11.84000015258789,11.449999809265137,11.699999809265137,10.854764938354492,79612200
2025-02-27,ABEV3,11.670000076293945,12.489999771118164,11.65999984741211,12.319999694824219,11.429974555969238,66169900
2025-02-28,ABEV3,12.3100004196167,12.489999771118164,12.100000381469727,12.220000267028809,11.337199211120605,79761000
2025-03-05,ABEV3,12.5,12.930000305175781,12.420000076293945,12.779999732971191,11.856741905212402,54086900
2025-03-06,ABEV3,12.770000457763672,13.039999961853027,12.699999809265137,12.850000381469727,11.921687126159668,40524500
2025-03-07,ABEV3,12.779999732971191,13.119999885559082,12.720000267028809,13.100000381469727,12.153626441955566,30190400
2025-03-10,ABEV3,13.0,13.260000228881836,12.979999542236328,13.119999885559082,12.17218017578125,27718600
2025-03-11,ABEV3,13.079999923706055,13.15999984741211,12.739999771118164,12.859999656677246,11.930963516235352,32659900
2025-03-12,ABEV3,12.899999618530273,13.109999656677246,12.869999885559082,13.029999732971191,12.088683128356934,38219900
2025-03-13,ABEV3,13.079999923706055,13.329999923706055,12.9399995803833,13.329999923706055,12.367010116577148,35316500
2025-03-14,ABEV3,13.380000114440918,13.640000343322754,13.380000114440918,13.640000343322754,12.654614448547363,41772200
2025-03-17,ABEV3,13.4399995803833,13.6899995803833,13.40999984741211,13.569999694824219,12.70855712890625,49697100
2025-03-18,ABEV3,13.5,13.630000114440918,13.260000228881836,13.550000190734863,12.689826965332031,31311700
2025-03-19,ABEV3,13.550000190734863,13.770000457763672,13.489999771118164,13.680000305175781,12.811575889587402,35578000
2025-03-20,ABEV3,13.680000305175781,13.6899995803833,13.449999809265137,13.600000381469727,12.736654281616211,18669000
2025-03-21,ABEV3,13.630000114440918,13.75,13.579999923706055,13.729999542236328,12.858399391174316,28909800
2025-03-24,ABEV3,13.760000228881836,13.789999961853027,13.479999542236328,13.539999961853027,12.680462837219238,21122400
2025-03-25,ABEV3,13.489999771118164,13.65999984741211,13.359999656677246,13.600000381469727,12.736654281616211,20685600
2025-03-26,ABEV3,13.529999732971191,13.529999732971191,13.220000267028809,13.380000114440918,12.530618667602539,29019200
2025-03-27,ABEV3,13.399999618530273,13.479999542236328,13.319999694824219,13.460000038146973,12.605541229248047,20680800
2025-03-28,ABEV3,13.359999656677246,13.430000305175781,13.25,13.430000305175781,12.577445983886719,37767300
2025-03-31,ABEV3,13.319999694824219,13.720000267028809,13.3100004196167,13.5,12.643001556396484,41452600
2025-04-01,ABEV3,13.399999618530273,13.649999618530273,13.329999923706055,13.609999656677246,12.746018409729004,31317800
2025-04-02,ABEV3,13.600000381469727,13.6899995803833,13.449999809265137,13.670000076293945,12.802209854125977,35788800
2025-04-03,ABEV3,13.640000343322754,14.140000343322754,13.609999656677246,13.850000381469727,12.970783233642578,44926800
2025-04-04,ABEV3,13.729999542236328,13.899999618530273,13.5600004196167,13.710000038146973,12.83967113494873,59559600
2025-04-07,ABEV3,13.289999961853027,13.600000381469727,12.989999771118164,13.180000305175781,12.343316078186035,50069000
2025-04-08,ABEV3,13.15999984741211,13.479999542236328,13.149999618530273,13.239999771118164,12.399506568908691,39798300
2025-04-09,ABEV3,13.1899995803833,13.880000114440918,13.149999618530273,13.670000076293945,12.802209854125977,51912400
2025-04-10,ABEV3,13.670000076293945,13.739999771118164,13.520000457763672,13.600000381469727,12.736654281616211,21741000
2025-04-11,ABEV3,13.729999542236328,13.729999542236328,13.4399995803833,13.479999542236328,12.62427043914795,35635500
2025-04-14,ABEV3,13.649999618530273,13.739999771118164,13.529999732971191,13.680000305175781,12.811575889587402,23490300
2025-04-15,ABEV3,13.680000305175781,13.859999656677246,13.619999885559082,13.65999984741211,12.79284381866455,22758200
2025-04-16,ABEV3,13.59000015258789,14.079999923706055,13.569999694824219,13.890000343322754,13.008244514465332,60471500
2025-04-17,ABEV3,13.899999618530273,14.100000381469727,13.789999961853027,14.0,13.111260414123535,56058800
2025-04-22,ABEV3,13.850000381469727,14.199999809265137,13.739999771118164,14.020000457763672,13.12999153137207,28032800
2025-04-23,ABEV3,14.15999984741211,14.300000190734863,13.979999542236328,14.050000190734863,13.158086776733398,35704200
2025-04-24,ABEV3,14.079999923706055,14.1899995803833,13.979999542236328,14.149999618530273,13.251738548278809,38150200
2025-04-25,ABEV3,14.069999694824219,14.229999542236328,13.949999809265137,14.09000015258789,13.195548057556152,24152700
2025-04-28,ABEV3,14.109999656677246,14.34000015258789,14.050000190734863,14.300000190734863,13.392216682434082,28336600
2025-04-29,ABEV3,14.220000267028809,14.600000381469727,14.180000305175781,14.510000228881836,13.588885307312012,59612200
2025-04-30,ABEV3,14.449999809265137,14.760000228881836,14.4399995803833,14.569999694824219,13.645076751708984,46988000
2025-05-02,ABEV3,14.40999984741211,14.510000228881836,14.119999885559082,14.119999885559082,13.22364330291748,35468500
2025-05-05,ABEV3,14.119999885559082,14.25,14.029999732971191,14.0600004196167,13.167452812194824,29153300
2025-05-06,ABEV3,14.0,14.25,14.0,14.210000038146973,13.307929992675781,21775000
2025-05-07,ABEV3,14.3100004196167,14.34000015258789,14.0600004196167,14.270000457763672,13.364121437072754,23409200
2025-05-08,ABEV3,14.770000457763672,15.029999732971191,14.289999961853027,14.369999885559082,13.457773208618164,45418600
2025-05-09,ABEV3,14.289999961853027,14.40999984741211,14.199999809265137,14.279999732971191,13.373486518859863,23513400
2025-05-12,ABEV3,14.260000228881836,14.329999923706055,14.079999923706055,14.289999961853027,13.382851600646973,19557500
2025-05-13,ABEV3,14.350000381469727,14.380000114440918,14.130000114440918,14.25,13.345389366149902,20625000
2025-05-14,ABEV3,14.1899995803833,14.430000305175781,14.1899995803833,14.229999542236328,13.32666015625,37228600
2025-05-15,ABEV3,14.229999542236328,14.4399995803833,14.199999809265137,14.40999984741211,13.495232582092285,19063200
2025-05-16,ABEV3,14.270000457763672,14.399999618530273,14.199999809265137,14.390000343322754,13.597284317016602,26057600
2025-05-19,ABEV3,14.369999885559082,14.529999732971191,14.319999694824219,14.319999694824219,13.531140327453613,14202200
2025-05-20,ABEV3,14.319999694824219,14.369999885559082,14.220000267028809,14.289999961853027,13.502792358398438,17554600
2025-05-21,ABEV3,14.170000076293945,14.329999923706055,14.029999732971191,14.15999984741211,13.379953384399414,16478300
2025-05-22,ABEV3,14.15999984741211,14.270000457763672,14.100000381469727,14.100000381469727,13.323259353637695,18062800
2025-05-23,ABEV3,14.0,14.300000190734863,13.970000267028809,14.239999771118164,13.455546379089355,16090900
2025-05-26,ABEV3,14.25,14.279999732971191,14.100000381469727,14.260000228881836,13.474445343017578,6439900
2025-05-27,ABEV3,14.460000038146973,14.460000038146973,14.170000076293945,14.199999809265137,13.417750358581543,15568200
2025-05-28,ABEV3,14.210000038146973,14.220000267028809,14.09000015258789,14.100000381469727,13.323259353637695,12853200
2025-05-29,ABEV3,14.039999961853027,14.170000076293945,14.010000228881836,14.0600004196167,13.285463333129883,12528800
2025-05-30,ABEV3,14.119999885559082,14.119999885559082,13.899999618530273,14.029999732971191,13.257115364074707,38207300
2025-06-02,ABEV3,14.039999961853027,14.09000015258789,13.829999923706055,13.90999984741211,13.143725395202637,15049400
2025-06-03,ABEV3,13.90999984741211,14.079999923706055,13.829999923706055,14.010000228881836,13.2382173538208,18971700
2025-06-04,ABEV3,14.09000015258789,14.260000228881836,14.010000228881836,14.079999923706055,13.304360389709473,19154800
2025-06-05,ABEV3,14.100000381469727,14.109999656677246,13.829999923706055,13.869999885559082,13.105929374694824,20132900
2025-06-06,ABEV3,13.970000267028809,14.100000381469727,13.819999694824219,14.079999923706055,13.304360389709473,26987600
2025-06-09,ABEV3,13.989999771118164,14.0600004196167,13.8100004196167,13.960000038146973,13.190971374511719,17173900
2025-06-10,ABEV3,14.069999694824219,14.100000381469727,13.729999542236328,13.800000190734863,13.039786338806152,23640900
2025-06-11,ABEV3,13.729999542236328,13.920000076293945,13.630000114440918,13.90999984741211,13.143725395202637,22849900
2025-06-12,ABEV3,13.75,13.890000343322754,13.739999771118164,13.800000190734863,13.039786338806152,14788400
2025-06-13,ABEV3,13.680000305175781,13.789999961853027,13.579999923706055,13.640000343322754,12.888599395751953,28248400
2025-06-16,ABEV3,13.65999984741211,13.850000381469727,13.59000015258789,13.680000305175781,12.926396369934082,27978300
2025-06-17,ABEV3,13.729999542236328,13.75,13.399999618530273,13.470000267028809,12.727964401245117,32452200
2025-06-18,ABEV3,13.380000114440918,13.550000190734863,13.350000381469727,13.489999771118164,12.746862411499023,37567000
2025-06-20,ABEV3,13.40999984741211,13.550000190734863,13.369999885559082,13.529999732971191,12.784659385681152,39451400
2025-06-23,ABEV3,13.5,13.649999618530273,13.470000267028809,13.5600004196167,12.813006401062012,27562100
2025-06-24,ABEV3,13.579999923706055,13.649999618530273,13.430000305175781,13.510000228881836,12.765761375427246,26798300
2025-06-25,ABEV3,13.399999618530273,13.470000267028809,13.100000381469727,13.149999618530273,12.425592422485352,50901200
2025-06-26,ABEV3,13.199999809265137,13.369999885559082,13.119999885559082,13.319999694824219,12.586227416992188,36177200
2025-06-27,ABEV3,13.220000267028809,13.220000267028809,13.010000228881836,13.149999618530273,12.425592422485352,27309500
2025-06-30,ABEV3,13.09000015258789,13.34000015258789,13.039999961853027,13.319999694824219,12.586227416992188,34532500
2025-07-01,ABEV3,13.359999656677246,13.40999984741211,13.170000076293945,13.380000114440918,12.642922401428223,21493700
2025-07-02,ABEV3,13.489999771118164,13.779999732971191,13.359999656677246,13.649999618530273,12.898048400878906,47073600
2025-07-03,ABEV3,13.670000076293945,13.729999542236328,13.479999542236328,13.479999542236328,12.73741340637207,15694900
2025-07-04,ABEV3,13.40999984741211,13.630000114440918,13.399999618530273,13.520000457763672,12.7752103805542,6452500
2025-07-07,ABEV3,13.510000228881836,13.539999961853027,13.300000190734863,13.399999618530273,12.661820411682129,23165300
2025-07-08,ABEV3,13.420000076293945,13.489999771118164,13.270000457763672,13.380000114440918,12.642922401428223,32803300
2025-07-09,ABEV3,13.449999809265137,13.449999809265137,13.229999542236328,13.3100004196167,12.57677936553955,31299800
2025-07-10,ABEV3,13.220000267028809,13.380000114440918,13.149999618530273,13.229999542236328,12.501185417175293,26865400
2025-07-11,ABEV3,13.1899995803833,13.380000114440918,13.079999923706055,13.329999923706055,12.59567642211914,40755100
2025-07-14,ABEV3,13.260000228881836,13.569999694824219,13.260000228881836,13.289999961853027,12.557881355285645,36420400
2025-07-15,ABEV3,13.369999885559082,13.520000457763672,13.229999542236328,13.270000457763672,12.538983345031738,27675300
2025-07-16,ABEV3,13.380000114440918,13.729999542236328,13.3100004196167,13.680000305175781,12.926396369934082,48903600
2025-07-17,ABEV3,13.670000076293945,13.6899995803833,13.4399995803833,13.460000038146973,12.71851634979248,19213600
2025-07-18,ABEV3,13.329999923706055,13.489999771118164,13.289999961853027,13.319999694824219,12.586227416992188,23902900
2025-07-21,ABEV3,13.350000381469727,13.449999809265137,13.260000228881836,13.420000076293945,12.680719375610352,21355000
2025-07-22,ABEV3,13.430000305175781,13.529999732971191,13.399999618530273,13.399999618530273,12.661820411682129,22285900
2025-07-23,ABEV3,13.40999984741211,13.65999984741211,13.399999618530273,13.59000015258789,12.841354370117188,15345700
2025-07-24,ABEV3,13.539999961853027,13.59000015258789,13.40999984741211,13.5,12.756312370300293,8292700
2025-07-25,ABEV3,13.579999923706055,13.600000381469727,13.449999809265137,13.470000267028809,12.727964401245117,15436100
2025-07-28,ABEV3,13.470000267028809,13.489999771118164,13.029999732971191,13.0600004196167,12.340551376342773,56671100
2025-07-29,ABEV3,13.149999618530273,13.229999542236328,13.020000457763672,13.1899995803833,12.46338939666748,20942500
2025-07-30,ABEV3,13.199999809265137,13.390000343322754,13.079999923706055,13.149999618530273,12.425592422485352,25805400
2025-07-31,ABEV3,12.329999923706055,12.609999656677246,12.199999809265137,12.460000038146973,11.773603439331055,116074600
2025-08-01,ABEV3,12.550000190734863,12.680000305175781,12.220000267028809,12.289999961853027,11.612968444824219,34261300
2025-08-04,ABEV3,12.390000343322754,12.569999694824219,12.34000015258789,12.40999984741211,11.726358413696289,16396200
2025-08-05,ABEV3,12.470000267028809,12.510000228881836,12.3100004196167,12.359999656677246,11.67911148071289,33909800
2025-08-06,ABEV3,12.5,12.569999694824219,12.380000114440918,12.479999542236328,11.792501449584961,43866000
2025-08-07,ABEV3,12.510000228881836,12.649999618530273,12.399999618530273,12.539999961853027,11.849196434020996,34814900
2025-08-08,ABEV3,12.550000190734863,12.569999694824219,12.3100004196167,12.369999885559082,11.68856143951416,24174500
2025-08-11,ABEV3,12.369999885559082,12.4399995803833,12.25,12.3100004196167,11.631867408752441,50587800
2025-08-12,ABEV3,12.380000114440918,12.4399995803833,12.229999542236328,12.229999542236328,11.556273460388184,21327300
2025-08-13,ABEV3,12.229999542236328,12.229999542236328,11.949999809265137,12.119999885559082,11.452333450317383,42653700
2025-08-14,ABEV3,12.0,12.140000343322754,11.970000267028809,12.020000457763672,11.357842445373535,21777500
2025-08-15,ABEV3,12.0,12.109999656677246,11.960000038146973,12.039999961853027,11.376740455627441,22229200
2025-08-18,ABEV3,12.039999961853027,12.210000038146973,11.979999542236328,12.069999694824219,11.4050874710083,18813900
2025-08-19,ABEV3,12.039999961853027,12.09000015258789,11.949999809265137,12.069999694824219,11.4050874710083,29267000
2025-08-20,ABEV3,12.050000190734863,12.149999618530273,11.90999984741211,12.100000381469727,11.433435440063477,21759200
2025-08-21,ABEV3,12.039999961853027,12.119999885559082,12.020000457763672,12.0600004196167,11.395639419555664,17547700
2025-08-22,ABEV3,12.130000114440918,12.3100004196167,12.09000015258789,12.210000038146973,11.537375450134277,16592500
2025-08-25,ABEV3,12.25,12.260000228881836,12.119999885559082,12.119999885559082,11.452333450317383,10382300
2025-08-26,ABEV3,12.119999885559082,12.1899995803833,12.100000381469727,12.180000305175781,11.509028434753418,27024300
2025-08-27,ABEV3,12.149999618530273,12.220000267028809,12.09000015258789,12.149999618530273,11.480680465698242,23328100
2025-08-28,ABEV3,12.239999771118164,12.319999694824219,12.170000076293945,12.25,11.575172424316406,25303600
2025-08-29,ABEV3,12.260000228881836,12.510000228881836,12.260000228881836,12.350000381469727,11.669663429260254,22696900
2025-09-01,ABEV3,12.380000114440918,12.430000305175781,12.260000228881836,12.300000190734863,11.622417449951172,8227400
2025-09-02,ABEV3,12.229999542236328,12.329999923706055,12.140000343322754,12.15999984741211,11.490130424499512,18419800
2025-09-03,ABEV3,11.899999618530273,11.960000038146973,11.75,11.899999618530273,11.244452476501465,57777400
2025-09-04,ABEV3,11.90999984741211,12.180000305175781,11.90999984741211,12.15999984741211,11.490130424499512,25257600
2025-09-05,ABEV3,12.199999809265137,12.380000114440918,12.180000305175781,12.25,11.575172424316406,17025900
2025-09-08,ABEV3,12.229999542236328,12.289999961853027,12.020000457763672,12.140000343322754,11.471232414245605,43983300
2025-09-09,ABEV3,12.109999656677246,12.369999885559082,12.109999656677246,12.329999923706055,11.650765419006348,47583700
2025-09-10,ABEV3,12.260000228881836,12.5,12.25,12.359999656677246,11.67911148071289,40403300
2025-09-11,ABEV3,12.479999542236328,12.569999694824219,12.40999984741211,12.520000457763672,11.83029842376709,28340200
2025-09-12,ABEV3,12.430000305175781,12.600000381469727,12.430000305175781,12.579999923706055,11.886993408203125,24015800
2025-09-15,ABEV3,12.579999923706055,12.699999809265137,12.550000190734863,12.630000114440918,11.93423843383789,37293700
2025-09-16,ABEV3,12.699999809265137,12.779999732971191,12.65999984741211,12.710000038146973,12.009831428527832,40985200
2025-09-17,ABEV3,12.6899995803833,12.880000114440918,12.649999618530273,12.789999961853027,12.085424423217773,26865600
2025-09-18,ABEV3,12.8100004196167,12.8100004196167,12.420000076293945,12.520000457763672,11.83029842376709,59380000
2025-09-19,ABEV3,12.550000190734863,12.609999656677246,12.380000114440918,12.550000190734863,11.85864543914795,35447400
2025-09-22,ABEV3,12.40999984741211,12.510000228881836,12.359999656677246,12.359999656677246,11.67911148071289,14169100
2025-09-23,ABEV3,12.359999656677246,12.5600004196167,12.34000015258789,12.460000038146973,11.773603439331055,14643300
2025-09-24,ABEV3,12.460000038146973,12.550000190734863,12.350000381469727,12.380000114440918,11.698010444641113,18134100
2025-09-25,ABEV3,12.390000343322754,12.619999885559082,12.319999694824219,12.460000038146973,11.773603439331055,25988200
2025-09-26,ABEV3,12.529999732971191,12.550000190734863,12.390000343322754,12.460000038146973,11.773603439331055,12757700
2025-09-29,ABEV3,12.600000381469727,12.600000381469727,12.380000114440918,12.40999984741211,11.726358413696289,21050900
2025-09-30,ABEV3,12.229999542236328,12.420000076293945,12.039999961853027,12.09000015258789,11.423985481262207,52485900
2025-10-01,ABEV3,12.1899995803833,12.1899995803833,11.880000114440918,11.989999771118164,11.329495429992676,28764000
2025-10-02,ABEV3,12.029999732971191,12.149999618530273,11.859999656677246,11.930000305175781,11.27280044555664,25828200
2025-10-03,ABEV3,11.829999923706055,11.949999809265137,11.75,11.869999885559082,11.216105461120605,21785000
2025-10-06,ABEV3,11.880000114440918,12.0,11.779999732971191,11.850000381469727,11.1972074508667,14804500
2025-10-07,ABEV3,11.789999961853027,11.859999656677246,11.710000038146973,11.710000038146973,11.064919471740723,18071700
2025-10-08,ABEV3,11.760000228881836,11.90999984741211,11.710000038146973,11.880000114440918,11.225554466247559,14723700
2025-10-09,ABEV3,11.930000305175781,11.970000267028809,11.680000305175781,11.720000267028809,11.074369430541992,28928400
2025-10-10,ABEV3,11.779999732971191,11.869999885559082,11.739999771118164,11.8100004196167,11.159411430358887,21477200
2025-10-13,ABEV3,11.829999923706055,11.930000305175781,11.779999732971191,11.859999656677246,11.206655502319336,11694900
2025-10-14,ABEV3,11.800000190734863,12.100000381469727,11.75,12.050000190734863,11.386189460754395,29046500
2025-10-15,ABEV3,11.989999771118164,12.100000381469727,11.90999984741211,11.989999771118164,11.329495429992676,28407100
2025-10-16,ABEV3,11.989999771118164,12.239999771118164,11.920000076293945,12.149999618530273,11.480680465698242,26420200
2025-10-17,ABEV3,12.130000114440918,12.399999618530273,12.100000381469727,12.369999885559082,11.68856143951416,23480500
2025-10-20,ABEV3,12.329999923706055,12.449999809265137,12.289999961853027,12.359999656677246,11.67911148071289,18260900
2025-10-21,ABEV3,12.319999694824219,12.350000381469727,12.149999618530273,12.220000267028809,11.546825408935547,26607400
2025-10-22,ABEV3,12.25,12.270000457763672,12.0600004196167,12.069999694824219,11.4050874710083,29517800
2025-10-23,ABEV3,12.100000381469727,12.180000305175781,12.029999732971191,12.119999885559082,11.452333450317383,25355600
2025-10-24,ABEV3,12.180000305175781,12.260000228881836,12.050000190734863,12.109999656677246,11.442883491516113,21686700
2025-10-27,ABEV3,12.220000267028809,12.390000343322754,12.100000381469727,12.149999618530273,11.480680465698242,40310400
2025-10-28,ABEV3,12.130000114440918,12.149999618530273,12.0,12.029999732971191,11.367291450500488,29170400
2025-10-29,ABEV3,12.0600004196167,12.140000343322754,11.979999542236328,12.029999732971191,11.367291450500488,38485900
2025-10-30,ABEV3,12.5,12.65999984741211,12.350000381469727,12.59000015258789,11.896442413330078,91617100
2025-10-31,ABEV3,12.510000228881836,12.920000076293945,12.510000228881836,12.710000038146973,12.009831428527832,32112500
2025-11-03,ABEV3,12.890000343322754,12.9399995803833,12.729999542236328,12.90999984741211,12.198813438415527,28265800
2025-11-04,ABEV3,12.890000343322754,13.15999984741211,12.829999923706055,13.15999984741211,12.435041427612305,27058100
2025-11-05,ABEV3,13.15999984741211,13.289999961853027,13.109999656677246,13.180000305175781,12.453940391540527,21385300
2025-11-06,ABEV3,13.239999771118164,13.239999771118164,13.079999923706055,13.079999923706055,12.35944938659668,15494600
2025-11-07,ABEV3,13.079999923706055,13.289999961853027,13.050000190734863,13.119999885559082,12.397244453430176,30240300
2025-11-10,ABEV3,13.25,13.260000228881836,13.09000015258789,13.180000305175781,12.453940391540527,25239700
2025-11-11,ABEV3,13.289999961853027,13.649999618530273,13.239999771118164,13.59000015258789,12.841354370117188,36404100
2025-11-12,ABEV3,13.59000015258789,13.65999984741211,13.550000190734863,13.619999885559082,12.869701385498047,32756700
2025-11-13,ABEV3,13.640000343322754,13.75,13.510000228881836,13.630000114440918,12.879151344299316,23794500
2025-11-14,ABEV3,13.680000305175781,13.84000015258789,13.649999618530273,13.6899995803833,12.935845375061035,15539900
2025-11-17,ABEV3,13.640000343322754,13.829999923706055,13.630000114440918,13.760000228881836,13.001989364624023,33654100
2025-11-18,ABEV3,13.6899995803833,13.899999618530273,13.670000076293945,13.739999771118164,12.9830904006958,46389400
2025-11-19,ABEV3,13.739999771118164,13.859999656677246,13.40999984741211,13.40999984741211,12.671269416809082,101108300
2025-11-21,ABEV3,13.539999961853027,13.710000038146973,13.359999656677246,13.619999885559082,12.869701385498047,35463400
2025-11-24,ABEV3,13.579999923706055,13.869999885559082,13.5600004196167,13.770000457763672,13.011438369750977,43126600
2025-11-25,ABEV3,13.800000190734863,13.920000076293945,13.619999885559082,13.739999771118164,12.9830904006958,20205700
2025-11-26,ABEV3,13.800000190734863,13.8100004196167,13.579999923706055,13.670000076293945,12.916947364807129,33961700
2025-11-27,ABEV3,13.699999809265137,13.770000457763672,13.649999618530273,13.720000267028809,12.964193344116211,8093600
2025-11-28,ABEV3,13.699999809265137,13.960000038146973,13.65999984741211,13.859999656677246,13.096480369567871,23319400
2025-12-01,ABEV3,13.84000015258789,14.020000457763672,13.800000190734863,14.010000228881836,13.2382173538208,15984500
2025-12-02,ABEV3,14.010000228881836,14.350000381469727,13.850000381469727,14.0,13.228767395019531,36109000
2025-12-03,ABEV3,14.0600004196167,14.149999618530273,13.970000267028809,14.149999618530273,13.370505332946777,15674100
2025-12-04,ABEV3,14.180000305175781,14.210000038146973,13.850000381469727,13.949999809265137,13.181522369384766,37988200
2025-12-05,ABEV3,13.970000267028809,14.109999656677246,13.59000015258789,13.609999656677246,12.860252380371094,61741400
2025-12-08,ABEV3,13.6899995803833,13.760000228881836,13.59000015258789,13.619999885559082,12.869701385498047,19119600
2025-12-09,ABEV3,13.510000228881836,13.739999771118164,13.460000038146973,13.640000343322754,12.888599395751953,38541700
2025-12-10,ABEV3,13.260000228881836,13.649999618530273,13.140000343322754,13.600000381469727,12.85080337524414,91743100
2025-12-11,ABEV3,13.529999732971191,13.84000015258789,13.420000076293945,13.779999732971191,13.02088737487793,22635200
2025-12-12,ABEV3,13.84000015258789,14.050000190734863,13.800000190734863,14.039999961853027,13.26656436920166,30262800
2025-12-15,ABEV3,14.039999961853027,14.350000381469727,14.029999732971191,14.279999732971191,13.493343353271484,22268400
2025-12-16,ABEV3,14.0600004196167,14.279999732971191,14.010000228881836,14.15999984741211,13.379953384399414,43020300
2025-12-17,ABEV3,13.989999771118164,14.130000114440918,13.899999618530273,14.020000457763672,13.247666358947754,28631200
2025-12-18,ABEV3,13.949999809265137,14.15999984741211,13.920000076293945,13.920000076293945,13.153175354003906,23928400
2025-12-19,ABEV3,13.180000305175781,13.319999694824219,13.140000343322754,13.279999732971191,13.243124961853027,30380100
2025-12-22,ABEV3,13.279999732971191,13.300000190734863,13.0,13.119999885559082,13.083568572998047,26993300
2025-12-23,ABEV3,13.170000076293945,13.569999694824219,13.140000343322754,13.470000267028809,13.432597160339355,45087200
2025-12-26,ABEV3,13.399999618530273,13.819999694824219,13.399999618530273,13.720000267028809,13.681903839111328,29118400
2025-12-29,ABEV3,13.680000305175781,13.869999885559082,13.539999961853027,13.869999885559082,13.831486701965332,20303700
2025-12-30,ABEV3,13.899999618530273,14.09000015258789,13.859999656677246,13.859999656677246,13.821514129638672,25304800
2026-01-02,ABEV3,13.880000114440918,14.020000457763672,13.5600004196167,13.649999618530273,13.612096786499023,24557600
2026-01-05,ABEV3,13.630000114440918,13.760000228881836,13.569999694824219,13.710000038146973,13.671931266784668,17543300
2026-01-06,ABEV3,13.800000190734863,13.850000381469727,13.630000114440918,13.699999809265137,13.661958694458008,28548900
2026-01-07,ABEV3,13.649999618530273,13.720000267028809,13.600000381469727,13.699999809265137,13.661958694458008,28605400
2026-01-08,ABEV3,13.680000305175781,13.800000190734863,13.34000015258789,13.640000343322754,13.60212516784668,31130800
2026-01-09,ABEV3,13.619999885559082,13.960000038146973,13.609999656677246,13.899999618530273,13.86140251159668,17408500
2026-01-12,ABEV3,13.8100004196167,14.039999961853027,13.770000457763672,13.899999618530273,13.86140251159668,14562800
2026-01-13,ABEV3,13.859999656677246,14.100000381469727,13.770000457763672,13.90999984741211,13.87137508392334,33777500
2026-01-14,ABEV3,13.930000305175781,14.239999771118164,13.930000305175781,14.199999809265137,14.16057014465332,22198700
2026-01-15,ABEV3,14.279999732971191,14.279999732971191,14.0,14.039999961853027,14.001014709472656,21374400
2026-01-16,ABEV3,14.100000381469727,14.140000343322754,14.0,14.100000381469727,14.060848236083984,31536400
2026-01-19,ABEV3,14.0600004196167,14.170000076293945,13.979999542236328,14.09000015258789,14.050875663757324,8040400
2026-01-20,ABEV3,14.079999923706055,14.210000038146973,14.0,14.069999694824219,14.030930519104004,20664800
2026-01-21,ABEV3,14.25,14.34000015258789,14.09000015258789,14.3100004196167,14.270265579223633,35138900
2026-01-22,ABEV3,14.359999656677246,14.800000190734863,14.319999694824219,14.59000015258789,14.549487113952637,47662500
2026-01-23,ABEV3,14.680000305175781,15.109999656677246,14.539999961853027,14.899999618530273,14.858626365661621,53554400
2026-01-26,ABEV3,14.970000267028809,15.140000343322754,14.729999542236328,15.050000190734863,15.008210182189941,22156500
2026-01-27,ABEV3,15.229999542236328,15.25,14.869999885559082,14.869999885559082,14.828709602355957,24248800
2026-01-28,ABEV3,15.0,15.119999885559082,14.8100004196167,14.949999809265137,14.908487319946289,23714500
2026-01-29,ABEV3,15.010000228881836,15.0600004196167,14.600000381469727,14.760000228881836,14.719015121459961,33726800
2026-01-30,ABEV3,14.760000228881836,14.970000267028809,14.75,14.850000381469727,14.808765411376953,40087800
2026-02-02,ABEV3,14.979999542236328,15.180000305175781,14.84000015258789,15.0600004196167,15.018182754516602,19323000
2026-02-03,ABEV3,15.140000343322754,15.390000343322754,15.079999923706055,15.380000114440918,15.33729362487793,32249800
2026-02-04,ABEV3,15.279999732971191,15.430000305175781,15.210000038146973,15.300000190734863,15.257515907287598,27049700
2026-02-05,ABEV3,15.399999618530273,15.520000457763672,15.180000305175781,15.479999542236328,15.437015533447266,26311400
2026-02-06,ABEV3,15.520000457763672,15.569999694824219,15.329999923706055,15.420000076293945,15.377182960510254,23511000
2026-02-09,ABEV3,15.460000038146973,15.5,15.15999984741211,15.390000343322754,15.34726619720459,22980900
2026-02-10,ABEV3,15.34000015258789,15.789999961853027,15.300000190734863,15.65999984741211,15.61651611328125,35103300
2026-02-11,ABEV3,15.770000457763672,15.949999809265137,15.630000114440918,15.770000457763672,15.726211547851562,26720300
2026-02-12,ABEV3,15.90999984741211,16.770000457763672,15.899999618530273,16.520000457763672,16.47412872314453,55037900
2026-02-13,ABEV3,16.1200008392334,16.40999984741211,16.100000381469727,16.350000381469727,16.30459976196289,23238400
2026-02-18,ABEV3,16.309999465942383,16.489999771118164,16.010000228881836,16.1299991607666,16.0852108001709,29705300
2026-02-19,ABEV3,16.190000534057617,16.280000686645508,16.049999237060547,16.170000076293945,16.12510108947754,23244500
2026-02-20,ABEV3,16.059999465942383,16.100000381469727,15.710000038146973,16.030000686645508,15.985489845275879,33875800
2026-02-23,ABEV3,15.930000305175781,16.329999923706055,15.819999694824219,16.190000534057617,16.145044326782227,29917200
2026-02-24,ABEV3,16.229999542236328,16.579999923706055,16.229999542236328,16.579999923706055,16.53396224975586,31221100
2026-02-25,ABEV3,16.610000610351562,16.639999389648438,16.260000228881836,16.3799991607666,16.334516525268555,29966400
2026-02-26,ABEV3,16.420000076293945,16.600000381469727,16.360000610351562,16.40999984741211,16.36443328857422,18040900
2026-02-27,ABEV3,16.31999969482422,16.520000457763672,16.25,16.270000457763672,16.224822998046875,34463800
2026-03-02,ABEV3,15.970000267028809,16.200000762939453,15.869999885559082,15.90999984741211,15.865821838378906,18638600
2026-03-03,ABEV3,15.350000381469727,15.579999923706055,15.149999618530273,15.569999694824219,15.526765823364258,40085300
2026-03-04,ABEV3,15.699999809265137,15.84000015258789,15.399999618530273,15.600000381469727,15.556683540344238,26249500
2026-03-05,ABEV3,15.489999771118164,15.5600004196167,15.260000228881836,15.289999961853027,15.247543334960938,26954000
2026-03-06,ABEV3,15.300000190734863,15.34000015258789,14.960000038146973,15.229999542236328,15.18770980834961,17914800
2026-03-09,ABEV3,15.199999809265137,15.5600004196167,15.130000114440918,15.40999984741211,15.367210388183594,21901300
2026-03-10,ABEV3,15.430000305175781,15.720000267028809,15.390000343322754,15.449999809265137,15.407098770141602,20894000
2026-03-11,ABEV3,15.3100004196167,15.550000190734863,15.199999809265137,15.430000305175781,15.387155532836914,19594000
2026-03-12,ABEV3,15.220000267028809,15.25,14.869999885559082,14.949999809265137,14.908487319946289,37546800
2026-03-13,ABEV3,14.869999885559082,15.229999542236328,14.869999885559082,15.0,14.958349227905273,25418200
2026-03-16,ABEV3,15.199999809265137,15.319999694824219,15.100000381469727,15.100000381469727,15.05807113647461,28906400
2026-03-17,ABEV3,15.149999618530273,15.1899995803833,14.949999809265137,15.020000457763672,14.978293418884277,27499600
2026-03-18,ABEV3,14.949999809265137,15.0600004196167,14.739999771118164,14.739999771118164,14.699070930480957,20403700
2026-03-19,ABEV3,14.520000457763672,14.770000457763672,14.4399995803833,14.770000457763672,14.728987693786621,30848100
2026-03-20,ABEV3,14.6899995803833,14.75,14.329999923706055,14.470000267028809,14.429821014404297,65705300
2026-03-23,ABEV3,14.680000305175781,14.829999923706055,14.529999732971191,14.65999984741211,14.619293212890625,23231600
2026-03-24,ABEV3,14.65999984741211,14.760000228881836,14.5,14.699999809265137,14.659181594848633,13573700
2026-03-25,ABEV3,14.890000343322754,15.119999885559082,14.789999961853027,15.010000228881836,14.968321800231934,25296600
2026-03-26,ABEV3,14.880000114440918,15.050000190734863,14.8100004196167,14.829999923706055,14.78882122039795,13324100
2026-03-27,ABEV3,14.789999961853027,15.0,14.739999771118164,14.760000228881836,14.719015121459961,17884700
2026-03-30,ABEV3,14.850000381469727,14.920000076293945,14.729999542236328,14.84000015258789,14.798792839050293,18158200
2026-03-31,ABEV3,15.0,15.260000228881836,14.9399995803833,15.25,15.20765495300293,36180800
2026-04-01,ABEV3,15.270000457763672,15.479999542236328,15.180000305175781,15.359999656677246,15.31734848022461,23927000
2026-04-02,ABEV3,15.149999618530273,15.40999984741211,15.100000381469727,15.279999732971191,15.237570762634277,25947900
2026-04-06,ABEV3,15.300000190734863,15.5600004196167,15.300000190734863,15.449999809265137,15.407098770141602,14919000
2026-04-07,ABEV3,15.369999885559082,15.479999542236328,15.220000267028809,15.479999542236328,15.437015533447266,18339600
2026-04-08,ABEV3,15.960000038146973,16.030000686645508,15.649999618530273,15.859999656677246,15.815960884094238,34907800
2026-04-09,ABEV3,15.989999771118164,16.25,15.850000381469727,16.059999465942383,16.015405654907227,33451600
2026-04-10,ABEV3,16.299999237060547,16.34000015258789,16.040000915527344,16.1200008392334,16.075239181518555,23124300
2026-04-13,ABEV3,16.1200008392334,16.190000534057617,15.850000381469727,15.930000305175781,15.885766983032227,23073100
2026-04-14,ABEV3,15.970000267028809,16.020000457763672,15.829999923706055,15.890000343322754,15.845877647399902,22292800
2026-04-15,ABEV3,15.84000015258789,15.9399995803833,15.739999771118164,15.829999923706055,15.786044120788574,24739300
2026-04-16,ABEV3,15.399999618530273,15.579999923706055,15.300000190734863,15.430000305175781,15.387155532836914,49811600
2026-04-17,ABEV3,15.640000343322754,15.770000457763672,15.3100004196167,15.329999923706055,15.287432670593262,36665400
2026-04-20,ABEV3,15.34000015258789,15.470000267028809,15.279999732971191,15.3100004196167,15.267488479614258,14954700
2026-04-22,ABEV3,15.319999694824219,15.40999984741211,15.0,15.0,14.958349227905273,26157200
2026-04-23,ABEV3,15.0,15.0,14.739999771118164,14.739999771118164,14.699070930480957,25435000
2026-04-24,ABEV3,14.720000267028809,14.729999542236328,14.460000038146973,14.5,14.459736824035645,24151800
2026-04-27,ABEV3,14.619999885559082,14.710000038146973,14.5,14.539999961853027,14.499626159667969,18935100
2026-04-28,ABEV3,14.40999984741211,14.630000114440918,14.399999618530273,14.579999923706055,14.539515495300293,15614300
2026-04-29,ABEV3,14.510000228881836,14.5600004196167,14.319999694824219,14.329999923706055,14.29020881652832,18123700
2026-04-30,ABEV3,14.359999656677246,14.640000343322754,14.359999656677246,14.510000228881836,14.469709396362305,26546800
2026-05-04,ABEV3,14.569999694824219,14.619999885559082,14.430000305175781,14.4399995803833,14.399903297424316,21318400
2026-05-05,ABEV3,15.5600004196167,16.84000015258789,15.5600004196167,16.649999618530273,16.60376739501953,109952300
2026-05-06,ABEV3,16.65999984741211,17.010000228881836,16.579999923706055,16.950000762939453,16.902935028076172,31822900
2026-05-07,ABEV3,16.860000610351562,17.040000915527344,16.31999969482422,16.40999984741211,16.36443328857422,30952400
2026-05-08,ABEV3,16.489999771118164,16.549999237060547,16.18000030517578,16.31999969482422,16.274682998657227,41784100
2026-05-11,ABEV3,16.200000762939453,16.5,16.170000076293945,16.25,16.204877853393555,19740000
2026-05-12,ABEV3,16.209999084472656,16.31999969482422,16.100000381469727,16.1299991607666,16.0852108001709,19751300
2026-05-13,ABEV3,16.15999984741211,16.299999237060547,15.850000381469727,15.90999984741211,15.865821838378906,28456100
2026-05-14,ABEV3,15.960000038146973,16.100000381469727,15.75,15.770000457763672,15.726211547851562,22570000
2026-05-15,ABEV3,15.670000076293945,15.890000343322754,15.5,15.6899995803833,15.646432876586914,31009700
2026-05-18,ABEV3,15.720000267028809,15.850000381469727,15.609999656677246,15.8100004196167,15.76609992980957,20757200
2026-05-19,ABEV3,15.649999618530273,15.90999984741211,15.529999732971191,15.8100004196167,15.76609992980957,25814600
2026-05-20,ABEV3,15.90999984741211,16.309999465942383,15.869999885559082,16.219999313354492,16.17496109008789,24281300
2026-05-21,ABEV3,16.110000610351562,16.549999237060547,16.079999923706055,16.399999618530273,16.354461669921875,20774700
2026-05-22,ABEV3,16.200000762939453,16.299999237060547,16.09000015258789,16.100000381469727,16.055294036865234,24010300
2026-05-25,ABEV3,16.200000762939453,16.40999984741211,16.15999984741211,16.399999618530273,16.354461669921875,14643100
2026-05-26,ABEV3,16.899999618530273,16.920000076293945,16.389999389648438,16.59000015258789,16.543933868408203,35881800
2026-05-27,ABEV3,16.790000915527344,16.920000076293945,16.56999969482422,16.610000610351562,16.563879013061523,37022600
2026-05-28,ABEV3,16.600000381469727,16.649999618530273,16.25,16.290000915527344,16.244768142700195,24813300
2026-05-29,ABEV3,16.290000915527344,16.459999084472656,16.020000457763672,16.31999969482422,16.274682998657227,86401700
2026-06-01,ABEV3,16.389999389648438,16.56999969482422,16.139999389648438,16.43000030517578,16.38437843322754,37464400
2026-06-02,ABEV3,16.489999771118164,16.6299991607666,16.420000076293945,16.450000762939453,16.40432357788086,15806800
2026-06-03,ABEV3,16.219999313354492,16.31999969482422,16.049999237060547,16.06999969482422,16.02537727355957,24645900
2026-06-05,ABEV3,16.040000915527344,16.260000228881836,15.949999809265137,16.170000076293945,16.12510108947754,22964600
2026-06-08,ABEV3,16.110000610351562,16.229999542236328,15.949999809265137,16.079999923706055,16.035350799560547,18008000
2026-06-09,ABEV3,16.219999313354492,16.350000381469727,16.1299991607666,16.209999084472656,16.164987564086914,23741600
2026-06-10,ABEV3,16.1299991607666,16.280000686645508,16.1299991607666,16.280000686645508,16.23479461669922,23080500
2026-06-11,ABEV3,16.219999313354492,16.639999389648438,16.190000534057617,16.639999389648438,16.593793869018555,33555900
2026-06-12,ABEV3,16.5,16.770000457763672,16.440000534057617,16.610000610351562,16.563879013061523,14291900
2026-06-15,ABEV3,16.770000457763672,16.81999969482422,16.559999465942383,16.56999969482422,16.523988723754883,19463100
2026-06-16,ABEV3,16.479999542236328,16.559999465942383,16.350000381469727,16.440000534057617,16.394350051879883,13495700
2026-06-17,ABEV3,16.360000610351562,16.709999084472656,16.110000610351562,16.190000534057617,16.145044326782227,32858800
2026-06-18,ABEV3,16.1299991607666,16.34000015258789,16.100000381469727,16.219999313354492,16.17496109008789,41278300
2026-06-19,ABEV3,16.170000076293945,16.309999465942383,16.049999237060547,16.049999237060547,16.00543212890625,26925200
2026-06-22,ABEV3,16.15999984741211,16.3799991607666,16.06999969482422,16.170000076293945,16.12510108947754,22020700
2026-06-23,ABEV3,16.049999237060547,16.43000030517578,16.049999237060547,16.3700008392334,16.3700008392334,27581700
2026-06-24,ABEV3,16.290000915527344,16.520000457763672,16.25,16.3799991607666,16.3799991607666,22826200
2026-06-25,ABEV3,16.399999618530273,16.489999771118164,16.229999542236328,16.389999389648438,16.389999389648438,18193000
2026-06-26,ABEV3,16.43000030517578,16.760000228881836,16.3799991607666,16.729999542236328,16.729999542236328,21690800
2026-06-29,ABEV3,16.790000915527344,16.850000381469727,16.520000457763672,16.59000015258789,16.59000015258789,17657800
2026-06-30,ABEV3,16.459999084472656,16.5,16.239999771118164,16.290000915527344,16.290000915527344,22299700
2026-07-01,ABEV3,16.1299991607666,16.389999389648438,16.09000015258789,16.200000762939453,16.200000762939453,17744600
2026-07-02,ABEV3,16.3799991607666,16.479999542236328,16.219999313354492,16.299999237060547,16.299999237060547,17656700
2026-07-03,ABEV3,16.450000762939453,16.450000762939453,16.149999618530273,16.290000915527344,16.290000915527344,6915200
2026-07-06,ABEV3,16.09000015258789,16.100000381469727,15.6899995803833,15.880000114440918,15.880000114440918,32014900
2026-07-07,ABEV3,15.84000015258789,16.1200008392334,15.5600004196167,15.609999656677246,15.609999656677246,37381000
2026-07-08,ABEV3,15.529999732971191,15.739999771118164,15.520000457763672,15.619999885559082,15.619999885559082,24227600
2026-07-09,ABEV3,15.729999542236328,15.789999961853027,15.640000343322754,15.720000267028809,15.720000267028809,23964000
2026-07-10,ABEV3,15.949999809265137,15.989999771118164,15.720000267028809,15.819999694824219,15.819999694824219,34757600
2026-07-13,ABEV3,15.8100004196167,16.030000686645508,15.699999809265137,15.829999923706055,15.829999923706055,31167700
2026-07-14,ABEV3,15.9399995803833,16.0,15.779999732971191,15.8100004196167,15.8100004196167,17907700
2026-07-15,ABEV3,15.59000015258789,15.729999542236328,15.350000381469727,15.569999694824219,15.569999694824219,31466500
2026-07-16,ABEV3,15.489999771118164,15.710000038146973,15.460000038146973,15.600000381469727,15.600000381469727,20772600
2026-07-17,ABEV3,15.59000015258789,15.75,15.510000228881836,15.630000114440918,15.630000114440918,16137900
2026-07-20,ABEV3,15.649999618530273,15.829999923706055,15.579999923706055,15.789999961853027,15.789999961853027,24319600
2026-07-21,ABEV3,15.739999771118164,15.899999618530273,15.739999771118164,15.800000190734863,15.800000190734863,19628700
2026-07-22,ABEV3,15.850000381469727,16.139999389648438,15.739999771118164,16.1299991607666,16.1299991607666,28818200
2026-07-23,ABEV3,16.040000915527344,16.110000610351562,15.84000015258789,15.920000076293945,15.920000076293945,18873800
2026-07-24,ABEV3,15.789999961853027,15.899999618530273,15.609999656677246,15.640000343322754,15.640000343322754,15224800
2026-07-27,ABEV3,15.739999771118164,15.890000343322754,15.5600004196167,15.859999656677246,15.859999656677246,30052500
2026-07-28,ABEV3,16.200000762939453,16.3700008392334,16.010000228881836,16.100000381469727,16.100000381469727,37458000
2026-07-29,ABEV3,16.049999237060547,16.229999542236328,15.899999618530273,15.899999618530273,15.899999618530273,37839300
2026-07-30,ABEV3,15.220000267028809,15.960000038146973,15.119999885559082,15.960000038146973,15.960000038146973,70813600
2026-07-31,ABEV3,16.100000381469727,16.100000381469727,15.850000381469727,15.989999771118164,15.989999771118164,38243300
2026-08-03,ABEV3,16.06999969482422,16.1200008392334,15.729999542236328,15.770000457763672,15.770000457763672,34419100
2026-08-04,ABEV3,16.0,16.010000228881836,15.579999923706055,15.869999885559082,15.869999885559082,28395700
2026-08-05,ABEV3,15.960000038146973,15.960000038146973,15.779999732971191,15.84000015258789,15.84000015258789,35610400
2026-08-06,ABEV3,15.75,15.779999732971191,15.5600004196167,15.65999984741211,15.65999984741211,27603100
2026-08-07,ABEV3,15.649999618530273,15.680000305175781,15.449999809265137,15.479999542236328,15.479999542236328,23662500
2026-08-10,ABEV3,15.399999618530273,15.479999542236328,15.25,15.270000457763672,15.270000457763672,20681500
2026-08-11,ABEV3,15.210000038146973,15.300000190734863,14.930000305175781,15.010000228881836,15.010000228881836,33997000
2026-08-12,ABEV3,15.0,15.069999694824219,14.8100004196167,14.850000381469727,14.850000381469727,26999400
2026-08-13,ABEV3,14.789999961853027,15.0600004196167,14.789999961853027,14.920000076293945,14.920000076293945,21998800
2026-08-14,ABEV3,14.850000381469727,14.979999542236328,14.640000343322754,14.75,14.75,33534300
2026-08-17,ABEV3,14.739999771118164,14.880000114440918,14.59000015258789,14.670000076293945,14.670000076293945,34531700
2026-08-18,ABEV3,14.65999984741211,14.869999885559082,14.630000114440918,14.729999542236328,14.729999542236328,19528000
2026-08-19,ABEV3,14.859999656677246,15.09000015258789,14.680000305175781,14.779999732971191,14.779999732971191,23868700
2026-08-20,ABEV3,14.649999618530273,14.930000305175781,14.600000381469727,14.899999618530273,14.899999618530273,41094500
2026-08-21,ABEV3,14.960000038146973,15.039999961853027,14.869999885559082,15.0,15.0,19912500
2026-08-24,ABEV3,15.0,15.369999885559082,14.949999809265137,15.25,15.25,34068000
2026-08-25,ABEV3,15.300000190734863,15.3100004196167,15.010000228881836,15.3100004196167,15.3100004196167,17428900
2026-08-26,ABEV3,15.260000228881836,15.4399995803833,15.180000305175781,15.239999771118164,15.239999771118164,12976600
2026-08-27,ABEV3,15.15999984741211,15.1899995803833,14.979999542236328,15.119999885559082,15.119999885559082,23629700
2026-08-28,ABEV3,15.15999984741211,15.199999809265137,15.0,15.1899995803833,15.1899995803833,16656800
2026-08-31,ABEV3,15.300000190734863,15.3100004196167,15.029999732971191,15.029999732971191,15.029999732971191,50670600
2026-09-01,ABEV3,15.180000305175781,15.399999618530273,15.029999732971191,15.170000076293945,15.170000076293945,49321300
2026-09-02,ABEV3,15.3100004196167,15.680000305175781,15.170000076293945,15.600000381469727,15.600000381469727,45834800
2026-09-03,ABEV3,15.819999694824219,15.869999885559082,15.640000343322754,15.760000228881836,15.760000228881836,33952600
2026-09-04,ABEV3,15.760000228881836,15.880000114440918,15.619999885559082,15.739999771118164,15.739999771118164,27638900
2026-09-08,ABEV3,15.949999809265137,16.030000686645508,15.739999771118164,15.819999694824219,15.819999694824219,25579200
